account_id,person_id,account_type,bank_alias,opening_date,branch_location_id,ownership_confidence
ACCOUNT_00001,PERSON_1483,savings,SynthBank_Beta,2022-03-06 06:44:59,LOCATION_0299,0.96
ACCOUNT_00002,PERSON_0105,savings,SynthBank_Beta,2023-04-20 12:42:55,LOCATION_0161,0.87
ACCOUNT_00003,PERSON_1008,current,SynthBank_Alpha,2023-12-12 07:48:31,LOCATION_0007,0.93
ACCOUNT_00004,PERSON_1353,savings,SynthBank_Beta,2023-06-06 22:01:13,LOCATION_0099,0.93
ACCOUNT_00005,PERSON_1204,current,SynthBank_Gamma,2024-07-30 01:15:15,LOCATION_0175,0.81
ACCOUNT_00006,PERSON_1310,current,SynthBank_Beta,2023-02-26 00:13:50,LOCATION_0168,0.83
ACCOUNT_00007,PERSON_0163,savings,SynthBank_Alpha,2022-04-21 10:23:43,LOCATION_0007,0.85
ACCOUNT_00008,PERSON_1363,savings,SynthBank_Beta,2022-03-30 07:23:16,LOCATION_0219,0.86
ACCOUNT_00009,PERSON_1213,current,SynthBank_Omega,2023-07-31 17:07:30,LOCATION_0192,0.93
ACCOUNT_00010,PERSON_0147,current,SynthBank_Alpha,2026-03-08 15:46:21,LOCATION_0230,0.98
ACCOUNT_00011,PERSON_0266,current,SynthBank_Omega,2022-10-29 13:48:10,LOCATION_0101,0.81
ACCOUNT_00012,PERSON_0048,current,SynthBank_Omega,2022-04-08 16:50:36,LOCATION_0250,0.94
ACCOUNT_00013,PERSON_0938,savings,SynthBank_Delta,2024-09-20 07:50:47,LOCATION_0282,0.82
ACCOUNT_00014,PERSON_0146,current,SynthBank_Delta,2023-08-28 17:39:22,LOCATION_0179,0.86
ACCOUNT_00015,PERSON_0829,savings,SynthBank_Delta,2024-10-12 12:28:55,LOCATION_0266,0.77
ACCOUNT_00016,PERSON_1499,current,SynthBank_Gamma,2026-04-26 14:26:29,LOCATION_0020,0.93
ACCOUNT_00017,PERSON_1186,current,SynthBank_Gamma,2023-09-20 11:38:26,LOCATION_0042,0.8
ACCOUNT_00018,PERSON_0818,current,SynthBank_Beta,2025-07-31 02:28:50,LOCATION_0272,0.77
ACCOUNT_00019,PERSON_0796,current,SynthBank_Omega,2025-07-05 23:54:13,LOCATION_0152,0.76
ACCOUNT_00020,PERSON_1171,current,SynthBank_Beta,2022-03-07 13:16:55,LOCATION_0296,0.77
ACCOUNT_00021,PERSON_0650,current,SynthBank_Omega,2025-10-16 14:36:19,LOCATION_0081,0.85
ACCOUNT_00022,PERSON_1303,current,SynthBank_Gamma,2025-07-02 21:58:33,LOCATION_0042,0.97
ACCOUNT_00023,PERSON_1007,savings,SynthBank_Alpha,2023-10-15 12:57:05,LOCATION_0149,0.86
ACCOUNT_00024,PERSON_0784,current,SynthBank_Omega,2024-02-06 05:22:38,LOCATION_0037,0.92
ACCOUNT_00025,PERSON_0998,current,SynthBank_Omega,2023-12-27 21:22:30,LOCATION_0199,0.87
ACCOUNT_00026,PERSON_0969,current,SynthBank_Alpha,2024-11-08 15:29:17,LOCATION_0278,0.88
ACCOUNT_00027,PERSON_0486,savings,SynthBank_Beta,2022-04-18 14:38:10,LOCATION_0124,0.75
ACCOUNT_00028,PERSON_1352,savings,SynthBank_Alpha,2026-05-28 12:15:32,LOCATION_0135,0.88
ACCOUNT_00029,PERSON_1376,savings,SynthBank_Gamma,2022-03-01 13:54:27,LOCATION_0215,0.85
ACCOUNT_00030,PERSON_0977,savings,SynthBank_Delta,2024-07-04 13:46:40,LOCATION_0110,0.77
ACCOUNT_00031,PERSON_1242,current,SynthBank_Delta,2025-03-25 06:07:17,LOCATION_0042,0.84
ACCOUNT_00032,PERSON_1103,savings,SynthBank_Alpha,2026-05-18 07:49:04,LOCATION_0232,0.75
ACCOUNT_00033,PERSON_1226,current,SynthBank_Alpha,2022-05-22 06:43:09,LOCATION_0040,0.93
ACCOUNT_00034,PERSON_0022,current,SynthBank_Omega,2025-05-05 13:41:48,LOCATION_0243,0.97
ACCOUNT_00035,PERSON_0639,savings,SynthBank_Alpha,2024-07-28 20:09:42,LOCATION_0250,0.8
ACCOUNT_00036,PERSON_0779,current,SynthBank_Omega,2025-04-08 11:07:06,LOCATION_0202,0.9
ACCOUNT_00037,PERSON_1468,current,SynthBank_Alpha,2023-12-03 22:39:10,LOCATION_0063,0.78
ACCOUNT_00038,PERSON_1203,savings,SynthBank_Alpha,2022-11-11 15:50:10,LOCATION_0253,0.76
ACCOUNT_00039,PERSON_0392,savings,SynthBank_Alpha,2023-04-25 08:56:56,LOCATION_0058,0.9
ACCOUNT_00040,PERSON_0833,current,SynthBank_Beta,2023-04-29 21:13:24,LOCATION_0273,0.89
ACCOUNT_00041,PERSON_0427,savings,SynthBank_Delta,2025-03-26 16:01:43,LOCATION_0101,0.98
ACCOUNT_00042,PERSON_1190,current,SynthBank_Alpha,2023-12-03 05:25:06,LOCATION_0219,0.86
ACCOUNT_00043,PERSON_1170,savings,SynthBank_Omega,2022-06-01 15:39:24,LOCATION_0117,0.89
ACCOUNT_00044,PERSON_0713,savings,SynthBank_Gamma,2023-10-05 14:30:59,LOCATION_0200,0.89
ACCOUNT_00045,PERSON_1341,savings,SynthBank_Beta,2022-02-21 13:35:32,LOCATION_0277,0.91
ACCOUNT_00046,PERSON_0962,savings,SynthBank_Gamma,2023-07-28 17:28:59,LOCATION_0243,0.76
ACCOUNT_00047,PERSON_0725,current,SynthBank_Beta,2023-07-21 22:11:50,LOCATION_0135,0.79
ACCOUNT_00048,PERSON_0671,current,SynthBank_Alpha,2025-12-09 09:20:38,LOCATION_0016,0.83
ACCOUNT_00049,PERSON_0748,current,SynthBank_Alpha,2022-09-17 15:11:12,LOCATION_0207,0.78
ACCOUNT_00050,PERSON_0405,current,SynthBank_Beta,2023-06-14 09:04:04,LOCATION_0112,0.87
ACCOUNT_00051,PERSON_1031,savings,SynthBank_Alpha,2023-08-21 07:40:37,LOCATION_0090,0.76
ACCOUNT_00052,PERSON_0398,current,SynthBank_Gamma,2023-02-09 14:14:54,LOCATION_0136,0.95
ACCOUNT_00053,PERSON_0167,current,SynthBank_Gamma,2023-10-27 23:22:28,LOCATION_0261,0.83
ACCOUNT_00054,PERSON_0032,current,SynthBank_Gamma,2024-05-18 16:04:09,LOCATION_0073,0.8
ACCOUNT_00055,PERSON_1063,savings,SynthBank_Gamma,2022-09-30 22:12:54,LOCATION_0199,0.83
ACCOUNT_00056,PERSON_1092,current,SynthBank_Beta,2022-05-24 10:31:42,LOCATION_0081,0.76
ACCOUNT_00057,PERSON_0752,savings,SynthBank_Alpha,2022-02-16 01:55:25,LOCATION_0137,0.84
ACCOUNT_00058,PERSON_0553,current,SynthBank_Alpha,2023-03-16 04:58:35,LOCATION_0285,0.81
ACCOUNT_00059,PERSON_1044,current,SynthBank_Delta,2025-10-29 11:41:23,LOCATION_0019,0.92
ACCOUNT_00060,PERSON_1248,current,SynthBank_Delta,2023-05-09 11:25:59,LOCATION_0279,0.88
ACCOUNT_00061,PERSON_1002,current,SynthBank_Beta,2022-05-22 10:59:11,LOCATION_0083,0.9
ACCOUNT_00062,PERSON_0766,current,SynthBank_Omega,2024-10-27 17:50:33,LOCATION_0032,0.91
ACCOUNT_00063,PERSON_1336,current,SynthBank_Delta,2025-03-11 08:32:33,LOCATION_0229,0.77
ACCOUNT_00064,PERSON_0554,current,SynthBank_Alpha,2022-04-26 00:27:19,LOCATION_0106,0.77
ACCOUNT_00065,PERSON_0788,current,SynthBank_Delta,2022-06-14 01:28:25,LOCATION_0084,0.81
ACCOUNT_00066,PERSON_0660,current,SynthBank_Omega,2022-03-04 19:24:54,LOCATION_0168,0.77
ACCOUNT_00067,PERSON_0705,current,SynthBank_Delta,2022-08-02 07:53:03,LOCATION_0012,0.84
ACCOUNT_00068,PERSON_0785,savings,SynthBank_Omega,2022-10-13 00:14:07,LOCATION_0020,0.92
ACCOUNT_00069,PERSON_0831,current,SynthBank_Delta,2022-05-14 20:04:55,LOCATION_0260,0.81
ACCOUNT_00070,PERSON_0698,savings,SynthBank_Delta,2025-10-26 02:24:55,LOCATION_0124,0.85
ACCOUNT_00071,PERSON_1115,current,SynthBank_Gamma,2022-06-19 00:41:01,LOCATION_0251,0.91
ACCOUNT_00072,PERSON_1433,current,SynthBank_Alpha,2025-01-28 10:02:52,LOCATION_0228,0.86
ACCOUNT_00073,PERSON_0937,current,SynthBank_Delta,2025-01-05 06:52:56,LOCATION_0072,0.95
ACCOUNT_00074,PERSON_0198,current,SynthBank_Alpha,2022-05-08 21:20:53,LOCATION_0256,0.89
ACCOUNT_00075,PERSON_1035,savings,SynthBank_Delta,2024-12-24 05:48:41,LOCATION_0156,0.91
ACCOUNT_00076,PERSON_0809,savings,SynthBank_Delta,2025-06-11 08:58:14,LOCATION_0209,0.88
ACCOUNT_00077,PERSON_1285,savings,SynthBank_Gamma,2023-06-21 04:37:45,LOCATION_0093,0.79
ACCOUNT_00078,PERSON_0219,savings,SynthBank_Alpha,2024-08-03 08:49:16,LOCATION_0068,0.88
ACCOUNT_00079,PERSON_0994,current,SynthBank_Beta,2023-07-27 17:06:49,LOCATION_0080,0.78
ACCOUNT_00080,PERSON_0298,savings,SynthBank_Delta,2024-05-01 09:25:42,LOCATION_0146,0.79
ACCOUNT_00081,PERSON_0993,current,SynthBank_Beta,2024-02-29 06:54:51,LOCATION_0029,0.9
ACCOUNT_00082,PERSON_0580,savings,SynthBank_Omega,2022-10-05 00:13:56,LOCATION_0124,0.85
ACCOUNT_00083,PERSON_0311,current,SynthBank_Gamma,2023-03-10 22:47:58,LOCATION_0038,0.98
ACCOUNT_00084,PERSON_1476,current,SynthBank_Gamma,2022-12-09 12:34:14,LOCATION_0228,0.82
ACCOUNT_00085,PERSON_0547,current,SynthBank_Gamma,2026-02-01 12:16:32,LOCATION_0204,0.98
ACCOUNT_00086,PERSON_0971,current,SynthBank_Gamma,2023-07-22 09:50:38,LOCATION_0215,0.96
ACCOUNT_00087,PERSON_0467,current,SynthBank_Delta,2026-02-14 16:42:34,LOCATION_0221,0.92
ACCOUNT_00088,PERSON_0423,current,SynthBank_Alpha,2025-06-29 07:09:13,LOCATION_0173,0.77
ACCOUNT_00089,PERSON_1343,current,SynthBank_Beta,2025-04-20 06:50:15,LOCATION_0209,0.91
ACCOUNT_00090,PERSON_0046,current,SynthBank_Beta,2023-10-28 19:49:25,LOCATION_0184,0.9
ACCOUNT_00091,PERSON_0720,savings,SynthBank_Omega,2022-06-27 10:26:00,LOCATION_0034,0.8
ACCOUNT_00092,PERSON_0096,current,SynthBank_Alpha,2024-01-17 03:35:44,LOCATION_0194,0.84
ACCOUNT_00093,PERSON_0517,savings,SynthBank_Beta,2023-07-17 17:40:12,LOCATION_0025,0.92
ACCOUNT_00094,PERSON_0065,current,SynthBank_Gamma,2022-05-13 22:00:34,LOCATION_0069,0.9
ACCOUNT_00095,PERSON_0909,current,SynthBank_Beta,2025-08-14 16:35:02,LOCATION_0144,0.87
ACCOUNT_00096,PERSON_0676,savings,SynthBank_Alpha,2023-02-18 08:52:02,LOCATION_0129,0.81
ACCOUNT_00097,PERSON_0666,savings,SynthBank_Delta,2024-11-20 12:25:14,LOCATION_0267,0.76
ACCOUNT_00098,PERSON_0851,current,SynthBank_Gamma,2025-02-09 05:16:58,LOCATION_0251,0.78
ACCOUNT_00099,PERSON_1066,savings,SynthBank_Delta,2025-12-19 12:51:53,LOCATION_0138,0.8
ACCOUNT_00100,PERSON_0057,savings,SynthBank_Beta,2022-08-03 04:31:51,LOCATION_0142,0.76
ACCOUNT_00101,PERSON_0171,savings,SynthBank_Beta,2026-04-12 04:50:45,LOCATION_0060,0.87
ACCOUNT_00102,PERSON_0067,current,SynthBank_Beta,2025-11-16 13:57:27,LOCATION_0151,0.94
ACCOUNT_00103,PERSON_1438,savings,SynthBank_Delta,2026-04-15 07:25:09,LOCATION_0185,0.88
ACCOUNT_00104,PERSON_0950,savings,SynthBank_Alpha,2025-05-11 23:32:52,LOCATION_0219,0.85
ACCOUNT_00105,PERSON_0618,savings,SynthBank_Omega,2024-05-18 05:13:33,LOCATION_0147,0.94
ACCOUNT_00106,PERSON_0319,savings,SynthBank_Omega,2022-07-05 01:55:12,LOCATION_0185,0.9
ACCOUNT_00107,PERSON_0736,current,SynthBank_Delta,2023-01-26 01:36:08,LOCATION_0258,0.93
ACCOUNT_00108,PERSON_1232,current,SynthBank_Alpha,2022-09-23 03:36:55,LOCATION_0163,0.99
ACCOUNT_00109,PERSON_1104,current,SynthBank_Omega,2022-10-26 13:24:20,LOCATION_0230,0.79
ACCOUNT_00110,PERSON_0591,current,SynthBank_Beta,2026-02-11 05:02:53,LOCATION_0228,0.81
ACCOUNT_00111,PERSON_0332,savings,SynthBank_Alpha,2025-06-26 02:27:25,LOCATION_0120,0.98
ACCOUNT_00112,PERSON_1349,savings,SynthBank_Delta,2026-04-11 02:53:08,LOCATION_0175,0.98
ACCOUNT_00113,PERSON_0959,savings,SynthBank_Alpha,2022-11-16 09:20:44,LOCATION_0121,0.96
ACCOUNT_00114,PERSON_0026,current,SynthBank_Gamma,2024-01-05 20:30:31,LOCATION_0275,0.81
ACCOUNT_00115,PERSON_0758,savings,SynthBank_Delta,2025-02-09 08:06:23,LOCATION_0115,0.8
ACCOUNT_00116,PERSON_0256,current,SynthBank_Delta,2024-07-29 15:45:19,LOCATION_0239,0.88
ACCOUNT_00117,PERSON_0104,savings,SynthBank_Beta,2022-03-07 15:36:01,LOCATION_0023,0.87
ACCOUNT_00118,PERSON_0874,current,SynthBank_Omega,2022-08-02 15:27:26,LOCATION_0178,0.76
ACCOUNT_00119,PERSON_1056,current,SynthBank_Alpha,2022-10-02 14:25:27,LOCATION_0048,0.84
ACCOUNT_00120,PERSON_0029,savings,SynthBank_Beta,2025-05-12 15:33:23,LOCATION_0088,0.8
ACCOUNT_00121,PERSON_0974,current,SynthBank_Alpha,2026-04-23 15:56:50,LOCATION_0176,0.91
ACCOUNT_00122,PERSON_1282,current,SynthBank_Omega,2024-12-16 11:53:53,LOCATION_0289,0.78
ACCOUNT_00123,PERSON_0370,current,SynthBank_Delta,2024-08-26 05:43:35,LOCATION_0277,0.86
ACCOUNT_00124,PERSON_1428,savings,SynthBank_Delta,2025-03-26 10:19:37,LOCATION_0031,0.84
ACCOUNT_00125,PERSON_0037,savings,SynthBank_Delta,2022-10-03 05:21:25,LOCATION_0157,0.95
ACCOUNT_00126,PERSON_1461,current,SynthBank_Alpha,2022-06-13 18:54:36,LOCATION_0262,0.86
ACCOUNT_00127,PERSON_0606,savings,SynthBank_Gamma,2025-03-11 01:47:02,LOCATION_0188,0.86
ACCOUNT_00128,PERSON_1060,savings,SynthBank_Delta,2023-04-27 14:26:42,LOCATION_0068,0.93
ACCOUNT_00129,PERSON_0726,savings,SynthBank_Alpha,2025-11-10 03:00:07,LOCATION_0267,0.77
ACCOUNT_00130,PERSON_0211,savings,SynthBank_Omega,2025-07-29 04:42:38,LOCATION_0093,0.79
ACCOUNT_00131,PERSON_0376,current,SynthBank_Omega,2024-06-17 03:44:37,LOCATION_0036,0.9
ACCOUNT_00132,PERSON_1449,current,SynthBank_Alpha,2025-11-25 13:47:23,LOCATION_0169,0.91
ACCOUNT_00133,PERSON_0050,savings,SynthBank_Delta,2023-07-25 04:52:18,LOCATION_0110,0.96
ACCOUNT_00134,PERSON_1188,current,SynthBank_Beta,2025-02-09 14:52:41,LOCATION_0101,0.98
ACCOUNT_00135,PERSON_0463,current,SynthBank_Gamma,2026-03-08 02:03:44,LOCATION_0050,0.87
ACCOUNT_00136,PERSON_0194,current,SynthBank_Alpha,2022-08-27 21:13:33,LOCATION_0053,0.88
ACCOUNT_00137,PERSON_0083,savings,SynthBank_Beta,2025-03-14 15:23:09,LOCATION_0264,0.97
ACCOUNT_00138,PERSON_0803,current,SynthBank_Delta,2022-05-21 04:26:17,LOCATION_0168,0.87
ACCOUNT_00139,PERSON_0807,current,SynthBank_Omega,2022-09-20 07:09:29,LOCATION_0166,0.96
ACCOUNT_00140,PERSON_0696,savings,SynthBank_Beta,2025-02-25 05:05:22,LOCATION_0191,0.77
ACCOUNT_00141,PERSON_0985,savings,SynthBank_Alpha,2023-01-29 09:47:36,LOCATION_0292,0.93
ACCOUNT_00142,PERSON_0321,current,SynthBank_Beta,2023-09-21 09:19:53,LOCATION_0218,0.97
ACCOUNT_00143,PERSON_0397,savings,SynthBank_Omega,2026-02-02 13:21:42,LOCATION_0015,0.93
ACCOUNT_00144,PERSON_1046,current,SynthBank_Delta,2022-12-04 13:30:40,LOCATION_0268,0.86
ACCOUNT_00145,PERSON_0200,savings,SynthBank_Beta,2022-08-13 19:30:24,LOCATION_0161,0.92
ACCOUNT_00146,PERSON_1459,savings,SynthBank_Beta,2023-12-25 12:25:47,LOCATION_0275,0.94
ACCOUNT_00147,PERSON_0721,current,SynthBank_Beta,2024-11-20 05:30:18,LOCATION_0277,0.94
ACCOUNT_00148,PERSON_1405,current,SynthBank_Delta,2025-05-03 23:23:42,LOCATION_0251,0.79
ACCOUNT_00149,PERSON_0970,savings,SynthBank_Gamma,2023-06-18 11:54:50,LOCATION_0103,0.79
ACCOUNT_00150,PERSON_0551,current,SynthBank_Beta,2022-08-21 17:34:44,LOCATION_0041,0.91
ACCOUNT_00151,PERSON_0302,current,SynthBank_Omega,2023-08-17 01:54:42,LOCATION_0165,0.77
ACCOUNT_00152,PERSON_0269,current,SynthBank_Delta,2024-07-04 12:28:43,LOCATION_0178,0.91
ACCOUNT_00153,PERSON_0360,current,SynthBank_Beta,2025-04-18 01:49:51,LOCATION_0180,0.83
ACCOUNT_00154,PERSON_1389,current,SynthBank_Alpha,2026-05-06 12:36:03,LOCATION_0019,0.8
ACCOUNT_00155,PERSON_0180,current,SynthBank_Beta,2025-10-24 20:26:25,LOCATION_0020,0.79
ACCOUNT_00156,PERSON_1412,savings,SynthBank_Beta,2023-04-21 05:32:50,LOCATION_0262,0.84
ACCOUNT_00157,PERSON_1269,savings,SynthBank_Delta,2024-03-18 20:07:41,LOCATION_0166,0.76
ACCOUNT_00158,PERSON_0107,savings,SynthBank_Omega,2023-06-05 22:31:33,LOCATION_0086,0.81
ACCOUNT_00159,PERSON_1286,savings,SynthBank_Gamma,2022-11-16 19:16:41,LOCATION_0203,0.84
ACCOUNT_00160,PERSON_0030,savings,SynthBank_Delta,2023-07-07 05:31:44,LOCATION_0171,0.93
ACCOUNT_00161,PERSON_1464,savings,SynthBank_Omega,2022-03-14 09:22:52,LOCATION_0093,0.9
ACCOUNT_00162,PERSON_0095,current,SynthBank_Beta,2024-02-08 10:43:02,LOCATION_0164,0.87
ACCOUNT_00163,PERSON_0790,current,SynthBank_Beta,2024-08-25 05:15:10,LOCATION_0210,0.91
ACCOUNT_00164,PERSON_1250,savings,SynthBank_Gamma,2023-06-29 09:49:23,LOCATION_0009,0.98
ACCOUNT_00165,PERSON_0500,current,SynthBank_Omega,2023-10-19 19:52:46,LOCATION_0096,0.81
ACCOUNT_00166,PERSON_0857,current,SynthBank_Gamma,2022-08-18 18:18:14,LOCATION_0138,0.81
ACCOUNT_00167,PERSON_0854,savings,SynthBank_Gamma,2025-10-26 02:01:06,LOCATION_0004,0.98
ACCOUNT_00168,PERSON_1206,savings,SynthBank_Delta,2024-05-25 13:13:09,LOCATION_0037,0.95
ACCOUNT_00169,PERSON_1337,savings,SynthBank_Delta,2024-01-25 12:11:25,LOCATION_0033,0.82
ACCOUNT_00170,PERSON_0903,current,SynthBank_Gamma,2024-03-15 23:46:15,LOCATION_0035,0.82
ACCOUNT_00171,PERSON_0504,current,SynthBank_Beta,2025-12-08 11:05:10,LOCATION_0033,0.75
ACCOUNT_00172,PERSON_0677,savings,SynthBank_Omega,2025-01-03 22:50:32,LOCATION_0036,0.81
ACCOUNT_00173,PERSON_0727,current,SynthBank_Alpha,2024-08-01 01:16:28,LOCATION_0214,0.91
ACCOUNT_00174,PERSON_1223,savings,SynthBank_Gamma,2023-07-10 03:51:12,LOCATION_0013,0.93
ACCOUNT_00175,PERSON_1469,savings,SynthBank_Delta,2022-04-30 14:15:56,LOCATION_0117,0.77
ACCOUNT_00176,PERSON_1443,current,SynthBank_Omega,2023-11-29 20:55:40,LOCATION_0245,0.78
ACCOUNT_00177,PERSON_0945,savings,SynthBank_Omega,2022-04-04 04:33:32,LOCATION_0022,0.8
ACCOUNT_00178,PERSON_0754,current,SynthBank_Alpha,2023-11-18 06:26:04,LOCATION_0140,0.87
ACCOUNT_00179,PERSON_1221,current,SynthBank_Delta,2022-07-26 22:42:31,LOCATION_0013,0.78
ACCOUNT_00180,PERSON_0187,current,SynthBank_Alpha,2022-06-19 22:41:02,LOCATION_0173,0.84
ACCOUNT_00181,PERSON_0548,savings,SynthBank_Delta,2022-06-12 23:04:29,LOCATION_0241,0.83
ACCOUNT_00182,PERSON_0472,current,SynthBank_Gamma,2025-06-07 10:44:29,LOCATION_0137,0.87
ACCOUNT_00183,PERSON_1150,current,SynthBank_Beta,2023-03-15 15:55:39,LOCATION_0089,0.8
ACCOUNT_00184,PERSON_0393,savings,SynthBank_Alpha,2026-05-18 07:32:10,LOCATION_0212,0.79
ACCOUNT_00185,PERSON_1159,current,SynthBank_Delta,2025-05-23 14:15:14,LOCATION_0090,0.98
ACCOUNT_00186,PERSON_1022,savings,SynthBank_Beta,2023-08-01 15:51:24,LOCATION_0031,0.91
ACCOUNT_00187,PERSON_1133,current,SynthBank_Gamma,2023-10-31 06:45:51,LOCATION_0201,0.94
ACCOUNT_00188,PERSON_0417,current,SynthBank_Beta,2023-08-23 10:14:53,LOCATION_0039,0.91
ACCOUNT_00189,PERSON_0718,savings,SynthBank_Gamma,2023-11-03 12:41:12,LOCATION_0116,0.8
ACCOUNT_00190,PERSON_0979,current,SynthBank_Delta,2024-04-20 07:22:35,LOCATION_0131,0.8
ACCOUNT_00191,PERSON_0836,current,SynthBank_Delta,2026-01-11 02:38:23,LOCATION_0264,0.88
ACCOUNT_00192,PERSON_0805,current,SynthBank_Gamma,2026-02-08 10:11:20,LOCATION_0293,0.85
ACCOUNT_00193,PERSON_0072,savings,SynthBank_Alpha,2023-11-28 01:15:59,LOCATION_0002,0.95
ACCOUNT_00194,PERSON_0699,savings,SynthBank_Beta,2024-05-29 11:36:56,LOCATION_0005,0.79
ACCOUNT_00195,PERSON_0044,savings,SynthBank_Gamma,2025-08-28 22:39:28,LOCATION_0045,0.88
ACCOUNT_00196,PERSON_1124,savings,SynthBank_Omega,2022-07-07 06:33:21,LOCATION_0029,0.84
ACCOUNT_00197,PERSON_0926,savings,SynthBank_Delta,2025-12-03 17:35:00,LOCATION_0259,0.86
ACCOUNT_00198,PERSON_1072,savings,SynthBank_Alpha,2024-02-29 04:34:42,LOCATION_0143,0.85
ACCOUNT_00199,PERSON_1406,current,SynthBank_Beta,2024-04-14 13:40:31,LOCATION_0084,0.82
ACCOUNT_00200,PERSON_0644,savings,SynthBank_Beta,2022-05-16 04:12:34,LOCATION_0274,0.78
ACCOUNT_00201,PERSON_0279,current,SynthBank_Gamma,2025-01-16 16:50:31,LOCATION_0052,0.99
ACCOUNT_00202,PERSON_0309,current,SynthBank_Beta,2024-06-02 07:58:33,LOCATION_0103,0.91
ACCOUNT_00203,PERSON_1264,savings,SynthBank_Omega,2023-06-29 11:12:28,LOCATION_0011,0.78
ACCOUNT_00204,PERSON_0064,savings,SynthBank_Beta,2025-07-11 15:11:03,LOCATION_0063,0.83
ACCOUNT_00205,PERSON_0607,savings,SynthBank_Gamma,2024-07-31 17:09:31,LOCATION_0240,0.81
ACCOUNT_00206,PERSON_0596,current,SynthBank_Gamma,2022-02-20 17:22:32,LOCATION_0061,0.8
ACCOUNT_00207,PERSON_0112,savings,SynthBank_Omega,2023-07-25 08:18:07,LOCATION_0167,0.78
ACCOUNT_00208,PERSON_0709,current,SynthBank_Gamma,2022-07-19 20:55:47,LOCATION_0185,0.92
ACCOUNT_00209,PERSON_1051,savings,SynthBank_Beta,2022-08-20 15:16:51,LOCATION_0226,0.95
ACCOUNT_00210,PERSON_1316,savings,SynthBank_Beta,2023-09-18 13:34:25,LOCATION_0133,0.75
ACCOUNT_00211,PERSON_0242,savings,SynthBank_Alpha,2023-12-07 04:22:03,LOCATION_0271,0.76
ACCOUNT_00212,PERSON_0331,current,SynthBank_Delta,2022-07-31 21:49:07,LOCATION_0013,0.96
ACCOUNT_00213,PERSON_0694,savings,SynthBank_Gamma,2023-02-22 23:05:49,LOCATION_0293,0.76
ACCOUNT_00214,PERSON_0826,savings,SynthBank_Omega,2024-12-26 13:38:06,LOCATION_0283,0.95
ACCOUNT_00215,PERSON_0873,savings,SynthBank_Delta,2025-04-30 21:52:03,LOCATION_0222,0.78
ACCOUNT_00216,PERSON_1207,current,SynthBank_Alpha,2022-09-19 05:16:57,LOCATION_0177,0.98
ACCOUNT_00217,PERSON_1052,current,SynthBank_Delta,2022-03-13 19:14:35,LOCATION_0253,0.78
ACCOUNT_00218,PERSON_0201,current,SynthBank_Delta,2023-10-13 22:33:43,LOCATION_0018,0.77
ACCOUNT_00219,PERSON_0061,current,SynthBank_Delta,2024-04-16 13:29:59,LOCATION_0230,0.99
ACCOUNT_00220,PERSON_0587,savings,SynthBank_Delta,2022-04-02 05:19:12,LOCATION_0246,0.76
ACCOUNT_00221,PERSON_0598,savings,SynthBank_Alpha,2022-12-02 10:34:33,LOCATION_0223,0.91
ACCOUNT_00222,PERSON_0716,savings,SynthBank_Gamma,2024-02-19 11:30:26,LOCATION_0166,0.89
ACCOUNT_00223,PERSON_1390,current,SynthBank_Delta,2026-04-05 04:19:18,LOCATION_0221,0.91
ACCOUNT_00224,PERSON_1183,savings,SynthBank_Delta,2022-06-26 11:57:43,LOCATION_0268,0.89
ACCOUNT_00225,PERSON_0102,current,SynthBank_Beta,2023-02-25 09:10:32,LOCATION_0075,0.9
ACCOUNT_00226,PERSON_0879,current,SynthBank_Alpha,2022-06-17 20:39:55,LOCATION_0007,0.76
ACCOUNT_00227,PERSON_1356,savings,SynthBank_Omega,2022-06-12 13:49:01,LOCATION_0236,0.88
ACCOUNT_00228,PERSON_0416,current,SynthBank_Alpha,2023-08-29 22:14:50,LOCATION_0207,0.9
ACCOUNT_00229,PERSON_0326,savings,SynthBank_Alpha,2026-02-02 20:36:08,LOCATION_0093,0.95
ACCOUNT_00230,PERSON_0119,current,SynthBank_Alpha,2022-06-19 01:55:46,LOCATION_0109,0.8
ACCOUNT_00231,PERSON_1064,current,SynthBank_Beta,2024-10-26 07:32:18,LOCATION_0298,0.83
ACCOUNT_00232,PERSON_0852,savings,SynthBank_Gamma,2025-04-05 14:54:28,LOCATION_0207,0.95
ACCOUNT_00233,PERSON_1432,current,SynthBank_Alpha,2025-12-09 00:07:51,LOCATION_0054,0.76
ACCOUNT_00234,PERSON_0059,current,SynthBank_Omega,2023-09-25 16:08:43,LOCATION_0224,0.8
ACCOUNT_00235,PERSON_1077,current,SynthBank_Gamma,2023-01-29 14:19:00,LOCATION_0292,0.84
ACCOUNT_00236,PERSON_0128,current,SynthBank_Delta,2024-02-21 18:43:24,LOCATION_0026,0.77
ACCOUNT_00237,PERSON_0352,current,SynthBank_Omega,2022-03-30 05:03:12,LOCATION_0182,0.93
ACCOUNT_00238,PERSON_0649,current,SynthBank_Alpha,2025-06-04 09:19:53,LOCATION_0234,0.85
ACCOUNT_00239,PERSON_0118,current,SynthBank_Omega,2023-05-11 14:58:39,LOCATION_0071,0.84
ACCOUNT_00240,PERSON_0588,current,SynthBank_Alpha,2024-11-13 19:53:52,LOCATION_0022,0.79
ACCOUNT_00241,PERSON_0190,current,SynthBank_Delta,2024-02-02 12:10:44,LOCATION_0113,0.95
ACCOUNT_00242,PERSON_1082,current,SynthBank_Alpha,2022-10-14 00:03:13,LOCATION_0206,0.84
ACCOUNT_00243,PERSON_1415,savings,SynthBank_Omega,2025-02-03 23:56:48,LOCATION_0056,0.93
ACCOUNT_00244,PERSON_0586,savings,SynthBank_Alpha,2023-06-10 08:27:32,LOCATION_0137,0.87
ACCOUNT_00245,PERSON_0253,current,SynthBank_Omega,2025-01-02 15:41:23,LOCATION_0141,0.92
ACCOUNT_00246,PERSON_1243,current,SynthBank_Alpha,2023-11-19 12:26:36,LOCATION_0068,0.97
ACCOUNT_00247,PERSON_0863,current,SynthBank_Omega,2024-01-06 16:13:39,LOCATION_0190,0.77
ACCOUNT_00248,PERSON_1450,current,SynthBank_Omega,2025-09-11 12:40:23,LOCATION_0108,0.95
ACCOUNT_00249,PERSON_0010,savings,SynthBank_Beta,2024-02-18 09:02:02,LOCATION_0014,0.79
ACCOUNT_00250,PERSON_1297,savings,SynthBank_Gamma,2022-03-05 22:22:48,LOCATION_0256,0.91
ACCOUNT_00251,PERSON_0563,savings,SynthBank_Delta,2023-06-18 06:16:08,LOCATION_0015,0.76
ACCOUNT_00252,PERSON_0886,savings,SynthBank_Delta,2025-08-18 00:33:20,LOCATION_0094,0.88
ACCOUNT_00253,PERSON_1080,savings,SynthBank_Beta,2025-06-21 07:14:47,LOCATION_0192,0.94
ACCOUNT_00254,PERSON_0229,savings,SynthBank_Beta,2023-05-26 05:00:10,LOCATION_0054,0.86
ACCOUNT_00255,PERSON_1152,savings,SynthBank_Alpha,2025-12-15 14:31:56,LOCATION_0049,0.78
ACCOUNT_00256,PERSON_0355,current,SynthBank_Beta,2025-06-09 09:38:24,LOCATION_0132,0.85
ACCOUNT_00257,PERSON_1128,current,SynthBank_Omega,2024-03-09 23:49:49,LOCATION_0218,0.75
ACCOUNT_00258,PERSON_0186,current,SynthBank_Delta,2022-09-09 04:33:08,LOCATION_0064,0.87
ACCOUNT_00259,PERSON_0452,savings,SynthBank_Alpha,2025-11-07 20:51:14,LOCATION_0042,0.8
ACCOUNT_00260,PERSON_0207,current,SynthBank_Beta,2022-10-23 16:18:41,LOCATION_0156,0.91
ACCOUNT_00261,PERSON_0841,savings,SynthBank_Delta,2025-08-14 21:04:38,LOCATION_0268,0.89
ACCOUNT_00262,PERSON_1076,current,SynthBank_Beta,2022-09-15 10:41:44,LOCATION_0031,0.83
ACCOUNT_00263,PERSON_0375,savings,SynthBank_Beta,2026-05-29 18:24:10,LOCATION_0165,0.92
ACCOUNT_00264,PERSON_1375,current,SynthBank_Delta,2025-09-27 13:29:35,LOCATION_0184,0.84
ACCOUNT_00265,PERSON_1187,savings,SynthBank_Alpha,2023-06-13 10:31:51,LOCATION_0022,0.96
ACCOUNT_00266,PERSON_0667,current,SynthBank_Beta,2024-12-08 16:45:01,LOCATION_0183,0.92
ACCOUNT_00267,PERSON_0276,savings,SynthBank_Beta,2026-01-14 08:51:01,LOCATION_0292,0.93
ACCOUNT_00268,PERSON_0505,savings,SynthBank_Delta,2025-10-12 01:28:24,LOCATION_0051,0.83
ACCOUNT_00269,PERSON_0018,savings,SynthBank_Alpha,2022-07-14 04:37:21,LOCATION_0133,0.96
ACCOUNT_00270,PERSON_1146,current,SynthBank_Alpha,2025-10-01 11:18:23,LOCATION_0191,0.89
ACCOUNT_00271,PERSON_0889,current,SynthBank_Delta,2024-01-12 17:56:54,LOCATION_0033,0.81
ACCOUNT_00272,PERSON_1334,savings,SynthBank_Beta,2022-12-27 20:00:09,LOCATION_0265,0.87
ACCOUNT_00273,PERSON_1009,current,SynthBank_Gamma,2024-02-02 02:46:06,LOCATION_0218,0.93
ACCOUNT_00274,PERSON_0603,current,SynthBank_Omega,2026-03-19 08:17:18,LOCATION_0267,0.83
ACCOUNT_00275,PERSON_0542,savings,SynthBank_Delta,2025-11-19 00:07:23,LOCATION_0277,0.9
ACCOUNT_00276,PERSON_0559,current,SynthBank_Omega,2025-10-02 22:13:31,LOCATION_0100,0.78
ACCOUNT_00277,PERSON_1485,current,SynthBank_Alpha,2025-01-11 16:49:02,LOCATION_0125,0.75
ACCOUNT_00278,PERSON_0325,current,SynthBank_Omega,2022-12-25 19:13:42,LOCATION_0026,0.77
ACCOUNT_00279,PERSON_0464,current,SynthBank_Beta,2025-11-16 01:50:54,LOCATION_0230,0.85
ACCOUNT_00280,PERSON_0390,current,SynthBank_Omega,2023-02-08 10:23:56,LOCATION_0002,0.92
ACCOUNT_00281,PERSON_0314,savings,SynthBank_Beta,2022-07-17 21:48:54,LOCATION_0053,0.86
ACCOUNT_00282,PERSON_0490,savings,SynthBank_Alpha,2023-09-06 17:21:54,LOCATION_0242,0.96
ACCOUNT_00283,PERSON_0466,current,SynthBank_Alpha,2024-08-23 02:22:06,LOCATION_0269,0.92
ACCOUNT_00284,PERSON_0531,savings,SynthBank_Omega,2022-11-11 17:19:50,LOCATION_0264,0.9
ACCOUNT_00285,PERSON_0286,savings,SynthBank_Beta,2024-12-25 01:13:14,LOCATION_0165,0.93
ACCOUNT_00286,PERSON_0984,savings,SynthBank_Gamma,2024-02-01 20:19:39,LOCATION_0108,0.78
ACCOUNT_00287,PERSON_0741,current,SynthBank_Omega,2023-04-21 02:18:56,LOCATION_0285,0.94
ACCOUNT_00288,PERSON_0359,savings,SynthBank_Omega,2024-02-23 06:05:28,LOCATION_0106,0.87
ACCOUNT_00289,PERSON_0669,savings,SynthBank_Omega,2026-05-06 20:24:37,LOCATION_0026,0.88
ACCOUNT_00290,PERSON_1245,savings,SynthBank_Omega,2023-03-05 00:24:34,LOCATION_0089,0.96
ACCOUNT_00291,PERSON_0028,savings,SynthBank_Delta,2026-05-29 10:51:13,LOCATION_0101,0.8
ACCOUNT_00292,PERSON_1184,current,SynthBank_Gamma,2023-04-10 01:54:22,LOCATION_0054,0.87
ACCOUNT_00293,PERSON_1040,savings,SynthBank_Beta,2023-01-22 00:26:33,LOCATION_0226,0.87
ACCOUNT_00294,PERSON_0264,savings,SynthBank_Alpha,2022-04-21 14:20:49,LOCATION_0083,0.97
ACCOUNT_00295,PERSON_0024,savings,SynthBank_Omega,2022-05-25 12:36:46,LOCATION_0280,0.89
ACCOUNT_00296,PERSON_0411,current,SynthBank_Gamma,2022-12-26 12:00:39,LOCATION_0220,0.94
ACCOUNT_00297,PERSON_0948,current,SynthBank_Gamma,2022-04-14 06:30:35,LOCATION_0073,0.87
ACCOUNT_00298,PERSON_0869,savings,SynthBank_Delta,2022-05-01 11:12:37,LOCATION_0182,0.85
ACCOUNT_00299,PERSON_0168,current,SynthBank_Alpha,2024-08-30 07:45:39,LOCATION_0254,0.96
ACCOUNT_00300,PERSON_1045,savings,SynthBank_Alpha,2022-04-09 02:26:30,LOCATION_0113,0.76
ACCOUNT_00301,PERSON_0142,savings,SynthBank_Beta,2023-04-24 17:41:36,LOCATION_0014,0.93
ACCOUNT_00302,PERSON_0349,savings,SynthBank_Beta,2024-03-09 00:36:01,LOCATION_0102,0.87
ACCOUNT_00303,PERSON_1289,current,SynthBank_Omega,2025-04-02 01:22:15,LOCATION_0072,0.88
ACCOUNT_00304,PERSON_0250,savings,SynthBank_Omega,2025-02-02 02:09:31,LOCATION_0274,0.98
ACCOUNT_00305,PERSON_0345,current,SynthBank_Beta,2025-04-03 11:30:30,LOCATION_0130,0.78
ACCOUNT_00306,PERSON_1106,savings,SynthBank_Alpha,2025-09-09 15:28:22,LOCATION_0107,0.9
ACCOUNT_00307,PERSON_0014,savings,SynthBank_Gamma,2023-05-02 23:12:31,LOCATION_0037,0.85
ACCOUNT_00308,PERSON_0109,savings,SynthBank_Omega,2025-04-18 09:15:58,LOCATION_0136,0.89
ACCOUNT_00309,PERSON_0432,current,SynthBank_Omega,2025-03-16 17:33:03,LOCATION_0244,0.79
ACCOUNT_00310,PERSON_0906,current,SynthBank_Delta,2022-07-17 00:51:58,LOCATION_0136,0.8
ACCOUNT_00311,PERSON_1114,savings,SynthBank_Alpha,2026-02-14 05:04:45,LOCATION_0100,0.95
ACCOUNT_00312,PERSON_0379,current,SynthBank_Delta,2025-10-26 09:58:19,LOCATION_0277,0.79
ACCOUNT_00313,PERSON_0035,current,SynthBank_Omega,2023-06-20 10:01:02,LOCATION_0179,0.78
ACCOUNT_00314,PERSON_0205,savings,SynthBank_Beta,2022-07-20 02:30:03,LOCATION_0142,0.81
ACCOUNT_00315,PERSON_0099,savings,SynthBank_Gamma,2023-04-02 14:36:48,LOCATION_0093,0.97
ACCOUNT_00316,PERSON_0362,current,SynthBank_Alpha,2022-10-14 23:07:32,LOCATION_0062,0.95
ACCOUNT_00317,PERSON_0431,savings,SynthBank_Alpha,2023-11-09 21:33:30,LOCATION_0261,0.91
ACCOUNT_00318,PERSON_1068,savings,SynthBank_Omega,2022-09-13 22:37:32,LOCATION_0211,0.78
ACCOUNT_00319,PERSON_0415,current,SynthBank_Alpha,2026-02-01 01:10:34,LOCATION_0149,0.89
ACCOUNT_00320,PERSON_1330,savings,SynthBank_Delta,2024-09-16 21:07:42,LOCATION_0114,0.8
ACCOUNT_00321,PERSON_0657,savings,SynthBank_Alpha,2025-01-04 06:32:57,LOCATION_0186,0.91
ACCOUNT_00322,PERSON_1276,savings,SynthBank_Omega,2025-08-28 09:16:43,LOCATION_0234,0.86
ACCOUNT_00323,PERSON_0975,savings,SynthBank_Omega,2024-06-30 02:48:56,LOCATION_0081,0.97
ACCOUNT_00324,PERSON_0173,savings,SynthBank_Delta,2024-11-18 15:48:32,LOCATION_0176,0.94
ACCOUNT_00325,PERSON_0025,current,SynthBank_Gamma,2025-01-18 13:17:04,LOCATION_0155,0.81
ACCOUNT_00326,PERSON_0111,current,SynthBank_Delta,2023-07-13 08:04:02,LOCATION_0040,0.85
ACCOUNT_00327,PERSON_0016,savings,SynthBank_Omega,2022-05-31 07:42:16,LOCATION_0220,0.76
ACCOUNT_00328,PERSON_1296,savings,SynthBank_Beta,2024-03-10 10:50:44,LOCATION_0293,0.87
ACCOUNT_00329,PERSON_0904,savings,SynthBank_Delta,2023-05-22 20:38:57,LOCATION_0120,0.8
ACCOUNT_00330,PERSON_0148,current,SynthBank_Beta,2026-02-02 18:09:45,LOCATION_0163,0.8
ACCOUNT_00331,PERSON_1395,current,SynthBank_Alpha,2023-02-06 22:37:48,LOCATION_0084,0.89
ACCOUNT_00332,PERSON_0682,savings,SynthBank_Omega,2024-11-08 19:46:32,LOCATION_0140,0.81
ACCOUNT_00333,PERSON_0474,current,SynthBank_Omega,2026-03-04 07:40:22,LOCATION_0300,0.96
ACCOUNT_00334,PERSON_1012,current,SynthBank_Delta,2025-02-24 02:36:07,LOCATION_0024,0.98
ACCOUNT_00335,PERSON_0100,savings,SynthBank_Beta,2024-04-28 10:10:04,LOCATION_0181,0.87
ACCOUNT_00336,PERSON_0005,savings,SynthBank_Alpha,2025-12-19 03:20:07,LOCATION_0251,0.93
ACCOUNT_00337,PERSON_0465,current,SynthBank_Gamma,2024-07-30 04:36:45,LOCATION_0281,0.95
ACCOUNT_00338,PERSON_0047,current,SynthBank_Beta,2024-03-25 21:15:40,LOCATION_0262,0.85
ACCOUNT_00339,PERSON_0880,current,SynthBank_Beta,2023-11-28 06:36:01,LOCATION_0097,0.77
ACCOUNT_00340,PERSON_0263,current,SynthBank_Alpha,2025-01-20 13:48:42,LOCATION_0145,0.9
ACCOUNT_00341,PERSON_0295,savings,SynthBank_Beta,2023-07-13 05:41:57,LOCATION_0165,0.85
ACCOUNT_00342,PERSON_0451,savings,SynthBank_Gamma,2024-12-27 23:25:07,LOCATION_0154,0.81
ACCOUNT_00343,PERSON_0368,current,SynthBank_Alpha,2022-04-12 12:08:09,LOCATION_0179,0.96
ACCOUNT_00344,PERSON_0830,current,SynthBank_Gamma,2024-01-27 14:08:12,LOCATION_0082,0.98
ACCOUNT_00345,PERSON_0957,savings,SynthBank_Omega,2022-06-19 07:07:09,LOCATION_0021,0.77
ACCOUNT_00346,PERSON_0489,savings,SynthBank_Beta,2025-09-25 04:47:31,LOCATION_0299,0.9
ACCOUNT_00347,PERSON_0285,savings,SynthBank_Beta,2023-01-06 20:07:40,LOCATION_0051,0.94
ACCOUNT_00348,PERSON_0749,current,SynthBank_Omega,2022-03-09 00:02:52,LOCATION_0019,0.75
ACCOUNT_00349,PERSON_1083,savings,SynthBank_Delta,2022-06-17 04:04:16,LOCATION_0299,0.95
ACCOUNT_00350,PERSON_1202,savings,SynthBank_Omega,2024-09-09 12:09:06,LOCATION_0085,0.98
ACCOUNT_00351,PERSON_0968,savings,SynthBank_Delta,2025-05-29 00:40:25,LOCATION_0084,0.92
ACCOUNT_00352,PERSON_0114,savings,SynthBank_Delta,2025-10-16 00:15:14,LOCATION_0111,0.82
ACCOUNT_00353,PERSON_0387,savings,SynthBank_Delta,2022-06-20 21:27:26,LOCATION_0208,0.97
ACCOUNT_00354,PERSON_0052,current,SynthBank_Gamma,2022-05-17 16:04:58,LOCATION_0056,0.93
ACCOUNT_00355,PERSON_1145,savings,SynthBank_Beta,2024-07-01 16:34:03,LOCATION_0219,0.94
ACCOUNT_00356,PERSON_1329,savings,SynthBank_Gamma,2024-06-30 02:38:41,LOCATION_0059,0.81
ACCOUNT_00357,PERSON_0778,current,SynthBank_Omega,2025-01-09 18:09:31,LOCATION_0146,0.89
ACCOUNT_00358,PERSON_1071,current,SynthBank_Gamma,2022-06-05 07:59:11,LOCATION_0161,0.77
ACCOUNT_00359,PERSON_0743,savings,SynthBank_Omega,2024-11-21 01:33:45,LOCATION_0279,0.91
ACCOUNT_00360,PERSON_0763,current,SynthBank_Gamma,2024-04-28 02:56:00,LOCATION_0096,0.94
ACCOUNT_00361,PERSON_0976,current,SynthBank_Gamma,2023-08-27 12:59:39,LOCATION_0229,0.85
ACCOUNT_00362,PERSON_0351,current,SynthBank_Beta,2025-05-05 08:40:52,LOCATION_0136,0.99
ACCOUNT_00363,PERSON_0341,current,SynthBank_Gamma,2022-11-12 07:32:37,LOCATION_0079,0.84
ACCOUNT_00364,PERSON_0893,current,SynthBank_Omega,2025-10-26 15:36:48,LOCATION_0082,0.85
ACCOUNT_00365,PERSON_0373,savings,SynthBank_Delta,2024-06-15 12:48:25,LOCATION_0178,0.85
ACCOUNT_00366,PERSON_0165,current,SynthBank_Beta,2023-04-11 12:15:43,LOCATION_0112,0.91
ACCOUNT_00367,PERSON_0260,savings,SynthBank_Alpha,2023-03-07 09:35:34,LOCATION_0164,0.75
ACCOUNT_00368,PERSON_0894,current,SynthBank_Gamma,2023-03-29 22:57:45,LOCATION_0267,0.94
ACCOUNT_00369,PERSON_0208,current,SynthBank_Alpha,2024-02-04 09:24:40,LOCATION_0194,0.91
ACCOUNT_00370,PERSON_0532,current,SynthBank_Gamma,2022-12-27 19:45:37,LOCATION_0079,0.8
ACCOUNT_00371,PERSON_1419,savings,SynthBank_Omega,2023-01-05 04:05:56,LOCATION_0017,0.81
ACCOUNT_00372,PERSON_1396,savings,SynthBank_Delta,2024-06-02 09:40:27,LOCATION_0111,0.92
ACCOUNT_00373,PERSON_1398,savings,SynthBank_Gamma,2022-08-22 13:00:22,LOCATION_0014,0.79
ACCOUNT_00374,PERSON_0410,current,SynthBank_Delta,2026-01-22 02:41:35,LOCATION_0112,0.85
ACCOUNT_00375,PERSON_0329,savings,SynthBank_Omega,2022-07-06 00:05:07,LOCATION_0234,0.85
ACCOUNT_00376,PERSON_0021,current,SynthBank_Gamma,2025-05-23 12:35:07,LOCATION_0147,0.97
ACCOUNT_00377,PERSON_0745,current,SynthBank_Delta,2022-08-27 04:33:07,LOCATION_0193,0.8
ACCOUNT_00378,PERSON_0433,current,SynthBank_Beta,2022-11-04 07:20:03,LOCATION_0167,0.87
ACCOUNT_00379,PERSON_0384,current,SynthBank_Beta,2023-06-13 18:48:36,LOCATION_0252,0.9
ACCOUNT_00380,PERSON_0413,savings,SynthBank_Delta,2022-02-16 04:25:49,LOCATION_0010,0.91
ACCOUNT_00381,PERSON_0408,savings,SynthBank_Delta,2026-04-21 18:55:13,LOCATION_0053,0.85
ACCOUNT_00382,PERSON_1178,current,SynthBank_Beta,2022-11-05 13:49:27,LOCATION_0182,0.95
ACCOUNT_00383,PERSON_0641,savings,SynthBank_Gamma,2025-10-30 02:59:17,LOCATION_0016,0.89
ACCOUNT_00384,PERSON_1360,current,SynthBank_Beta,2024-02-18 02:41:49,LOCATION_0066,0.95
ACCOUNT_00385,PERSON_0027,savings,SynthBank_Alpha,2024-05-31 22:36:47,LOCATION_0059,0.99
ACCOUNT_00386,PERSON_0737,savings,SynthBank_Delta,2025-06-03 09:28:20,LOCATION_0006,0.82
ACCOUNT_00387,PERSON_0881,current,SynthBank_Gamma,2022-06-29 14:20:12,LOCATION_0050,0.93
ACCOUNT_00388,PERSON_1122,savings,SynthBank_Delta,2023-12-24 15:27:25,LOCATION_0085,0.95
ACCOUNT_00389,PERSON_0526,current,SynthBank_Gamma,2022-08-22 03:34:26,LOCATION_0206,0.9
ACCOUNT_00390,PERSON_0468,savings,SynthBank_Omega,2024-09-16 02:37:45,LOCATION_0017,0.8
ACCOUNT_00391,PERSON_1026,savings,SynthBank_Alpha,2022-12-19 21:57:06,LOCATION_0027,0.81
ACCOUNT_00392,PERSON_0446,current,SynthBank_Alpha,2023-11-16 21:30:47,LOCATION_0163,0.84
ACCOUNT_00393,PERSON_0929,current,SynthBank_Alpha,2024-02-03 14:27:24,LOCATION_0084,0.96
ACCOUNT_00394,PERSON_1219,current,SynthBank_Beta,2024-05-13 11:14:03,LOCATION_0219,0.9
ACCOUNT_00395,PERSON_0129,savings,SynthBank_Alpha,2026-01-30 07:47:43,LOCATION_0267,0.91
ACCOUNT_00396,PERSON_0842,savings,SynthBank_Beta,2025-03-29 21:31:49,LOCATION_0041,0.93
ACCOUNT_00397,PERSON_0512,current,SynthBank_Gamma,2022-03-06 23:15:40,LOCATION_0262,0.96
ACCOUNT_00398,PERSON_1131,current,SynthBank_Alpha,2024-02-02 10:31:38,LOCATION_0246,0.83
ACCOUNT_00399,PERSON_0801,current,SynthBank_Delta,2022-03-23 10:59:36,LOCATION_0179,0.79
ACCOUNT_00400,PERSON_1345,current,SynthBank_Omega,2023-09-07 07:20:59,LOCATION_0081,0.8
ACCOUNT_00401,PERSON_0675,savings,SynthBank_Delta,2023-04-06 08:04:02,LOCATION_0049,0.97
ACCOUNT_00402,PERSON_1261,current,SynthBank_Alpha,2025-01-28 11:14:53,LOCATION_0104,0.97
ACCOUNT_00403,PERSON_0877,current,SynthBank_Delta,2025-01-05 18:40:26,LOCATION_0234,0.78
ACCOUNT_00404,PERSON_1228,current,SynthBank_Omega,2023-01-13 14:33:28,LOCATION_0099,0.86
ACCOUNT_00405,PERSON_1452,current,SynthBank_Gamma,2022-08-25 15:59:06,LOCATION_0009,0.97
ACCOUNT_00406,PERSON_1448,savings,SynthBank_Omega,2022-07-22 04:07:55,LOCATION_0248,0.97
ACCOUNT_00407,PERSON_0152,savings,SynthBank_Gamma,2023-09-06 17:03:17,LOCATION_0264,0.92
ACCOUNT_00408,PERSON_0947,savings,SynthBank_Omega,2024-03-11 21:26:21,LOCATION_0259,0.86
ACCOUNT_00409,PERSON_0799,current,SynthBank_Beta,2023-02-08 18:33:09,LOCATION_0192,0.82
ACCOUNT_00410,PERSON_1227,current,SynthBank_Gamma,2025-08-17 15:00:30,LOCATION_0146,0.77
ACCOUNT_00411,PERSON_1338,current,SynthBank_Omega,2025-01-06 07:46:37,LOCATION_0150,0.91
ACCOUNT_00412,PERSON_0907,current,SynthBank_Alpha,2024-05-02 07:48:44,LOCATION_0257,0.8
ACCOUNT_00413,PERSON_1382,savings,SynthBank_Gamma,2026-05-27 20:50:43,LOCATION_0152,0.76
ACCOUNT_00414,PERSON_0493,savings,SynthBank_Alpha,2024-01-21 14:14:01,LOCATION_0298,0.95
ACCOUNT_00415,PERSON_1047,savings,SynthBank_Omega,2026-01-22 01:21:51,LOCATION_0244,0.78
ACCOUNT_00416,PERSON_1298,current,SynthBank_Gamma,2023-02-02 06:50:35,LOCATION_0274,0.87
ACCOUNT_00417,PERSON_1229,current,SynthBank_Alpha,2022-05-09 12:36:02,LOCATION_0004,0.82
ACCOUNT_00418,PERSON_1263,savings,SynthBank_Omega,2024-05-21 03:45:39,LOCATION_0003,0.86
ACCOUNT_00419,PERSON_0964,current,SynthBank_Alpha,2022-08-15 13:17:36,LOCATION_0217,0.94
ACCOUNT_00420,PERSON_0681,current,SynthBank_Beta,2023-12-03 02:30:07,LOCATION_0151,0.77
ACCOUNT_00421,PERSON_1466,current,SynthBank_Beta,2026-01-27 11:08:33,LOCATION_0179,0.84
ACCOUNT_00422,PERSON_1024,current,SynthBank_Omega,2025-07-23 02:08:44,LOCATION_0062,0.75
ACCOUNT_00423,PERSON_1000,savings,SynthBank_Delta,2023-04-06 21:11:10,LOCATION_0173,0.82
ACCOUNT_00424,PERSON_0700,savings,SynthBank_Gamma,2023-04-11 06:08:33,LOCATION_0188,0.84
ACCOUNT_00425,PERSON_0371,savings,SynthBank_Gamma,2026-02-06 04:45:48,LOCATION_0149,0.91
ACCOUNT_00426,PERSON_1179,current,SynthBank_Omega,2022-08-03 00:43:09,LOCATION_0101,0.99
ACCOUNT_00427,PERSON_0327,savings,SynthBank_Delta,2022-07-29 22:55:33,LOCATION_0262,0.97
ACCOUNT_00428,PERSON_0936,savings,SynthBank_Omega,2024-03-30 21:31:33,LOCATION_0036,0.78
ACCOUNT_00429,PERSON_0864,current,SynthBank_Delta,2024-11-23 15:26:01,LOCATION_0137,0.98
ACCOUNT_00430,PERSON_1246,savings,SynthBank_Alpha,2023-01-04 09:01:32,LOCATION_0057,0.77
ACCOUNT_00431,PERSON_1038,savings,SynthBank_Beta,2023-07-17 08:33:31,LOCATION_0212,0.81
ACCOUNT_00432,PERSON_0511,savings,SynthBank_Delta,2023-08-08 22:24:01,LOCATION_0151,0.82
ACCOUNT_00433,PERSON_0265,savings,SynthBank_Beta,2023-02-02 14:23:27,LOCATION_0233,0.87
ACCOUNT_00434,PERSON_1029,savings,SynthBank_Alpha,2023-02-24 14:56:39,LOCATION_0154,0.88
ACCOUNT_00435,PERSON_1413,current,SynthBank_Delta,2022-04-26 01:47:48,LOCATION_0293,0.94
ACCOUNT_00436,PERSON_0810,current,SynthBank_Alpha,2022-10-26 13:49:16,LOCATION_0148,0.89
ACCOUNT_00437,PERSON_0956,savings,SynthBank_Omega,2023-01-30 10:01:32,LOCATION_0200,0.92
ACCOUNT_00438,PERSON_1411,savings,SynthBank_Gamma,2024-07-31 03:47:14,LOCATION_0130,0.88
ACCOUNT_00439,PERSON_0875,savings,SynthBank_Gamma,2023-11-04 02:00:09,LOCATION_0214,0.88
ACCOUNT_00440,PERSON_1262,current,SynthBank_Gamma,2022-05-25 08:21:08,LOCATION_0109,0.78
ACCOUNT_00441,PERSON_1500,savings,SynthBank_Gamma,2024-09-07 14:08:16,LOCATION_0240,0.86
ACCOUNT_00442,PERSON_0519,current,SynthBank_Beta,2023-12-29 03:16:21,LOCATION_0094,0.94
ACCOUNT_00443,PERSON_0214,savings,SynthBank_Gamma,2022-04-24 16:13:29,LOCATION_0093,0.96
ACCOUNT_00444,PERSON_1431,savings,SynthBank_Gamma,2024-08-05 05:31:01,LOCATION_0166,0.86
ACCOUNT_00445,PERSON_0501,savings,SynthBank_Beta,2024-09-01 17:11:51,LOCATION_0216,0.93
ACCOUNT_00446,PERSON_0692,savings,SynthBank_Alpha,2023-04-20 20:00:27,LOCATION_0297,0.8
ACCOUNT_00447,PERSON_0653,savings,SynthBank_Delta,2023-12-13 03:16:44,LOCATION_0278,0.79
ACCOUNT_00448,PERSON_0673,savings,SynthBank_Gamma,2026-02-06 16:31:53,LOCATION_0058,0.83
ACCOUNT_00449,PERSON_1436,current,SynthBank_Delta,2023-06-15 06:25:08,LOCATION_0283,0.92
ACCOUNT_00450,PERSON_1344,current,SynthBank_Alpha,2023-09-18 03:09:51,LOCATION_0222,0.83
ACCOUNT_00451,PERSON_0916,current,SynthBank_Beta,2023-07-25 15:18:00,LOCATION_0264,0.99
ACCOUNT_00452,PERSON_0347,current,SynthBank_Beta,2026-02-06 16:03:05,LOCATION_0276,0.82
ACCOUNT_00453,PERSON_1417,savings,SynthBank_Gamma,2024-03-18 15:26:48,LOCATION_0269,0.83
ACCOUNT_00454,PERSON_0217,savings,SynthBank_Beta,2026-04-11 09:26:31,LOCATION_0080,0.96
ACCOUNT_00455,PERSON_1315,savings,SynthBank_Alpha,2025-06-10 03:59:22,LOCATION_0140,0.92
ACCOUNT_00456,PERSON_0254,savings,SynthBank_Delta,2025-03-09 02:19:09,LOCATION_0090,0.89
ACCOUNT_00457,PERSON_0153,current,SynthBank_Delta,2023-04-23 16:39:23,LOCATION_0281,0.93
ACCOUNT_00458,PERSON_0195,current,SynthBank_Gamma,2024-04-25 08:48:20,LOCATION_0275,0.95
ACCOUNT_00459,PERSON_0508,savings,SynthBank_Alpha,2025-11-17 01:44:40,LOCATION_0138,0.82
ACCOUNT_00460,PERSON_0859,current,SynthBank_Gamma,2025-03-26 06:55:20,LOCATION_0124,0.81
ACCOUNT_00461,PERSON_0069,savings,SynthBank_Delta,2022-03-07 19:34:37,LOCATION_0291,0.84
ACCOUNT_00462,PERSON_0131,savings,SynthBank_Gamma,2023-01-27 04:15:11,LOCATION_0295,0.85
ACCOUNT_00463,PERSON_1434,current,SynthBank_Gamma,2025-04-07 05:15:10,LOCATION_0162,0.97
ACCOUNT_00464,PERSON_0301,savings,SynthBank_Delta,2024-07-12 19:04:21,LOCATION_0281,0.82
ACCOUNT_00465,PERSON_1084,savings,SynthBank_Delta,2022-09-05 09:23:31,LOCATION_0213,0.86
ACCOUNT_00466,PERSON_1247,savings,SynthBank_Beta,2024-03-12 16:06:50,LOCATION_0267,0.94
ACCOUNT_00467,PERSON_0469,savings,SynthBank_Omega,2024-06-26 23:51:21,LOCATION_0155,0.95
ACCOUNT_00468,PERSON_0241,current,SynthBank_Gamma,2022-02-20 06:41:24,LOCATION_0276,0.88
ACCOUNT_00469,PERSON_1271,current,SynthBank_Gamma,2023-08-31 21:24:41,LOCATION_0069,0.82
ACCOUNT_00470,PERSON_0188,savings,SynthBank_Gamma,2023-06-07 18:09:12,LOCATION_0071,0.88
ACCOUNT_00471,PERSON_0706,savings,SynthBank_Beta,2022-04-03 08:01:06,LOCATION_0039,0.81
ACCOUNT_00472,PERSON_0499,savings,SynthBank_Alpha,2026-01-29 00:23:07,LOCATION_0210,0.88
ACCOUNT_00473,PERSON_1042,savings,SynthBank_Beta,2024-11-10 06:07:40,LOCATION_0099,0.9
ACCOUNT_00474,PERSON_1447,current,SynthBank_Alpha,2026-05-17 21:11:01,LOCATION_0274,0.89
ACCOUNT_00475,PERSON_1368,savings,SynthBank_Gamma,2025-08-23 04:16:21,LOCATION_0201,0.77
ACCOUNT_00476,PERSON_0284,savings,SynthBank_Alpha,2023-06-24 07:54:38,LOCATION_0182,0.85
ACCOUNT_00477,PERSON_0604,current,SynthBank_Alpha,2023-12-27 13:04:05,LOCATION_0001,0.99
ACCOUNT_00478,PERSON_1273,current,SynthBank_Beta,2023-10-13 17:35:41,LOCATION_0012,0.83
ACCOUNT_00479,PERSON_0448,current,SynthBank_Omega,2024-01-18 03:49:33,LOCATION_0173,0.77
ACCOUNT_00480,PERSON_0110,current,SynthBank_Beta,2023-02-20 16:14:33,LOCATION_0268,0.83
ACCOUNT_00481,PERSON_1302,current,SynthBank_Gamma,2024-09-27 07:21:15,LOCATION_0100,0.95
ACCOUNT_00482,PERSON_0123,current,SynthBank_Delta,2022-02-09 09:51:04,LOCATION_0282,0.9
ACCOUNT_00483,PERSON_0867,savings,SynthBank_Omega,2023-08-16 15:17:53,LOCATION_0114,0.95
ACCOUNT_00484,PERSON_0281,current,SynthBank_Gamma,2023-04-26 04:46:26,LOCATION_0162,0.77
ACCOUNT_00485,PERSON_1142,savings,SynthBank_Delta,2024-02-11 16:45:58,LOCATION_0124,0.85
ACCOUNT_00486,PERSON_0475,current,SynthBank_Delta,2023-08-18 03:20:52,LOCATION_0246,0.79
ACCOUNT_00487,PERSON_0364,savings,SynthBank_Alpha,2022-09-17 07:39:27,LOCATION_0116,0.79
ACCOUNT_00488,PERSON_1172,savings,SynthBank_Beta,2024-01-18 01:17:11,LOCATION_0179,0.75
ACCOUNT_00489,PERSON_1193,current,SynthBank_Delta,2024-11-24 18:34:59,LOCATION_0144,0.77
ACCOUNT_00490,PERSON_1078,savings,SynthBank_Alpha,2025-02-23 15:29:54,LOCATION_0148,0.78
ACCOUNT_00491,PERSON_1117,savings,SynthBank_Alpha,2025-01-18 04:29:29,LOCATION_0250,0.91
ACCOUNT_00492,PERSON_1039,current,SynthBank_Gamma,2026-05-21 04:33:59,LOCATION_0029,0.97
ACCOUNT_00493,PERSON_1126,savings,SynthBank_Beta,2022-10-14 09:47:16,LOCATION_0081,0.96
ACCOUNT_00494,PERSON_0068,savings,SynthBank_Delta,2023-10-10 14:51:13,LOCATION_0159,0.79
ACCOUNT_00495,PERSON_0621,savings,SynthBank_Delta,2023-06-16 19:08:21,LOCATION_0039,0.82
ACCOUNT_00496,PERSON_1158,savings,SynthBank_Beta,2025-07-09 00:57:00,LOCATION_0244,0.84
ACCOUNT_00497,PERSON_0858,savings,SynthBank_Omega,2023-02-04 16:17:52,LOCATION_0055,0.98
ACCOUNT_00498,PERSON_0800,savings,SynthBank_Alpha,2024-01-18 06:35:48,LOCATION_0008,0.98
ACCOUNT_00499,PERSON_0789,savings,SynthBank_Delta,2023-10-27 02:34:05,LOCATION_0229,0.97
ACCOUNT_00500,PERSON_0620,savings,SynthBank_Beta,2023-12-02 00:45:40,LOCATION_0024,0.78
ACCOUNT_00501,PERSON_0733,current,SynthBank_Omega,2025-03-13 04:09:48,LOCATION_0245,0.88
ACCOUNT_00502,PERSON_0921,savings,SynthBank_Alpha,2022-10-21 22:15:36,LOCATION_0076,0.79
ACCOUNT_00503,PERSON_0565,current,SynthBank_Delta,2025-01-04 23:38:31,LOCATION_0136,0.84
ACCOUNT_00504,PERSON_1062,savings,SynthBank_Alpha,2024-09-03 13:27:23,LOCATION_0078,0.76
ACCOUNT_00505,PERSON_0133,current,SynthBank_Delta,2023-06-05 09:35:35,LOCATION_0087,0.75
ACCOUNT_00506,PERSON_0759,current,SynthBank_Omega,2024-05-05 03:52:20,LOCATION_0051,0.95
ACCOUNT_00507,PERSON_1074,current,SynthBank_Beta,2024-07-02 17:27:16,LOCATION_0065,0.76
ACCOUNT_00508,PERSON_0714,savings,SynthBank_Gamma,2025-06-22 11:13:53,LOCATION_0049,0.79
ACCOUNT_00509,PERSON_0514,current,SynthBank_Delta,2023-10-06 22:32:25,LOCATION_0274,0.78
ACCOUNT_00510,PERSON_1281,savings,SynthBank_Beta,2022-08-13 01:30:53,LOCATION_0196,0.97
ACCOUNT_00511,PERSON_0688,current,SynthBank_Omega,2025-05-22 09:22:33,LOCATION_0153,0.76
ACCOUNT_00512,PERSON_0735,current,SynthBank_Gamma,2025-12-20 18:49:31,LOCATION_0230,0.97
ACCOUNT_00513,PERSON_0126,current,SynthBank_Gamma,2023-07-22 19:33:52,LOCATION_0253,0.91
ACCOUNT_00514,PERSON_1132,savings,SynthBank_Beta,2022-12-20 12:25:13,LOCATION_0051,0.92
ACCOUNT_00515,PERSON_1090,current,SynthBank_Alpha,2024-07-29 09:28:44,LOCATION_0112,0.97
ACCOUNT_00516,PERSON_0719,savings,SynthBank_Delta,2022-12-15 02:48:40,LOCATION_0254,0.92
ACCOUNT_00517,PERSON_0783,savings,SynthBank_Omega,2025-05-27 22:34:20,LOCATION_0004,0.87
ACCOUNT_00518,PERSON_0290,savings,SynthBank_Gamma,2026-05-07 04:40:51,LOCATION_0135,0.8
ACCOUNT_00519,PERSON_1163,current,SynthBank_Delta,2024-03-19 09:50:18,LOCATION_0292,0.85
ACCOUNT_00520,PERSON_0944,savings,SynthBank_Omega,2024-03-19 03:17:01,LOCATION_0158,0.92
ACCOUNT_00521,PERSON_1110,current,SynthBank_Delta,2023-09-11 21:21:31,LOCATION_0150,0.94
ACCOUNT_00522,PERSON_0054,current,SynthBank_Omega,2024-04-18 20:18:01,LOCATION_0016,0.92
ACCOUNT_00523,PERSON_1198,savings,SynthBank_Delta,2023-11-16 23:47:07,LOCATION_0246,0.85
ACCOUNT_00524,PERSON_0594,current,SynthBank_Delta,2026-03-03 16:54:28,LOCATION_0117,0.86
ACCOUNT_00525,PERSON_0798,current,SynthBank_Beta,2024-06-30 07:43:51,LOCATION_0038,0.92
ACCOUNT_00526,PERSON_0872,current,SynthBank_Beta,2023-05-13 04:29:02,LOCATION_0205,0.95
ACCOUNT_00527,PERSON_0041,savings,SynthBank_Gamma,2022-03-21 14:07:58,LOCATION_0292,0.92
ACCOUNT_00528,PERSON_0340,current,SynthBank_Beta,2024-05-15 07:48:20,LOCATION_0018,0.92
ACCOUNT_00529,PERSON_0702,current,SynthBank_Beta,2022-09-06 16:24:32,LOCATION_0055,0.94
ACCOUNT_00530,PERSON_0870,savings,SynthBank_Beta,2023-04-12 20:46:57,LOCATION_0266,0.85
ACCOUNT_00531,PERSON_1328,current,SynthBank_Beta,2022-09-21 17:49:22,LOCATION_0189,0.82
ACCOUNT_00532,PERSON_0507,current,SynthBank_Delta,2025-10-05 03:55:52,LOCATION_0274,0.83
ACCOUNT_00533,PERSON_0084,current,SynthBank_Omega,2026-05-16 16:29:37,LOCATION_0101,0.93
ACCOUNT_00534,PERSON_0116,current,SynthBank_Delta,2026-05-08 18:08:16,LOCATION_0293,0.88
ACCOUNT_00535,PERSON_1401,current,SynthBank_Beta,2025-06-08 20:58:09,LOCATION_0174,0.89
ACCOUNT_00536,PERSON_0986,savings,SynthBank_Alpha,2024-01-07 04:21:15,LOCATION_0126,0.79
ACCOUNT_00537,PERSON_0732,savings,SynthBank_Delta,2022-08-11 09:44:39,LOCATION_0017,0.92
ACCOUNT_00538,PERSON_1034,current,SynthBank_Gamma,2025-11-09 18:14:30,LOCATION_0279,0.96
ACCOUNT_00539,PERSON_0665,current,SynthBank_Delta,2023-05-22 11:29:15,LOCATION_0159,0.98
ACCOUNT_00540,PERSON_0271,savings,SynthBank_Omega,2024-07-25 11:19:50,LOCATION_0079,0.8
ACCOUNT_00541,PERSON_1495,current,SynthBank_Alpha,2024-01-14 17:33:16,LOCATION_0294,0.87
ACCOUNT_00542,PERSON_0572,savings,SynthBank_Alpha,2022-07-08 05:04:04,LOCATION_0242,0.92
ACCOUNT_00543,PERSON_0871,current,SynthBank_Omega,2023-09-21 16:36:21,LOCATION_0254,0.9
ACCOUNT_00544,PERSON_0378,savings,SynthBank_Omega,2023-07-05 22:09:01,LOCATION_0193,0.86
ACCOUNT_00545,PERSON_1107,current,SynthBank_Omega,2025-07-03 05:04:51,LOCATION_0162,0.83
ACCOUNT_00546,PERSON_0097,current,SynthBank_Alpha,2025-09-23 10:50:28,LOCATION_0204,0.81
ACCOUNT_00547,PERSON_1225,current,SynthBank_Omega,2024-03-15 22:13:42,LOCATION_0145,0.96
ACCOUNT_00548,PERSON_0453,savings,SynthBank_Gamma,2024-06-27 01:45:12,LOCATION_0176,0.8
ACCOUNT_00549,PERSON_1366,savings,SynthBank_Omega,2023-07-11 09:56:03,LOCATION_0006,0.83
ACCOUNT_00550,PERSON_0557,savings,SynthBank_Delta,2025-12-27 04:57:23,LOCATION_0269,0.8
ACCOUNT_00551,PERSON_0049,savings,SynthBank_Beta,2026-01-10 14:36:54,LOCATION_0015,0.88
ACCOUNT_00552,PERSON_0772,current,SynthBank_Gamma,2025-04-27 11:31:01,LOCATION_0254,0.87
ACCOUNT_00553,PERSON_1116,current,SynthBank_Beta,2023-06-13 11:37:07,LOCATION_0111,0.8
ACCOUNT_00554,PERSON_1054,savings,SynthBank_Beta,2025-03-11 09:58:21,LOCATION_0264,0.8
ACCOUNT_00555,PERSON_0154,savings,SynthBank_Alpha,2025-12-24 20:35:14,LOCATION_0269,0.82
ACCOUNT_00556,PERSON_0238,current,SynthBank_Omega,2024-05-26 15:34:28,LOCATION_0291,0.8
ACCOUNT_00557,PERSON_0055,current,SynthBank_Delta,2022-06-26 21:35:16,LOCATION_0042,0.89
ACCOUNT_00558,PERSON_0395,current,SynthBank_Omega,2024-09-04 20:52:15,LOCATION_0268,0.91
ACCOUNT_00559,PERSON_0124,savings,SynthBank_Gamma,2024-03-09 01:17:47,LOCATION_0069,0.85
ACCOUNT_00560,PERSON_0356,current,SynthBank_Omega,2024-05-02 12:06:32,LOCATION_0265,0.79
ACCOUNT_00561,PERSON_0135,savings,SynthBank_Gamma,2025-01-30 06:04:18,LOCATION_0257,0.82
ACCOUNT_00562,PERSON_0386,savings,SynthBank_Gamma,2023-03-19 07:10:17,LOCATION_0087,0.78
ACCOUNT_00563,PERSON_0098,current,SynthBank_Gamma,2025-04-30 12:06:06,LOCATION_0265,0.92
ACCOUNT_00564,PERSON_0221,savings,SynthBank_Gamma,2022-03-24 17:10:49,LOCATION_0069,0.95
ACCOUNT_00565,PERSON_0042,current,SynthBank_Gamma,2025-04-26 03:20:13,LOCATION_0072,0.85
ACCOUNT_00566,PERSON_1299,current,SynthBank_Beta,2024-05-04 00:51:55,LOCATION_0282,0.91
ACCOUNT_00567,PERSON_0518,savings,SynthBank_Beta,2022-12-23 17:02:47,LOCATION_0107,0.83
ACCOUNT_00568,PERSON_0861,savings,SynthBank_Delta,2022-09-15 04:21:58,LOCATION_0287,0.81
ACCOUNT_00569,PERSON_0502,current,SynthBank_Alpha,2026-04-20 18:56:28,LOCATION_0064,0.9
ACCOUNT_00570,PERSON_1059,current,SynthBank_Omega,2024-12-31 22:49:14,LOCATION_0251,0.82
ACCOUNT_00571,PERSON_1498,savings,SynthBank_Omega,2025-05-11 02:43:01,LOCATION_0007,0.76
ACCOUNT_00572,PERSON_1493,current,SynthBank_Alpha,2024-01-17 13:42:46,LOCATION_0251,0.82
ACCOUNT_00573,PERSON_0013,savings,SynthBank_Alpha,2023-12-05 20:50:39,LOCATION_0266,0.95
ACCOUNT_00574,PERSON_0455,savings,SynthBank_Alpha,2024-05-30 16:02:04,LOCATION_0237,0.95
ACCOUNT_00575,PERSON_0569,savings,SynthBank_Gamma,2022-03-26 06:27:44,LOCATION_0117,0.89
ACCOUNT_00576,PERSON_0756,current,SynthBank_Gamma,2025-02-22 06:15:43,LOCATION_0121,0.86
ACCOUNT_00577,PERSON_0882,savings,SynthBank_Beta,2023-09-22 14:11:22,LOCATION_0267,0.95
ACCOUNT_00578,PERSON_0965,savings,SynthBank_Gamma,2026-02-03 23:54:55,LOCATION_0147,0.93
ACCOUNT_00579,PERSON_0638,savings,SynthBank_Beta,2026-03-14 04:03:40,LOCATION_0284,0.96
ACCOUNT_00580,PERSON_0913,current,SynthBank_Beta,2024-11-06 05:14:16,LOCATION_0222,0.98
ACCOUNT_00581,PERSON_1323,savings,SynthBank_Omega,2025-01-05 16:01:24,LOCATION_0171,0.82
ACCOUNT_00582,PERSON_0652,savings,SynthBank_Omega,2025-02-16 08:21:09,LOCATION_0082,0.84
ACCOUNT_00583,PERSON_1453,savings,SynthBank_Beta,2023-02-27 15:09:26,LOCATION_0222,0.92
ACCOUNT_00584,PERSON_0611,current,SynthBank_Gamma,2026-04-30 17:45:09,LOCATION_0128,0.91
ACCOUNT_00585,PERSON_1327,current,SynthBank_Omega,2023-09-15 10:21:05,LOCATION_0011,0.96
ACCOUNT_00586,PERSON_0834,savings,SynthBank_Alpha,2024-01-25 04:37:45,LOCATION_0012,0.8
ACCOUNT_00587,PERSON_0485,savings,SynthBank_Gamma,2024-03-08 15:05:31,LOCATION_0256,0.83
ACCOUNT_00588,PERSON_1237,savings,SynthBank_Omega,2026-05-14 18:43:04,LOCATION_0132,0.86
ACCOUNT_00589,PERSON_0337,current,SynthBank_Gamma,2022-02-28 16:12:51,LOCATION_0107,0.84
ACCOUNT_00590,PERSON_0233,current,SynthBank_Gamma,2024-03-03 13:36:25,LOCATION_0008,0.81
ACCOUNT_00591,PERSON_1267,savings,SynthBank_Omega,2023-11-04 07:05:32,LOCATION_0007,0.82
ACCOUNT_00592,PERSON_0685,current,SynthBank_Beta,2023-09-06 15:05:53,LOCATION_0188,0.91
ACCOUNT_00593,PERSON_0738,savings,SynthBank_Beta,2023-05-10 21:16:37,LOCATION_0090,0.79
ACCOUNT_00594,PERSON_0631,current,SynthBank_Alpha,2022-05-02 03:29:01,LOCATION_0147,0.89
ACCOUNT_00595,PERSON_1174,savings,SynthBank_Delta,2022-06-05 03:57:54,LOCATION_0032,0.96
ACCOUNT_00596,PERSON_1331,savings,SynthBank_Delta,2025-08-18 02:05:58,LOCATION_0273,0.95
ACCOUNT_00597,PERSON_0684,current,SynthBank_Omega,2024-07-05 21:14:04,LOCATION_0293,0.86
ACCOUNT_00598,PERSON_0206,savings,SynthBank_Alpha,2024-10-06 12:52:58,LOCATION_0052,0.91
ACCOUNT_00599,PERSON_0004,savings,SynthBank_Omega,2024-04-25 02:34:20,LOCATION_0033,0.96
ACCOUNT_00600,PERSON_1180,current,SynthBank_Alpha,2023-11-13 07:57:10,LOCATION_0227,0.87
ACCOUNT_00601,PERSON_0703,savings,SynthBank_Beta,2025-07-20 05:33:44,LOCATION_0026,0.8
ACCOUNT_00602,PERSON_1231,current,SynthBank_Gamma,2022-03-23 03:13:18,LOCATION_0028,0.83
ACCOUNT_00603,PERSON_1339,savings,SynthBank_Beta,2023-12-23 05:23:52,LOCATION_0250,0.81
ACCOUNT_00604,PERSON_1201,savings,SynthBank_Delta,2025-04-12 06:00:49,LOCATION_0290,0.78
ACCOUNT_00605,PERSON_1300,savings,SynthBank_Beta,2026-04-29 13:50:54,LOCATION_0141,0.99
ACCOUNT_00606,PERSON_1095,savings,SynthBank_Omega,2024-08-15 04:55:57,LOCATION_0125,0.86
ACCOUNT_00607,PERSON_1295,current,SynthBank_Gamma,2025-02-09 02:38:57,LOCATION_0069,0.78
ACCOUNT_00608,PERSON_0740,current,SynthBank_Alpha,2023-03-26 17:45:45,LOCATION_0244,0.77
ACCOUNT_00609,PERSON_0888,savings,SynthBank_Omega,2025-11-08 20:19:21,LOCATION_0126,0.82
ACCOUNT_00610,PERSON_1157,current,SynthBank_Beta,2026-05-11 06:32:43,LOCATION_0124,0.87
ACCOUNT_00611,PERSON_1490,current,SynthBank_Beta,2023-11-06 23:35:17,LOCATION_0043,0.8
ACCOUNT_00612,PERSON_0961,savings,SynthBank_Gamma,2023-01-06 12:48:02,LOCATION_0027,0.99
ACCOUNT_00613,PERSON_0566,current,SynthBank_Delta,2023-08-07 06:07:09,LOCATION_0091,0.86
ACCOUNT_00614,PERSON_0883,current,SynthBank_Omega,2025-09-22 03:52:00,LOCATION_0224,0.89
ACCOUNT_00615,PERSON_1404,current,SynthBank_Alpha,2025-06-06 17:51:31,LOCATION_0031,0.93
ACCOUNT_00616,PERSON_0661,current,SynthBank_Gamma,2024-07-25 06:39:30,LOCATION_0158,0.81
ACCOUNT_00617,PERSON_0158,savings,SynthBank_Delta,2024-01-10 13:47:14,LOCATION_0268,0.83
ACCOUNT_00618,PERSON_1048,savings,SynthBank_Alpha,2023-02-10 01:54:58,LOCATION_0084,0.78
ACCOUNT_00619,PERSON_1290,current,SynthBank_Alpha,2026-03-04 17:31:00,LOCATION_0210,0.87
ACCOUNT_00620,PERSON_0141,savings,SynthBank_Beta,2022-02-20 23:35:38,LOCATION_0270,0.91
ACCOUNT_00621,PERSON_0161,savings,SynthBank_Omega,2024-10-04 09:50:17,LOCATION_0010,0.89
ACCOUNT_00622,PERSON_0306,current,SynthBank_Alpha,2025-05-28 01:56:26,LOCATION_0061,0.79
ACCOUNT_00623,PERSON_1125,current,SynthBank_Delta,2025-02-24 03:15:32,LOCATION_0096,0.88
ACCOUNT_00624,PERSON_0674,savings,SynthBank_Alpha,2024-07-27 01:43:35,LOCATION_0230,0.87
ACCOUNT_00625,PERSON_1465,savings,SynthBank_Delta,2022-02-20 15:55:42,LOCATION_0143,0.98
ACCOUNT_00626,PERSON_0396,savings,SynthBank_Beta,2024-11-10 07:03:27,LOCATION_0294,0.89
ACCOUNT_00627,PERSON_0573,current,SynthBank_Omega,2022-11-06 05:41:53,LOCATION_0289,0.84
ACCOUNT_00628,PERSON_0400,current,SynthBank_Gamma,2022-10-09 15:12:34,LOCATION_0061,0.92
ACCOUNT_00629,PERSON_1003,savings,SynthBank_Gamma,2026-01-12 22:02:28,LOCATION_0184,0.9
ACCOUNT_00630,PERSON_1313,savings,SynthBank_Alpha,2025-11-13 22:51:43,LOCATION_0227,0.77
ACCOUNT_00631,PERSON_0651,savings,SynthBank_Gamma,2023-12-03 15:47:22,LOCATION_0061,0.8
ACCOUNT_00632,PERSON_1189,savings,SynthBank_Alpha,2024-02-11 02:47:27,LOCATION_0130,0.96
ACCOUNT_00633,PERSON_1027,savings,SynthBank_Beta,2026-04-26 13:41:52,LOCATION_0251,0.8
ACCOUNT_00634,PERSON_0225,current,SynthBank_Delta,2022-08-29 20:54:39,LOCATION_0080,0.84
ACCOUNT_00635,PERSON_0288,savings,SynthBank_Beta,2023-12-04 05:20:18,LOCATION_0141,0.82
ACCOUNT_00636,PERSON_1251,savings,SynthBank_Alpha,2024-07-17 22:29:03,LOCATION_0218,0.84
ACCOUNT_00637,PERSON_0817,current,SynthBank_Gamma,2022-02-01 14:01:25,LOCATION_0200,0.81
ACCOUNT_00638,PERSON_0972,current,SynthBank_Alpha,2025-12-08 15:31:38,LOCATION_0179,0.92
ACCOUNT_00639,PERSON_0541,current,SynthBank_Beta,2023-02-25 16:46:56,LOCATION_0028,0.87
ACCOUNT_00640,PERSON_0458,savings,SynthBank_Gamma,2022-02-25 13:39:56,LOCATION_0088,0.98
ACCOUNT_00641,PERSON_1018,current,SynthBank_Gamma,2022-07-17 17:25:18,LOCATION_0111,0.81
ACCOUNT_00642,PERSON_0479,current,SynthBank_Gamma,2025-01-31 10:36:17,LOCATION_0194,0.97
ACCOUNT_00643,PERSON_1175,current,SynthBank_Gamma,2022-09-09 11:08:24,LOCATION_0026,0.83
ACCOUNT_00644,PERSON_1384,savings,SynthBank_Delta,2022-07-29 07:18:16,LOCATION_0120,0.9
ACCOUNT_00645,PERSON_0610,current,SynthBank_Gamma,2022-02-12 14:33:58,LOCATION_0161,0.76
ACCOUNT_00646,PERSON_1222,current,SynthBank_Delta,2023-11-12 13:13:26,LOCATION_0092,0.88
ACCOUNT_00647,PERSON_0348,savings,SynthBank_Gamma,2023-10-30 03:18:47,LOCATION_0284,0.88
ACCOUNT_00648,PERSON_0447,savings,SynthBank_Omega,2023-05-10 02:56:15,LOCATION_0153,0.87
ACCOUNT_00649,PERSON_0380,current,SynthBank_Delta,2026-03-06 18:10:23,LOCATION_0077,0.77
ACCOUNT_00650,PERSON_1294,current,SynthBank_Alpha,2023-11-09 23:39:11,LOCATION_0102,0.98
ACCOUNT_00651,PERSON_0612,savings,SynthBank_Omega,2026-05-27 10:47:29,LOCATION_0102,0.88
ACCOUNT_00652,PERSON_0582,current,SynthBank_Delta,2023-11-02 21:14:06,LOCATION_0002,0.82
ACCOUNT_00653,PERSON_0232,current,SynthBank_Delta,2022-08-20 21:19:59,LOCATION_0229,0.75
ACCOUNT_00654,PERSON_0383,current,SynthBank_Omega,2022-07-30 20:35:04,LOCATION_0290,0.83
ACCOUNT_00655,PERSON_0670,savings,SynthBank_Gamma,2022-11-10 08:16:54,LOCATION_0220,0.77
ACCOUNT_00656,PERSON_0073,savings,SynthBank_Beta,2022-10-18 20:06:36,LOCATION_0015,0.9
ACCOUNT_00657,PERSON_0071,current,SynthBank_Delta,2025-04-19 22:56:42,LOCATION_0265,0.88
ACCOUNT_00658,PERSON_0672,current,SynthBank_Delta,2026-04-24 07:30:14,LOCATION_0297,0.94
ACCOUNT_00659,PERSON_0172,savings,SynthBank_Omega,2025-09-01 07:22:08,LOCATION_0150,0.87
ACCOUNT_00660,PERSON_0169,current,SynthBank_Delta,2026-02-12 06:13:00,LOCATION_0287,0.79
ACCOUNT_00661,PERSON_0494,current,SynthBank_Alpha,2026-04-01 06:10:53,LOCATION_0017,0.91
ACCOUNT_00662,PERSON_1129,current,SynthBank_Alpha,2023-08-25 06:28:59,LOCATION_0117,0.84
ACCOUNT_00663,PERSON_0739,savings,SynthBank_Delta,2024-10-20 17:08:17,LOCATION_0124,0.89
ACCOUNT_00664,PERSON_0273,savings,SynthBank_Gamma,2024-10-18 14:03:48,LOCATION_0067,0.84
ACCOUNT_00665,PERSON_0919,current,SynthBank_Gamma,2026-05-09 09:34:37,LOCATION_0064,0.84
ACCOUNT_00666,PERSON_0421,current,SynthBank_Alpha,2022-02-16 03:06:37,LOCATION_0142,0.91
ACCOUNT_00667,PERSON_1017,current,SynthBank_Omega,2023-04-02 18:59:06,LOCATION_0012,0.99
ACCOUNT_00668,PERSON_0043,current,SynthBank_Alpha,2023-12-28 23:40:13,LOCATION_0198,0.84
ACCOUNT_00669,PERSON_1194,savings,SynthBank_Gamma,2023-01-10 18:04:12,LOCATION_0286,0.95
ACCOUNT_00670,PERSON_0678,current,SynthBank_Beta,2024-12-09 02:57:42,LOCATION_0142,0.91
ACCOUNT_00671,PERSON_0039,current,SynthBank_Omega,2024-06-26 09:00:31,LOCATION_0237,0.97
ACCOUNT_00672,PERSON_0307,current,SynthBank_Beta,2025-04-30 00:34:29,LOCATION_0291,0.83
ACCOUNT_00673,PERSON_0701,current,SynthBank_Alpha,2023-07-22 12:59:27,LOCATION_0270,0.93
ACCOUNT_00674,PERSON_0409,savings,SynthBank_Gamma,2022-12-09 05:35:35,LOCATION_0198,0.9
ACCOUNT_00675,PERSON_0535,current,SynthBank_Gamma,2025-08-14 17:31:38,LOCATION_0280,0.98
ACCOUNT_00676,PERSON_0862,current,SynthBank_Gamma,2022-03-29 23:47:04,LOCATION_0158,0.8
ACCOUNT_00677,PERSON_1422,savings,SynthBank_Alpha,2024-09-16 04:35:25,LOCATION_0002,0.98
ACCOUNT_00678,PERSON_1280,current,SynthBank_Alpha,2024-10-26 21:48:13,LOCATION_0205,0.76
ACCOUNT_00679,PERSON_0622,current,SynthBank_Omega,2025-02-16 20:36:04,LOCATION_0101,0.95
ACCOUNT_00680,PERSON_0317,savings,SynthBank_Beta,2026-05-23 07:36:01,LOCATION_0107,0.78
ACCOUNT_00681,PERSON_0908,savings,SynthBank_Gamma,2025-04-03 10:53:41,LOCATION_0137,0.78
ACCOUNT_00682,PERSON_0659,current,SynthBank_Gamma,2025-07-11 00:23:26,LOCATION_0127,0.89
ACCOUNT_00683,PERSON_0534,current,SynthBank_Gamma,2022-08-15 04:44:35,LOCATION_0237,0.78
ACCOUNT_00684,PERSON_0599,current,SynthBank_Alpha,2022-12-11 01:00:03,LOCATION_0018,0.83
ACCOUNT_00685,PERSON_0792,savings,SynthBank_Beta,2026-04-09 15:57:31,LOCATION_0077,0.75
ACCOUNT_00686,PERSON_0549,savings,SynthBank_Alpha,2026-05-14 23:09:00,LOCATION_0153,0.81
ACCOUNT_00687,PERSON_0454,current,SynthBank_Gamma,2025-05-20 22:39:44,LOCATION_0003,0.84
ACCOUNT_00688,PERSON_1460,savings,SynthBank_Omega,2025-07-27 10:19:49,LOCATION_0027,0.91
ACCOUNT_00689,PERSON_1380,savings,SynthBank_Omega,2024-04-20 18:52:11,LOCATION_0048,0.86
ACCOUNT_00690,PERSON_0571,savings,SynthBank_Alpha,2025-02-04 02:41:13,LOCATION_0185,0.77
ACCOUNT_00691,PERSON_1266,current,SynthBank_Beta,2025-06-11 18:39:51,LOCATION_0271,0.76
ACCOUNT_00692,PERSON_0062,savings,SynthBank_Delta,2022-11-17 20:41:39,LOCATION_0168,0.85
ACCOUNT_00693,PERSON_1308,savings,SynthBank_Omega,2025-07-06 05:47:47,LOCATION_0241,0.81
ACCOUNT_00694,PERSON_0537,savings,SynthBank_Omega,2026-04-19 08:51:18,LOCATION_0018,0.76
ACCOUNT_00695,PERSON_1482,savings,SynthBank_Delta,2025-06-02 04:10:31,LOCATION_0148,0.86
ACCOUNT_00696,PERSON_1016,savings,SynthBank_Alpha,2023-02-14 06:15:07,LOCATION_0257,0.8
ACCOUNT_00697,PERSON_0245,savings,SynthBank_Gamma,2022-09-17 14:04:22,LOCATION_0069,0.78
ACCOUNT_00698,PERSON_0223,savings,SynthBank_Alpha,2023-12-15 10:24:54,LOCATION_0055,0.86
ACCOUNT_00699,PERSON_0914,savings,SynthBank_Beta,2025-11-02 12:19:43,LOCATION_0067,0.76
ACCOUNT_00700,PERSON_0106,savings,SynthBank_Omega,2023-12-29 20:50:50,LOCATION_0240,0.79
ACCOUNT_00701,PERSON_1166,current,SynthBank_Delta,2022-12-30 03:45:28,LOCATION_0134,0.91
ACCOUNT_00702,PERSON_0510,current,SynthBank_Omega,2026-01-05 11:33:02,LOCATION_0247,0.81
ACCOUNT_00703,PERSON_0132,current,SynthBank_Alpha,2024-02-13 11:46:23,LOCATION_0184,0.96
ACCOUNT_00704,PERSON_0445,savings,SynthBank_Omega,2024-07-22 05:59:20,LOCATION_0269,0.98
ACCOUNT_00705,PERSON_0643,current,SynthBank_Alpha,2025-01-02 14:54:35,LOCATION_0170,0.83
ACCOUNT_00706,PERSON_0509,current,SynthBank_Gamma,2026-04-05 06:30:52,LOCATION_0098,0.95
ACCOUNT_00707,PERSON_1496,current,SynthBank_Beta,2024-11-21 13:14:32,LOCATION_0113,0.77
ACCOUNT_00708,PERSON_0076,current,SynthBank_Omega,2023-07-11 17:04:25,LOCATION_0145,0.84
ACCOUNT_00709,PERSON_1319,savings,SynthBank_Omega,2025-10-11 07:04:52,LOCATION_0179,0.87
ACCOUNT_00710,PERSON_0058,savings,SynthBank_Omega,2023-04-21 14:14:20,LOCATION_0149,0.81
ACCOUNT_00711,PERSON_0197,current,SynthBank_Omega,2025-03-22 15:19:47,LOCATION_0288,0.8
ACCOUNT_00712,PERSON_1238,savings,SynthBank_Beta,2022-09-18 10:53:45,LOCATION_0230,0.88
ACCOUNT_00713,PERSON_0708,savings,SynthBank_Delta,2025-11-03 09:32:50,LOCATION_0239,0.97
ACCOUNT_00714,PERSON_0838,current,SynthBank_Beta,2025-03-19 00:44:51,LOCATION_0190,0.91
ACCOUNT_00715,PERSON_1317,savings,SynthBank_Beta,2022-04-05 16:53:39,LOCATION_0236,0.89
ACCOUNT_00716,PERSON_0478,savings,SynthBank_Delta,2025-11-28 08:48:56,LOCATION_0048,0.88
ACCOUNT_00717,PERSON_0087,savings,SynthBank_Omega,2022-12-12 04:09:45,LOCATION_0240,0.89
ACCOUNT_00718,PERSON_0562,current,SynthBank_Beta,2026-04-08 21:31:47,LOCATION_0154,0.79
ACCOUNT_00719,PERSON_0335,current,SynthBank_Beta,2024-05-02 01:42:31,LOCATION_0275,0.94
ACCOUNT_00720,PERSON_1088,savings,SynthBank_Omega,2024-10-06 08:12:47,LOCATION_0276,0.86
ACCOUNT_00721,PERSON_0952,savings,SynthBank_Delta,2023-06-15 19:41:56,LOCATION_0023,0.91
ACCOUNT_00722,PERSON_0900,savings,SynthBank_Delta,2023-03-26 17:38:51,LOCATION_0246,0.82
ACCOUNT_00723,PERSON_1160,savings,SynthBank_Beta,2022-07-27 01:40:06,LOCATION_0089,0.96
ACCOUNT_00724,PERSON_1165,current,SynthBank_Gamma,2025-07-11 08:03:43,LOCATION_0289,0.98
ACCOUNT_00725,PERSON_0539,current,SynthBank_Beta,2022-03-23 02:23:07,LOCATION_0170,0.8
ACCOUNT_00726,PERSON_0761,savings,SynthBank_Alpha,2023-06-07 16:36:58,LOCATION_0248,0.86
ACCOUNT_00727,PERSON_0419,savings,SynthBank_Omega,2025-12-22 12:45:24,LOCATION_0124,0.86
ACCOUNT_00728,PERSON_0946,savings,SynthBank_Delta,2022-09-06 04:43:19,LOCATION_0277,0.9
ACCOUNT_00729,PERSON_1400,current,SynthBank_Delta,2022-02-02 18:49:48,LOCATION_0234,0.77
ACCOUNT_00730,PERSON_0987,savings,SynthBank_Beta,2024-05-23 12:22:33,LOCATION_0016,0.97
ACCOUNT_00731,PERSON_0574,savings,SynthBank_Gamma,2022-05-02 20:44:39,LOCATION_0048,0.9
ACCOUNT_00732,PERSON_0636,savings,SynthBank_Alpha,2023-06-10 20:31:04,LOCATION_0279,0.81
ACCOUNT_00733,PERSON_1268,current,SynthBank_Beta,2022-05-07 11:55:48,LOCATION_0118,0.86
ACCOUNT_00734,PERSON_0333,current,SynthBank_Beta,2022-08-09 21:09:44,LOCATION_0153,0.76
ACCOUNT_00735,PERSON_1479,savings,SynthBank_Beta,2023-06-22 21:15:18,LOCATION_0095,0.82
ACCOUNT_00736,PERSON_0575,savings,SynthBank_Beta,2024-01-31 05:39:09,LOCATION_0183,0.79
ACCOUNT_00737,PERSON_1283,savings,SynthBank_Omega,2025-01-26 16:43:48,LOCATION_0162,0.87
ACCOUNT_00738,PERSON_1096,savings,SynthBank_Alpha,2023-05-23 16:43:49,LOCATION_0133,0.79
ACCOUNT_00739,PERSON_1091,current,SynthBank_Delta,2025-09-05 12:29:52,LOCATION_0043,0.89
ACCOUNT_00740,PERSON_1364,current,SynthBank_Alpha,2022-08-24 18:25:13,LOCATION_0277,0.9
ACCOUNT_00741,PERSON_1209,current,SynthBank_Alpha,2024-01-04 16:19:39,LOCATION_0198,0.91
ACCOUNT_00742,PERSON_1440,current,SynthBank_Omega,2023-10-14 10:02:21,LOCATION_0198,0.96
ACCOUNT_00743,PERSON_1173,savings,SynthBank_Gamma,2022-09-01 11:56:03,LOCATION_0202,0.76
ACCOUNT_00744,PERSON_0009,savings,SynthBank_Omega,2024-09-16 05:33:34,LOCATION_0090,0.83
ACCOUNT_00745,PERSON_0922,current,SynthBank_Omega,2023-09-10 16:15:27,LOCATION_0229,0.96
ACCOUNT_00746,PERSON_0899,current,SynthBank_Delta,2023-05-10 17:07:30,LOCATION_0280,0.91
ACCOUNT_00747,PERSON_1011,current,SynthBank_Delta,2025-08-27 22:54:23,LOCATION_0168,0.83
ACCOUNT_00748,PERSON_1274,savings,SynthBank_Alpha,2025-12-19 15:05:03,LOCATION_0166,0.92
ACCOUNT_00749,PERSON_0075,current,SynthBank_Delta,2025-11-13 22:37:02,LOCATION_0033,0.96
ACCOUNT_00750,PERSON_0849,savings,SynthBank_Beta,2025-05-17 20:00:01,LOCATION_0227,0.98
ACCOUNT_00751,PERSON_0523,savings,SynthBank_Beta,2025-08-17 01:44:03,LOCATION_0081,0.92
ACCOUNT_00752,PERSON_0336,savings,SynthBank_Alpha,2025-03-15 03:03:14,LOCATION_0165,0.85
ACCOUNT_00753,PERSON_0570,savings,SynthBank_Alpha,2023-08-30 04:41:44,LOCATION_0178,0.86
ACCOUNT_00754,PERSON_0089,savings,SynthBank_Alpha,2024-01-17 22:04:34,LOCATION_0090,0.88
ACCOUNT_00755,PERSON_0729,current,SynthBank_Omega,2022-06-08 19:17:04,LOCATION_0182,0.87
ACCOUNT_00756,PERSON_0218,current,SynthBank_Gamma,2023-10-08 08:20:52,LOCATION_0012,0.77
ACCOUNT_00757,PERSON_1372,savings,SynthBank_Alpha,2024-08-04 07:31:06,LOCATION_0194,0.79
ACCOUNT_00758,PERSON_0174,savings,SynthBank_Delta,2023-07-17 20:56:24,LOCATION_0217,0.79
ACCOUNT_00759,PERSON_1378,savings,SynthBank_Beta,2024-07-26 22:06:42,LOCATION_0202,0.82
ACCOUNT_00760,PERSON_0222,savings,SynthBank_Delta,2026-03-14 00:51:49,LOCATION_0100,0.92
ACCOUNT_00761,PERSON_0320,savings,SynthBank_Gamma,2026-03-12 22:53:41,LOCATION_0010,0.98
ACCOUNT_00762,PERSON_1304,savings,SynthBank_Beta,2025-04-23 04:55:34,LOCATION_0056,0.75
ACCOUNT_00763,PERSON_1346,current,SynthBank_Gamma,2026-03-03 20:13:39,LOCATION_0163,0.99
ACCOUNT_00764,PERSON_0996,current,SynthBank_Alpha,2025-05-07 21:15:38,LOCATION_0215,0.83
ACCOUNT_00765,PERSON_0267,savings,SynthBank_Delta,2024-11-26 10:41:52,LOCATION_0041,0.92
ACCOUNT_00766,PERSON_0007,current,SynthBank_Beta,2026-02-16 06:44:44,LOCATION_0243,0.98
ACCOUNT_00767,PERSON_0780,savings,SynthBank_Delta,2025-07-11 18:08:32,LOCATION_0044,0.87
ACCOUNT_00768,PERSON_0139,current,SynthBank_Delta,2023-06-27 09:25:50,LOCATION_0177,0.78
ACCOUNT_00769,PERSON_0164,current,SynthBank_Alpha,2024-09-16 12:22:32,LOCATION_0026,0.8
ACCOUNT_00770,PERSON_0595,current,SynthBank_Delta,2024-10-24 14:19:33,LOCATION_0192,0.82
ACCOUNT_00771,PERSON_1414,savings,SynthBank_Beta,2024-10-18 09:24:07,LOCATION_0178,0.82
ACCOUNT_00772,PERSON_1322,savings,SynthBank_Gamma,2023-12-07 18:11:46,LOCATION_0149,0.98
ACCOUNT_00773,PERSON_1087,savings,SynthBank_Beta,2022-09-24 14:05:22,LOCATION_0196,0.83
ACCOUNT_00774,PERSON_1424,current,SynthBank_Omega,2022-08-24 01:31:18,LOCATION_0022,0.93
ACCOUNT_00775,PERSON_0524,savings,SynthBank_Gamma,2022-02-28 14:43:22,LOCATION_0222,0.9
ACCOUNT_00776,PERSON_0846,current,SynthBank_Gamma,2025-06-21 05:43:43,LOCATION_0017,0.78
ACCOUNT_00777,PERSON_1288,savings,SynthBank_Omega,2025-12-24 21:23:18,LOCATION_0278,0.95
ACCOUNT_00778,PERSON_0579,current,SynthBank_Omega,2023-10-09 19:09:36,LOCATION_0062,0.82
ACCOUNT_00779,PERSON_0020,current,SynthBank_Alpha,2022-04-22 04:59:38,LOCATION_0169,0.92
ACCOUNT_00780,PERSON_0782,current,SynthBank_Beta,2023-06-14 03:39:44,LOCATION_0024,0.99
ACCOUNT_00781,PERSON_0634,savings,SynthBank_Delta,2024-10-24 00:16:34,LOCATION_0099,0.86
ACCOUNT_00782,PERSON_0755,current,SynthBank_Omega,2023-07-15 02:07:41,LOCATION_0190,0.77
ACCOUNT_00783,PERSON_0619,current,SynthBank_Delta,2026-03-11 05:02:41,LOCATION_0210,0.97
ACCOUNT_00784,PERSON_0769,current,SynthBank_Gamma,2025-08-26 19:57:39,LOCATION_0281,0.8
ACCOUNT_00785,PERSON_0656,current,SynthBank_Beta,2024-09-08 16:00:52,LOCATION_0006,0.77
ACCOUNT_00786,PERSON_0811,current,SynthBank_Gamma,2022-04-26 06:21:37,LOCATION_0131,0.92
ACCOUNT_00787,PERSON_1429,savings,SynthBank_Delta,2023-09-27 06:08:17,LOCATION_0064,0.91
ACCOUNT_00788,PERSON_0138,current,SynthBank_Delta,2025-02-11 02:59:21,LOCATION_0031,0.92
ACCOUNT_00789,PERSON_0558,savings,SynthBank_Omega,2024-01-31 21:26:42,LOCATION_0184,0.84
ACCOUNT_00790,PERSON_0717,savings,SynthBank_Beta,2024-02-26 08:45:24,LOCATION_0014,0.84
ACCOUNT_00791,PERSON_1118,current,SynthBank_Gamma,2024-09-06 03:30:54,LOCATION_0107,0.75
ACCOUNT_00792,PERSON_1277,current,SynthBank_Delta,2026-01-13 05:58:13,LOCATION_0186,0.82
ACCOUNT_00793,PERSON_0369,savings,SynthBank_Delta,2022-07-08 19:54:22,LOCATION_0251,0.83
ACCOUNT_00794,PERSON_1409,current,SynthBank_Gamma,2024-11-28 01:37:03,LOCATION_0129,0.85
ACCOUNT_00795,PERSON_1325,savings,SynthBank_Omega,2022-06-16 20:21:23,LOCATION_0210,0.76
ACCOUNT_00796,PERSON_0328,current,SynthBank_Beta,2022-12-20 20:18:47,LOCATION_0134,0.9
ACCOUNT_00797,PERSON_0318,savings,SynthBank_Alpha,2023-07-01 22:22:13,LOCATION_0129,0.86
ACCOUNT_00798,PERSON_1140,current,SynthBank_Omega,2026-02-23 21:04:05,LOCATION_0049,0.79
ACCOUNT_00799,PERSON_1105,savings,SynthBank_Delta,2025-07-29 20:55:51,LOCATION_0273,0.9
ACCOUNT_00800,PERSON_0529,savings,SynthBank_Beta,2024-07-17 11:30:11,LOCATION_0226,0.85
ACCOUNT_00801,PERSON_0527,current,SynthBank_Delta,2024-12-26 02:27:05,LOCATION_0155,0.83
ACCOUNT_00802,PERSON_0088,savings,SynthBank_Beta,2025-02-01 00:15:27,LOCATION_0298,0.82
ACCOUNT_00803,PERSON_0480,savings,SynthBank_Omega,2023-06-13 01:51:55,LOCATION_0140,0.94
ACCOUNT_00804,PERSON_0339,savings,SynthBank_Delta,2024-02-27 23:40:25,LOCATION_0292,0.97
ACCOUNT_00805,PERSON_0757,savings,SynthBank_Delta,2022-11-10 23:58:42,LOCATION_0210,0.83
ACCOUNT_00806,PERSON_0658,current,SynthBank_Omega,2023-02-03 14:53:55,LOCATION_0206,0.77
ACCOUNT_00807,PERSON_0149,savings,SynthBank_Gamma,2025-11-02 18:15:00,LOCATION_0102,0.88
ACCOUNT_00808,PERSON_1212,current,SynthBank_Gamma,2022-02-14 12:36:16,LOCATION_0206,0.81
ACCOUNT_00809,PERSON_1383,savings,SynthBank_Omega,2025-03-11 00:08:46,LOCATION_0194,0.87
ACCOUNT_00810,PERSON_0247,savings,SynthBank_Alpha,2025-11-06 21:49:42,LOCATION_0074,0.89
ACCOUNT_00811,PERSON_0366,current,SynthBank_Delta,2024-03-17 08:01:24,LOCATION_0208,0.88
ACCOUNT_00812,PERSON_1253,current,SynthBank_Delta,2023-01-29 02:39:41,LOCATION_0104,0.91
ACCOUNT_00813,PERSON_1127,current,SynthBank_Alpha,2024-11-13 06:14:53,LOCATION_0279,0.78
ACCOUNT_00814,PERSON_0199,savings,SynthBank_Alpha,2025-01-23 09:43:20,LOCATION_0281,0.94
ACCOUNT_00815,PERSON_1463,current,SynthBank_Gamma,2023-06-24 07:21:31,LOCATION_0216,0.77
ACCOUNT_00816,PERSON_1217,current,SynthBank_Alpha,2025-08-26 23:34:55,LOCATION_0174,0.84
ACCOUNT_00817,PERSON_0484,current,SynthBank_Beta,2022-09-11 17:53:31,LOCATION_0072,0.96
ACCOUNT_00818,PERSON_0159,current,SynthBank_Omega,2025-01-14 15:27:37,LOCATION_0106,0.98
ACCOUNT_00819,PERSON_0316,current,SynthBank_Alpha,2024-12-31 22:52:09,LOCATION_0286,0.91
ACCOUNT_00820,PERSON_0257,current,SynthBank_Gamma,2024-12-24 10:08:37,LOCATION_0188,0.95
ACCOUNT_00821,PERSON_0008,current,SynthBank_Gamma,2024-01-27 11:33:00,LOCATION_0007,0.79
ACCOUNT_00822,PERSON_1023,savings,SynthBank_Alpha,2026-05-19 17:08:02,LOCATION_0034,0.83
ACCOUNT_00823,PERSON_0385,savings,SynthBank_Beta,2022-10-03 03:20:21,LOCATION_0233,0.83
ACCOUNT_00824,PERSON_0178,savings,SynthBank_Beta,2022-10-31 16:16:56,LOCATION_0158,0.93
ACCOUNT_00825,PERSON_0747,savings,SynthBank_Gamma,2022-05-04 03:23:56,LOCATION_0234,0.83
ACCOUNT_00826,PERSON_0315,current,SynthBank_Alpha,2024-10-09 18:23:22,LOCATION_0250,0.86
ACCOUNT_00827,PERSON_0358,current,SynthBank_Omega,2023-11-05 06:37:24,LOCATION_0105,0.81
ACCOUNT_00828,PERSON_0299,current,SynthBank_Gamma,2022-08-05 08:37:11,LOCATION_0254,0.81
ACCOUNT_00829,PERSON_0456,current,SynthBank_Delta,2023-05-21 05:38:36,LOCATION_0061,0.86
ACCOUNT_00830,PERSON_0544,savings,SynthBank_Omega,2026-05-24 00:09:51,LOCATION_0046,0.88
ACCOUNT_00831,PERSON_0663,savings,SynthBank_Delta,2025-12-15 09:04:27,LOCATION_0266,0.87
ACCOUNT_00832,PERSON_0597,current,SynthBank_Delta,2022-02-20 15:11:05,LOCATION_0168,0.89
ACCOUNT_00833,PERSON_1474,current,SynthBank_Gamma,2025-03-26 15:50:39,LOCATION_0269,0.84
ACCOUNT_00834,PERSON_0896,savings,SynthBank_Omega,2023-11-08 18:01:39,LOCATION_0230,0.92
ACCOUNT_00835,PERSON_0528,savings,SynthBank_Beta,2026-03-13 13:15:28,LOCATION_0192,0.96
ACCOUNT_00836,PERSON_1252,current,SynthBank_Alpha,2023-08-07 06:36:36,LOCATION_0019,0.8
ACCOUNT_00837,PERSON_0160,savings,SynthBank_Gamma,2024-08-02 06:54:36,LOCATION_0283,0.96
ACCOUNT_00838,PERSON_1154,current,SynthBank_Alpha,2026-04-26 17:35:30,LOCATION_0271,0.75
ACCOUNT_00839,PERSON_0361,savings,SynthBank_Delta,2023-09-19 04:25:07,LOCATION_0262,0.84
ACCOUNT_00840,PERSON_1318,current,SynthBank_Omega,2024-08-15 01:28:09,LOCATION_0041,0.78
ACCOUNT_00841,PERSON_0203,savings,SynthBank_Omega,2025-05-20 04:45:57,LOCATION_0054,0.84
ACCOUNT_00842,PERSON_1065,savings,SynthBank_Beta,2024-08-11 15:27:09,LOCATION_0220,0.79
ACCOUNT_00843,PERSON_0770,current,SynthBank_Omega,2024-05-05 14:16:27,LOCATION_0155,0.84
ACCOUNT_00844,PERSON_0113,current,SynthBank_Beta,2024-02-16 05:29:35,LOCATION_0060,0.87
ACCOUNT_00845,PERSON_0884,savings,SynthBank_Beta,2023-04-09 18:09:35,LOCATION_0185,0.88
ACCOUNT_00846,PERSON_0308,current,SynthBank_Alpha,2025-09-07 22:46:40,LOCATION_0005,0.85
ACCOUNT_00847,PERSON_0839,savings,SynthBank_Beta,2024-04-11 06:10:03,LOCATION_0236,0.99
ACCOUNT_00848,PERSON_1371,savings,SynthBank_Omega,2022-05-25 10:42:00,LOCATION_0076,0.96
ACCOUNT_00849,PERSON_1426,savings,SynthBank_Omega,2025-09-05 17:57:40,LOCATION_0279,0.78
ACCOUNT_00850,PERSON_1169,current,SynthBank_Gamma,2022-05-03 02:05:32,LOCATION_0172,0.9
ACCOUNT_00851,PERSON_0460,savings,SynthBank_Alpha,2026-04-11 14:26:25,LOCATION_0170,0.98
ACCOUNT_00852,PERSON_0973,current,SynthBank_Beta,2022-08-11 22:07:21,LOCATION_0099,0.8
ACCOUNT_00853,PERSON_1293,current,SynthBank_Omega,2024-08-10 09:58:14,LOCATION_0041,0.76
ACCOUNT_00854,PERSON_0814,savings,SynthBank_Alpha,2025-05-23 12:50:20,LOCATION_0186,0.9
ACCOUNT_00855,PERSON_1347,current,SynthBank_Omega,2024-01-04 20:28:11,LOCATION_0073,0.82
ACCOUNT_00856,PERSON_0450,current,SynthBank_Delta,2026-03-02 11:38:48,LOCATION_0100,0.87
ACCOUNT_00857,PERSON_0680,current,SynthBank_Omega,2025-08-01 19:03:38,LOCATION_0150,0.8
ACCOUNT_00858,PERSON_0693,current,SynthBank_Gamma,2022-08-17 02:42:04,LOCATION_0028,0.78
ACCOUNT_00859,PERSON_1181,savings,SynthBank_Alpha,2023-04-19 01:46:37,LOCATION_0282,0.89
ACCOUNT_00860,PERSON_0081,savings,SynthBank_Omega,2022-12-13 22:40:56,LOCATION_0245,0.75
ACCOUNT_00861,PERSON_1307,current,SynthBank_Gamma,2022-08-24 02:37:06,LOCATION_0040,0.83
ACCOUNT_00862,PERSON_1367,savings,SynthBank_Omega,2023-03-25 02:54:10,LOCATION_0179,0.8
ACCOUNT_00863,PERSON_1358,savings,SynthBank_Omega,2025-09-18 06:16:00,LOCATION_0124,0.85
ACCOUNT_00864,PERSON_0216,savings,SynthBank_Delta,2022-07-04 07:19:30,LOCATION_0252,0.92
ACCOUNT_00865,PERSON_0949,savings,SynthBank_Gamma,2024-01-02 08:17:19,LOCATION_0075,0.8
ACCOUNT_00866,PERSON_0031,current,SynthBank_Beta,2022-04-04 09:10:58,LOCATION_0036,0.86
ACCOUNT_00867,PERSON_0243,savings,SynthBank_Gamma,2025-03-18 14:17:00,LOCATION_0252,0.79
ACCOUNT_00868,PERSON_0978,savings,SynthBank_Beta,2023-02-01 15:22:22,LOCATION_0189,0.93
ACCOUNT_00869,PERSON_0642,savings,SynthBank_Alpha,2023-09-02 14:40:00,LOCATION_0105,0.91
ACCOUNT_00870,PERSON_0697,current,SynthBank_Gamma,2024-02-09 22:57:58,LOCATION_0144,0.83
ACCOUNT_00871,PERSON_0210,savings,SynthBank_Delta,2022-09-17 13:15:32,LOCATION_0273,0.99
ACCOUNT_00872,PERSON_1410,savings,SynthBank_Omega,2023-08-25 08:56:44,LOCATION_0239,0.8
ACCOUNT_00873,PERSON_0771,savings,SynthBank_Alpha,2025-02-06 02:27:44,LOCATION_0001,0.77
ACCOUNT_00874,PERSON_0753,savings,SynthBank_Delta,2025-03-18 17:25:18,LOCATION_0173,0.9
ACCOUNT_00875,PERSON_0436,savings,SynthBank_Beta,2023-08-25 05:12:18,LOCATION_0207,0.92
ACCOUNT_00876,PERSON_1402,current,SynthBank_Delta,2023-06-24 21:24:43,LOCATION_0130,0.76
ACCOUNT_00877,PERSON_1365,savings,SynthBank_Beta,2025-08-20 20:55:34,LOCATION_0198,0.91
ACCOUNT_00878,PERSON_0689,savings,SynthBank_Delta,2024-02-11 00:42:01,LOCATION_0184,0.87
ACCOUNT_00879,PERSON_0552,current,SynthBank_Delta,2022-05-25 15:09:53,LOCATION_0120,0.91
ACCOUNT_00880,PERSON_0545,current,SynthBank_Alpha,2023-09-27 03:15:02,LOCATION_0103,0.8
ACCOUNT_00881,PERSON_1043,current,SynthBank_Beta,2025-01-27 14:43:01,LOCATION_0191,0.84
ACCOUNT_00882,PERSON_1050,current,SynthBank_Beta,2025-02-03 04:28:36,LOCATION_0270,0.93
ACCOUNT_00883,PERSON_1196,savings,SynthBank_Gamma,2026-04-16 12:06:57,LOCATION_0180,0.94
ACCOUNT_00884,PERSON_0404,savings,SynthBank_Omega,2022-12-13 13:05:45,LOCATION_0294,0.78
ACCOUNT_00885,PERSON_1478,savings,SynthBank_Delta,2023-12-17 01:36:45,LOCATION_0063,0.93
ACCOUNT_00886,PERSON_0363,savings,SynthBank_Omega,2023-09-09 04:44:31,LOCATION_0053,0.97
ACCOUNT_00887,PERSON_0272,savings,SynthBank_Gamma,2022-06-03 21:29:18,LOCATION_0160,0.97
ACCOUNT_00888,PERSON_1335,savings,SynthBank_Delta,2025-01-15 05:55:13,LOCATION_0040,0.92
ACCOUNT_00889,PERSON_1480,current,SynthBank_Delta,2022-09-04 19:11:26,LOCATION_0217,0.84
ACCOUNT_00890,PERSON_0931,savings,SynthBank_Omega,2025-10-27 12:07:12,LOCATION_0237,0.82
ACCOUNT_00891,PERSON_0278,current,SynthBank_Beta,2023-05-26 14:27:04,LOCATION_0152,0.81
ACCOUNT_00892,PERSON_1333,current,SynthBank_Gamma,2026-03-06 05:15:01,LOCATION_0173,0.91
ACCOUNT_00893,PERSON_1420,current,SynthBank_Omega,2023-03-04 02:45:14,LOCATION_0290,0.89
ACCOUNT_00894,PERSON_0955,current,SynthBank_Beta,2022-11-20 20:38:30,LOCATION_0196,0.95
ACCOUNT_00895,PERSON_0442,savings,SynthBank_Alpha,2025-08-12 10:59:26,LOCATION_0241,0.85
ACCOUNT_00896,PERSON_0982,current,SynthBank_Alpha,2025-02-07 12:12:36,LOCATION_0014,0.84
ACCOUNT_00897,PERSON_0787,current,SynthBank_Beta,2026-03-14 06:22:56,LOCATION_0230,0.93
ACCOUNT_00898,PERSON_1151,savings,SynthBank_Gamma,2023-01-27 06:22:24,LOCATION_0175,0.98
ACCOUNT_00899,PERSON_0443,current,SynthBank_Delta,2024-02-06 04:40:03,LOCATION_0249,0.78
ACCOUNT_00900,PERSON_0300,savings,SynthBank_Delta,2024-08-09 21:20:45,LOCATION_0291,0.98
ACCOUNT_00901,PERSON_0934,current,SynthBank_Beta,2026-01-12 06:02:32,LOCATION_0140,0.97
ACCOUNT_00902,PERSON_1233,current,SynthBank_Alpha,2024-05-31 13:01:42,LOCATION_0056,0.88
ACCOUNT_00903,PERSON_1119,savings,SynthBank_Beta,2024-03-18 18:49:06,LOCATION_0251,0.75
ACCOUNT_00904,PERSON_1477,savings,SynthBank_Omega,2025-10-11 22:10:45,LOCATION_0155,0.86
ACCOUNT_00905,PERSON_0983,savings,SynthBank_Delta,2025-11-01 20:31:02,LOCATION_0086,0.87
ACCOUNT_00906,PERSON_0473,savings,SynthBank_Delta,2024-12-20 18:46:42,LOCATION_0015,0.92
ACCOUNT_00907,PERSON_0876,current,SynthBank_Alpha,2024-05-18 16:29:23,LOCATION_0222,0.85
ACCOUNT_00908,PERSON_0564,savings,SynthBank_Delta,2024-04-03 06:53:34,LOCATION_0110,0.77
ACCOUNT_00909,PERSON_1369,savings,SynthBank_Alpha,2023-02-04 09:58:49,LOCATION_0134,0.9
ACCOUNT_00910,PERSON_0751,current,SynthBank_Beta,2026-01-17 06:18:31,LOCATION_0262,0.83
ACCOUNT_00911,PERSON_0389,current,SynthBank_Omega,2025-02-24 07:27:53,LOCATION_0115,0.87
ACCOUNT_00912,PERSON_0023,current,SynthBank_Beta,2022-02-19 15:39:35,LOCATION_0225,0.82
ACCOUNT_00913,PERSON_0821,savings,SynthBank_Omega,2024-01-24 11:07:27,LOCATION_0225,0.94
