tower_id,location_id,latitude,longitude,coverage_radius,city
TOWER_0001,LOCATION_0041,28.5104,77.12199,2.17,Delhi
TOWER_0002,LOCATION_0142,27.0318,75.84962,3.88,Jaipur
TOWER_0003,LOCATION_0003,26.75664,80.81222,2.69,Lucknow
TOWER_0004,LOCATION_0164,30.87561,76.87353,1.61,Chandigarh
TOWER_0005,LOCATION_0115,23.06121,72.61318,1.88,Ahmedabad
TOWER_0006,LOCATION_0036,19.12636,72.99122,3.78,Mumbai
TOWER_0007,LOCATION_0127,18.56246,73.91112,2.41,Pune
TOWER_0008,LOCATION_0278,22.72034,75.74557,3.33,Indore
TOWER_0009,LOCATION_0009,23.13089,77.54672,2.77,Bhopal
TOWER_0010,LOCATION_0110,17.3984,78.35367,2.48,Hyderabad
TOWER_0011,LOCATION_0161,28.63706,77.19142,4.02,Delhi
TOWER_0012,LOCATION_0212,26.96436,75.73033,3.7,Jaipur
TOWER_0013,LOCATION_0283,26.8606,80.97479,1.53,Lucknow
TOWER_0014,LOCATION_0054,30.61925,76.82596,1.98,Chandigarh
TOWER_0015,LOCATION_0205,23.04375,72.61904,0.95,Ahmedabad
TOWER_0016,LOCATION_0196,19.18718,72.81665,3.94,Mumbai
TOWER_0017,LOCATION_0197,18.37577,73.89554,1.4,Pune
TOWER_0018,LOCATION_0268,22.8586,75.90951,1.81,Indore
TOWER_0019,LOCATION_0249,23.30192,77.43021,3.31,Bhopal
TOWER_0020,LOCATION_0090,17.5236,78.55995,1.13,Hyderabad
TOWER_0021,LOCATION_0011,28.47625,77.16916,1.1,Delhi
TOWER_0022,LOCATION_0282,26.77265,75.81085,4.43,Jaipur
TOWER_0023,LOCATION_0253,26.74258,81.07463,2.54,Lucknow
TOWER_0024,LOCATION_0094,30.69106,76.72204,2.92,Chandigarh
TOWER_0025,LOCATION_0205,23.05711,72.63282,1.34,Ahmedabad
TOWER_0026,LOCATION_0186,19.14799,73.00163,4.05,Mumbai
TOWER_0027,LOCATION_0167,18.64163,73.89537,2.63,Pune
TOWER_0028,LOCATION_0158,22.60402,75.70956,3.93,Indore
TOWER_0029,LOCATION_0299,23.30206,77.39234,1.1,Bhopal
TOWER_0030,LOCATION_0220,17.43475,78.34645,1.4,Hyderabad
TOWER_0031,LOCATION_0151,28.63729,77.29796,1.33,Delhi
TOWER_0032,LOCATION_0222,27.01511,75.76489,1.99,Jaipur
TOWER_0033,LOCATION_0263,26.98522,81.0275,2.54,Lucknow
TOWER_0034,LOCATION_0134,30.78382,76.66366,2.47,Chandigarh
TOWER_0035,LOCATION_0205,23.04973,72.62895,4.2,Ahmedabad
TOWER_0036,LOCATION_0016,19.11664,72.77468,1.3,Mumbai
TOWER_0037,LOCATION_0287,18.65445,73.94422,2.24,Pune
TOWER_0038,LOCATION_0188,22.68089,75.98965,3.61,Indore
TOWER_0039,LOCATION_0219,23.2118,77.41976,1.34,Bhopal
TOWER_0040,LOCATION_0300,17.47017,78.4641,2.0,Hyderabad
TOWER_0041,LOCATION_0201,28.72696,77.13048,1.48,Delhi
TOWER_0042,LOCATION_0142,27.01493,75.85506,4.3,Jaipur
TOWER_0043,LOCATION_0173,26.90716,80.84974,3.74,Lucknow
TOWER_0044,LOCATION_0154,30.76137,76.64063,2.09,Chandigarh
TOWER_0045,LOCATION_0065,23.1481,72.69222,1.04,Ahmedabad
TOWER_0046,LOCATION_0166,18.96821,72.8314,1.84,Mumbai
TOWER_0047,LOCATION_0007,18.62622,73.97575,3.56,Pune
TOWER_0048,LOCATION_0218,22.8013,75.91818,1.02,Indore
TOWER_0049,LOCATION_0249,23.30137,77.42076,1.74,Bhopal
TOWER_0050,LOCATION_0290,17.48031,78.45423,1.44,Hyderabad
TOWER_0051,LOCATION_0231,28.74814,77.07264,1.07,Delhi
TOWER_0052,LOCATION_0012,26.98974,75.93332,3.17,Jaipur
TOWER_0053,LOCATION_0053,26.73345,80.94355,3.22,Lucknow
TOWER_0054,LOCATION_0174,30.61868,76.81732,0.91,Chandigarh
TOWER_0055,LOCATION_0225,23.08597,72.4803,3.51,Ahmedabad
TOWER_0056,LOCATION_0006,19.02435,72.87019,2.06,Mumbai
TOWER_0057,LOCATION_0107,18.40718,73.89878,0.88,Pune
TOWER_0058,LOCATION_0228,22.77727,75.76773,2.24,Indore
TOWER_0059,LOCATION_0299,23.31335,77.38933,3.02,Bhopal
TOWER_0060,LOCATION_0300,17.48412,78.48269,1.18,Hyderabad
TOWER_0061,LOCATION_0001,28.76362,77.25663,3.66,Delhi
TOWER_0062,LOCATION_0192,26.9746,75.75939,1.77,Jaipur
TOWER_0063,LOCATION_0073,26.80119,81.07104,1.97,Lucknow
TOWER_0064,LOCATION_0184,30.67699,76.7297,4.44,Chandigarh
TOWER_0065,LOCATION_0275,22.94552,72.55282,1.1,Ahmedabad
TOWER_0066,LOCATION_0166,18.95627,72.84594,4.21,Mumbai
TOWER_0067,LOCATION_0227,18.58181,73.88876,4.06,Pune
TOWER_0068,LOCATION_0138,22.74302,75.78435,2.71,Indore
TOWER_0069,LOCATION_0079,23.3103,77.51472,2.3,Bhopal
TOWER_0070,LOCATION_0020,17.54331,78.49974,1.07,Hyderabad
TOWER_0071,LOCATION_0221,28.49942,77.22538,2.22,Delhi
TOWER_0072,LOCATION_0032,27.00772,75.86999,0.84,Jaipur
TOWER_0073,LOCATION_0153,26.87885,81.0378,3.29,Lucknow
TOWER_0074,LOCATION_0144,30.84793,76.68216,3.89,Chandigarh
TOWER_0075,LOCATION_0235,22.87964,72.70305,2.55,Ahmedabad
TOWER_0076,LOCATION_0056,19.01947,72.73943,2.85,Mumbai
TOWER_0077,LOCATION_0257,18.64851,73.74365,3.29,Pune
TOWER_0078,LOCATION_0068,22.7557,75.96985,1.81,Indore
TOWER_0079,LOCATION_0119,23.13605,77.53237,2.45,Bhopal
TOWER_0080,LOCATION_0190,17.29963,78.53893,3.82,Hyderabad
TOWER_0081,LOCATION_0261,28.46009,77.27965,1.93,Delhi
TOWER_0082,LOCATION_0092,26.93996,75.66525,2.19,Jaipur
TOWER_0083,LOCATION_0023,26.86989,80.85262,3.82,Lucknow
TOWER_0084,LOCATION_0144,30.86128,76.66549,0.89,Chandigarh
TOWER_0085,LOCATION_0145,23.10664,72.43527,1.83,Ahmedabad
TOWER_0086,LOCATION_0146,19.17177,72.96517,1.24,Mumbai
TOWER_0087,LOCATION_0097,18.42794,73.73537,4.04,Pune
TOWER_0088,LOCATION_0258,22.66761,75.74829,0.86,Indore
TOWER_0089,LOCATION_0139,23.19692,77.5312,3.14,Bhopal
TOWER_0090,LOCATION_0110,17.40378,78.35826,4.3,Hyderabad
TOWER_0091,LOCATION_0181,28.48523,77.3011,1.02,Delhi
TOWER_0092,LOCATION_0232,26.90626,75.8114,4.33,Jaipur
TOWER_0093,LOCATION_0113,26.89735,80.85617,1.08,Lucknow
TOWER_0094,LOCATION_0274,30.69312,76.82042,3.75,Chandigarh
TOWER_0095,LOCATION_0265,23.08478,72.5536,4.33,Ahmedabad
TOWER_0096,LOCATION_0056,19.01866,72.74297,3.44,Mumbai
TOWER_0097,LOCATION_0237,18.57799,73.98855,3.84,Pune
TOWER_0098,LOCATION_0108,22.59966,75.96381,1.78,Indore
TOWER_0099,LOCATION_0109,23.28761,77.32904,3.98,Bhopal
TOWER_0100,LOCATION_0090,17.51666,78.55973,3.52,Hyderabad
TOWER_0101,LOCATION_0281,28.68693,77.1776,2.32,Delhi
TOWER_0102,LOCATION_0112,26.96587,75.776,1.18,Jaipur
TOWER_0103,LOCATION_0113,26.90734,80.86449,4.15,Lucknow
TOWER_0104,LOCATION_0014,30.78119,76.89835,2.72,Chandigarh
TOWER_0105,LOCATION_0155,23.10368,72.58128,0.91,Ahmedabad
TOWER_0106,LOCATION_0206,18.96882,72.78025,3.81,Mumbai
TOWER_0107,LOCATION_0137,18.57421,73.75158,1.52,Pune
TOWER_0108,LOCATION_0298,22.6636,75.72976,1.74,Indore
TOWER_0109,LOCATION_0159,23.20511,77.41975,4.38,Bhopal
TOWER_0110,LOCATION_0160,17.39962,78.41855,1.57,Hyderabad
TOWER_0111,LOCATION_0061,28.60217,77.3497,2.72,Delhi
TOWER_0112,LOCATION_0042,26.76275,75.71508,0.93,Jaipur
TOWER_0113,LOCATION_0183,26.80624,80.97213,2.23,Lucknow
TOWER_0114,LOCATION_0074,30.66194,76.64942,2.68,Chandigarh
TOWER_0115,LOCATION_0005,22.93572,72.57595,2.79,Ahmedabad
TOWER_0116,LOCATION_0246,19.22489,72.79126,2.43,Mumbai
TOWER_0117,LOCATION_0227,18.58612,73.8903,3.28,Pune
TOWER_0118,LOCATION_0068,22.74959,75.95914,2.17,Indore
TOWER_0119,LOCATION_0229,23.38521,77.50466,1.76,Bhopal
TOWER_0120,LOCATION_0160,17.39839,78.42344,3.08,Hyderabad
TOWER_0121,LOCATION_0011,28.48481,77.16963,2.78,Delhi
TOWER_0122,LOCATION_0182,26.9875,75.78291,3.65,Jaipur
TOWER_0123,LOCATION_0283,26.86675,80.9724,1.51,Lucknow
TOWER_0124,LOCATION_0234,30.7573,76.74233,3.29,Chandigarh
TOWER_0125,LOCATION_0105,23.05042,72.42949,2.04,Ahmedabad
TOWER_0126,LOCATION_0036,19.11136,72.99363,1.3,Mumbai
TOWER_0127,LOCATION_0207,18.50346,73.90426,2.51,Pune
TOWER_0128,LOCATION_0028,22.72212,75.92882,1.48,Indore
TOWER_0129,LOCATION_0169,23.31719,77.47397,3.49,Bhopal
TOWER_0130,LOCATION_0230,17.24979,78.37671,3.68,Hyderabad
TOWER_0131,LOCATION_0171,28.59355,77.22854,0.84,Delhi
TOWER_0132,LOCATION_0032,27.00197,75.87318,1.33,Jaipur
TOWER_0133,LOCATION_0113,26.89935,80.85759,1.32,Lucknow
TOWER_0134,LOCATION_0164,30.86165,76.87231,2.87,Chandigarh
TOWER_0135,LOCATION_0045,23.02859,72.65742,4.44,Ahmedabad
TOWER_0136,LOCATION_0266,19.07008,72.72326,3.77,Mumbai
TOWER_0137,LOCATION_0277,18.66886,73.94901,4.19,Pune
TOWER_0138,LOCATION_0248,22.68896,75.73935,3.08,Indore
TOWER_0139,LOCATION_0179,23.21197,77.53903,0.98,Bhopal
TOWER_0140,LOCATION_0080,17.43849,78.51527,3.76,Hyderabad
TOWER_0141,LOCATION_0141,28.76658,77.23127,2.69,Delhi
TOWER_0142,LOCATION_0272,27.01042,75.92183,2.48,Jaipur
TOWER_0143,LOCATION_0193,26.88935,80.84478,1.7,Lucknow
TOWER_0144,LOCATION_0244,30.7781,76.64839,3.27,Chandigarh
TOWER_0145,LOCATION_0075,22.87418,72.5353,3.89,Ahmedabad
TOWER_0146,LOCATION_0186,19.14493,73.01044,4.13,Mumbai
TOWER_0147,LOCATION_0227,18.5907,73.88953,1.63,Pune
TOWER_0148,LOCATION_0018,22.8606,75.82111,3.11,Indore
TOWER_0149,LOCATION_0069,23.20584,77.32512,3.89,Bhopal
TOWER_0150,LOCATION_0200,17.35585,78.63222,4.13,Hyderabad
