history_id,person_id,case_id,crime_type,date,role,status,source,confidence
HIST_00001,PERSON_1204,CASE_0048,illegal betting,2024-08-30 01:51:35,convicted,chargesheet_filed,CRIMINAL_RECORDS_DATABASE,0.81
HIST_00002,PERSON_1363,CASE_0246,cyber fraud,2025-09-07 23:51:39,witness,acquitted,CRIMINAL_RECORDS_DATABASE,0.79
HIST_00003,PERSON_1363,CASE_0153,forgery,2025-09-25 10:56:03,witness,chargesheet_filed,CRIMINAL_RECORDS_DATABASE,0.61
HIST_00004,PERSON_1213,CASE_0298,financial fraud,2022-09-05 09:43:41,acquitted,acquitted,CRIMINAL_RECORDS_DATABASE,0.77
HIST_00005,PERSON_0147,CASE_0215,organized financial crime,2022-05-04 06:17:12,witness,chargesheet_filed,CRIMINAL_RECORDS_DATABASE,0.61
HIST_00006,PERSON_0938,CASE_0030,organized theft,2023-11-08 17:01:39,accused,ongoing_investigation,CRIMINAL_RECORDS_DATABASE,0.75
HIST_00007,PERSON_0938,CASE_0175,vehicle theft,2025-08-10 03:42:04,acquitted,chargesheet_filed,CRIMINAL_RECORDS_DATABASE,0.71
HIST_00008,PERSON_0829,CASE_0236,organized financial crime,2024-09-18 12:02:13,accused,acquitted,CRIMINAL_RECORDS_DATABASE,0.7
HIST_00009,PERSON_1171,CASE_0171,extortion,2023-02-05 21:22:36,acquitted,closed,CRIMINAL_RECORDS_DATABASE,0.73
HIST_00010,PERSON_1303,CASE_0205,extortion,2025-02-26 20:16:55,accused,chargesheet_filed,CRIMINAL_RECORDS_DATABASE,0.81
HIST_00011,PERSON_1303,CASE_0048,robbery,2024-06-15 01:21:20,witness,closed,CRIMINAL_RECORDS_DATABASE,0.68
HIST_00012,PERSON_1007,CASE_0035,robbery,2023-10-19 03:48:18,witness,closed,CRIMINAL_RECORDS_DATABASE,0.62
HIST_00013,PERSON_1007,CASE_0048,cyber fraud,2025-06-22 21:58:05,convicted,ongoing_investigation,CRIMINAL_RECORDS_DATABASE,0.73
HIST_00014,PERSON_0784,CASE_0169,organized financial crime,2025-12-14 13:45:06,accused,acquitted,CRIMINAL_RECORDS_DATABASE,0.72
HIST_00015,PERSON_0969,CASE_0007,cyber fraud,2025-04-03 04:53:33,witness,acquitted,CRIMINAL_RECORDS_DATABASE,0.78
HIST_00016,PERSON_1352,CASE_0272,extortion,2023-08-16 14:48:35,acquitted,acquitted,CRIMINAL_RECORDS_DATABASE,0.67
HIST_00017,PERSON_1352,CASE_0028,extortion,2022-05-17 16:23:12,acquitted,ongoing_investigation,CRIMINAL_RECORDS_DATABASE,0.79
HIST_00018,PERSON_1242,CASE_0165,cyber fraud,2023-12-22 09:04:44,witness,acquitted,CRIMINAL_RECORDS_DATABASE,0.66
HIST_00019,PERSON_1103,CASE_0040,robbery,2023-11-19 09:24:35,convicted,acquitted,CRIMINAL_RECORDS_DATABASE,0.95
HIST_00020,PERSON_1103,CASE_0103,cyber fraud,2024-03-12 12:34:56,accused,acquitted,CRIMINAL_RECORDS_DATABASE,0.84
HIST_00021,PERSON_1226,CASE_0077,forgery,2024-12-01 23:38:55,convicted,acquitted,CRIMINAL_RECORDS_DATABASE,0.92
HIST_00022,PERSON_1226,CASE_0145,organized financial crime,2025-06-13 02:00:31,witness,chargesheet_filed,CRIMINAL_RECORDS_DATABASE,0.69
HIST_00023,PERSON_0022,CASE_0237,robbery,2022-03-15 13:41:09,accused,acquitted,CRIMINAL_RECORDS_DATABASE,0.7
HIST_00024,PERSON_0022,CASE_0172,smuggling,2023-09-16 11:06:19,acquitted,ongoing_investigation,CRIMINAL_RECORDS_DATABASE,0.78
HIST_00025,PERSON_0639,CASE_0201,illegal betting,2024-04-24 20:24:30,witness,acquitted,CRIMINAL_RECORDS_DATABASE,0.81
HIST_00026,PERSON_1203,CASE_0131,vehicle theft,2021-12-12 04:08:11,accused,chargesheet_filed,CRIMINAL_RECORDS_DATABASE,0.82
HIST_00027,PERSON_0833,CASE_0295,organized financial crime,2022-09-07 21:39:08,witness,ongoing_investigation,CRIMINAL_RECORDS_DATABASE,0.77
HIST_00028,PERSON_1190,CASE_0191,extortion,2026-03-31 16:56:09,accused,closed,CRIMINAL_RECORDS_DATABASE,0.89
HIST_00029,PERSON_1190,CASE_0240,illegal betting,2025-07-03 08:36:25,convicted,acquitted,CRIMINAL_RECORDS_DATABASE,0.78
HIST_00030,PERSON_1170,CASE_0045,smuggling,2024-10-22 04:38:10,acquitted,acquitted,CRIMINAL_RECORDS_DATABASE,0.75
HIST_00031,PERSON_1170,CASE_0198,smuggling,2024-10-28 21:38:57,accused,closed,CRIMINAL_RECORDS_DATABASE,0.91
HIST_00032,PERSON_0725,CASE_0078,smuggling,2024-10-04 12:56:56,acquitted,ongoing_investigation,CRIMINAL_RECORDS_DATABASE,0.73
HIST_00033,PERSON_0748,CASE_0300,robbery,2023-08-24 18:49:02,convicted,chargesheet_filed,CRIMINAL_RECORDS_DATABASE,0.96
HIST_00034,PERSON_0405,CASE_0299,robbery,2024-09-04 00:58:43,witness,chargesheet_filed,CRIMINAL_RECORDS_DATABASE,0.91
HIST_00035,PERSON_1031,CASE_0050,robbery,2023-06-05 00:17:51,acquitted,ongoing_investigation,CRIMINAL_RECORDS_DATABASE,0.93
HIST_00036,PERSON_0032,CASE_0300,organized financial crime,2022-02-19 23:19:21,convicted,acquitted,CRIMINAL_RECORDS_DATABASE,0.82
HIST_00037,PERSON_0032,CASE_0167,vehicle theft,2025-04-16 14:27:34,accused,acquitted,CRIMINAL_RECORDS_DATABASE,0.65
HIST_00038,PERSON_1044,CASE_0037,cyber fraud,2023-07-19 18:17:12,convicted,ongoing_investigation,CRIMINAL_RECORDS_DATABASE,0.75
HIST_00039,PERSON_1248,CASE_0174,vehicle theft,2024-12-22 17:08:10,witness,closed,CRIMINAL_RECORDS_DATABASE,0.62
HIST_00040,PERSON_1002,CASE_0153,smuggling,2021-11-15 15:39:31,witness,chargesheet_filed,CRIMINAL_RECORDS_DATABASE,0.72
HIST_00041,PERSON_1002,CASE_0212,organized financial crime,2022-09-27 18:08:20,acquitted,acquitted,CRIMINAL_RECORDS_DATABASE,0.81
HIST_00042,PERSON_0554,CASE_0271,organized theft,2024-08-15 09:53:42,accused,acquitted,CRIMINAL_RECORDS_DATABASE,0.87
HIST_00043,PERSON_0788,CASE_0162,forgery,2025-03-22 20:36:44,accused,closed,CRIMINAL_RECORDS_DATABASE,0.87
HIST_00044,PERSON_0788,CASE_0248,extortion,2025-01-12 06:21:52,acquitted,acquitted,CRIMINAL_RECORDS_DATABASE,0.96
HIST_00045,PERSON_0660,CASE_0031,forgery,2021-12-30 18:28:37,accused,closed,CRIMINAL_RECORDS_DATABASE,0.72
HIST_00046,PERSON_0705,CASE_0113,extortion,2024-06-24 15:42:07,convicted,closed,CRIMINAL_RECORDS_DATABASE,0.74
HIST_00047,PERSON_0705,CASE_0244,financial fraud,2023-06-26 06:15:11,acquitted,acquitted,CRIMINAL_RECORDS_DATABASE,0.66
HIST_00048,PERSON_1433,CASE_0232,vehicle theft,2022-08-03 06:27:19,witness,ongoing_investigation,CRIMINAL_RECORDS_DATABASE,0.86
HIST_00049,PERSON_1433,CASE_0223,smuggling,2025-04-04 15:54:30,witness,acquitted,CRIMINAL_RECORDS_DATABASE,0.8
HIST_00050,PERSON_0937,CASE_0209,illegal betting,2024-04-12 04:46:09,witness,closed,CRIMINAL_RECORDS_DATABASE,0.78
HIST_00051,PERSON_0937,CASE_0201,robbery,2023-07-03 23:30:53,convicted,acquitted,CRIMINAL_RECORDS_DATABASE,0.88
HIST_00052,PERSON_0198,CASE_0078,organized theft,2025-10-13 03:42:39,accused,chargesheet_filed,CRIMINAL_RECORDS_DATABASE,0.95
HIST_00053,PERSON_1035,CASE_0017,forgery,2026-05-24 14:24:59,convicted,ongoing_investigation,CRIMINAL_RECORDS_DATABASE,0.93
HIST_00054,PERSON_0219,CASE_0271,organized financial crime,2023-05-10 15:20:51,accused,chargesheet_filed,CRIMINAL_RECORDS_DATABASE,0.64
HIST_00055,PERSON_0219,CASE_0185,illegal betting,2023-02-26 15:01:12,accused,acquitted,CRIMINAL_RECORDS_DATABASE,0.63
HIST_00056,PERSON_0994,CASE_0085,forgery,2024-10-26 14:21:47,convicted,ongoing_investigation,CRIMINAL_RECORDS_DATABASE,0.66
HIST_00057,PERSON_0298,CASE_0116,organized theft,2026-04-02 10:36:50,convicted,acquitted,CRIMINAL_RECORDS_DATABASE,0.89
HIST_00058,PERSON_0993,CASE_0104,organized financial crime,2024-08-16 11:58:37,convicted,ongoing_investigation,CRIMINAL_RECORDS_DATABASE,0.64
HIST_00059,PERSON_0580,CASE_0282,smuggling,2022-05-25 22:37:43,witness,ongoing_investigation,CRIMINAL_RECORDS_DATABASE,0.78
HIST_00060,PERSON_1476,CASE_0170,robbery,2024-05-29 19:10:37,convicted,acquitted,CRIMINAL_RECORDS_DATABASE,0.73
HIST_00061,PERSON_0547,CASE_0039,cyber fraud,2024-10-24 22:52:23,convicted,closed,CRIMINAL_RECORDS_DATABASE,0.88
HIST_00062,PERSON_0971,CASE_0275,smuggling,2024-05-24 09:53:44,accused,acquitted,CRIMINAL_RECORDS_DATABASE,0.86
HIST_00063,PERSON_0467,CASE_0251,vehicle theft,2022-09-27 05:11:07,convicted,acquitted,CRIMINAL_RECORDS_DATABASE,0.66
HIST_00064,PERSON_0423,CASE_0182,robbery,2025-01-10 10:40:32,accused,chargesheet_filed,CRIMINAL_RECORDS_DATABASE,0.84
HIST_00065,PERSON_1343,CASE_0259,illegal betting,2024-05-09 08:18:08,witness,closed,CRIMINAL_RECORDS_DATABASE,0.61
HIST_00066,PERSON_0046,CASE_0231,vehicle theft,2025-02-26 08:35:10,acquitted,closed,CRIMINAL_RECORDS_DATABASE,0.86
HIST_00067,PERSON_0720,CASE_0239,vehicle theft,2022-03-12 18:48:02,accused,ongoing_investigation,CRIMINAL_RECORDS_DATABASE,0.81
HIST_00068,PERSON_0720,CASE_0224,financial fraud,2025-08-08 01:52:47,convicted,acquitted,CRIMINAL_RECORDS_DATABASE,0.95
HIST_00069,PERSON_0517,CASE_0275,robbery,2022-04-04 05:00:29,convicted,chargesheet_filed,CRIMINAL_RECORDS_DATABASE,0.68
HIST_00070,PERSON_0065,CASE_0263,organized financial crime,2022-01-13 19:24:21,convicted,ongoing_investigation,CRIMINAL_RECORDS_DATABASE,0.83
HIST_00071,PERSON_0909,CASE_0296,organized financial crime,2022-12-12 04:35:10,convicted,acquitted,CRIMINAL_RECORDS_DATABASE,0.67
HIST_00072,PERSON_0676,CASE_0163,organized theft,2024-02-22 17:34:09,acquitted,acquitted,CRIMINAL_RECORDS_DATABASE,0.96
HIST_00073,PERSON_0666,CASE_0107,cyber fraud,2026-05-13 04:24:43,accused,ongoing_investigation,CRIMINAL_RECORDS_DATABASE,0.78
HIST_00074,PERSON_0851,CASE_0268,smuggling,2022-11-10 04:10:40,convicted,ongoing_investigation,CRIMINAL_RECORDS_DATABASE,0.91
HIST_00075,PERSON_1066,CASE_0098,cyber fraud,2025-12-04 01:42:12,acquitted,chargesheet_filed,CRIMINAL_RECORDS_DATABASE,0.85
HIST_00076,PERSON_0171,CASE_0008,organized financial crime,2025-08-31 02:15:43,accused,closed,CRIMINAL_RECORDS_DATABASE,0.72
HIST_00077,PERSON_0171,CASE_0090,financial fraud,2022-11-29 00:24:53,convicted,closed,CRIMINAL_RECORDS_DATABASE,0.76
HIST_00078,PERSON_1438,CASE_0228,cyber fraud,2024-08-29 17:01:03,convicted,chargesheet_filed,CRIMINAL_RECORDS_DATABASE,0.68
HIST_00079,PERSON_1438,CASE_0167,extortion,2022-09-17 03:44:24,witness,chargesheet_filed,CRIMINAL_RECORDS_DATABASE,0.64
HIST_00080,PERSON_0950,CASE_0204,organized financial crime,2024-12-21 12:02:19,acquitted,acquitted,CRIMINAL_RECORDS_DATABASE,0.66
HIST_00081,PERSON_0618,CASE_0153,financial fraud,2026-01-18 22:52:00,convicted,ongoing_investigation,CRIMINAL_RECORDS_DATABASE,0.89
HIST_00082,PERSON_0618,CASE_0193,cyber fraud,2021-10-28 14:52:12,acquitted,chargesheet_filed,CRIMINAL_RECORDS_DATABASE,0.95
HIST_00083,PERSON_0319,CASE_0154,forgery,2022-12-14 03:00:13,convicted,acquitted,CRIMINAL_RECORDS_DATABASE,0.9
HIST_00084,PERSON_1232,CASE_0283,organized financial crime,2025-07-08 17:13:25,witness,ongoing_investigation,CRIMINAL_RECORDS_DATABASE,0.93
HIST_00085,PERSON_1232,CASE_0124,vehicle theft,2023-04-09 03:32:30,accused,chargesheet_filed,CRIMINAL_RECORDS_DATABASE,0.81
HIST_00086,PERSON_1104,CASE_0184,illegal betting,2026-06-19 15:08:57,convicted,ongoing_investigation,CRIMINAL_RECORDS_DATABASE,0.63
HIST_00087,PERSON_1104,CASE_0047,vehicle theft,2022-02-28 20:30:44,acquitted,chargesheet_filed,CRIMINAL_RECORDS_DATABASE,0.78
HIST_00088,PERSON_0591,CASE_0140,illegal betting,2023-09-01 14:25:21,convicted,ongoing_investigation,CRIMINAL_RECORDS_DATABASE,0.61
HIST_00089,PERSON_0332,CASE_0204,organized financial crime,2021-12-28 12:01:02,acquitted,acquitted,CRIMINAL_RECORDS_DATABASE,0.63
HIST_00090,PERSON_1349,CASE_0081,smuggling,2025-01-12 17:06:58,accused,acquitted,CRIMINAL_RECORDS_DATABASE,0.89
HIST_00091,PERSON_0959,CASE_0109,illegal betting,2025-08-11 08:20:48,acquitted,ongoing_investigation,CRIMINAL_RECORDS_DATABASE,0.72
HIST_00092,PERSON_0959,CASE_0134,extortion,2024-07-16 12:50:47,witness,closed,CRIMINAL_RECORDS_DATABASE,0.92
HIST_00093,PERSON_0256,CASE_0241,financial fraud,2025-05-08 06:53:49,convicted,acquitted,CRIMINAL_RECORDS_DATABASE,0.79
HIST_00094,PERSON_0104,CASE_0292,robbery,2024-05-11 02:12:11,accused,ongoing_investigation,CRIMINAL_RECORDS_DATABASE,0.92
HIST_00095,PERSON_0874,CASE_0289,smuggling,2026-03-10 04:04:32,acquitted,chargesheet_filed,CRIMINAL_RECORDS_DATABASE,0.61
HIST_00096,PERSON_0874,CASE_0073,smuggling,2023-03-28 13:55:39,acquitted,ongoing_investigation,CRIMINAL_RECORDS_DATABASE,0.84
HIST_00097,PERSON_1056,CASE_0048,extortion,2025-06-25 06:18:35,witness,acquitted,CRIMINAL_RECORDS_DATABASE,0.84
HIST_00098,PERSON_1056,CASE_0158,extortion,2023-04-30 12:59:44,convicted,ongoing_investigation,CRIMINAL_RECORDS_DATABASE,0.85
HIST_00099,PERSON_0370,CASE_0106,illegal betting,2025-12-06 01:17:01,convicted,chargesheet_filed,CRIMINAL_RECORDS_DATABASE,0.71
HIST_00100,PERSON_1428,CASE_0197,organized financial crime,2022-03-03 14:51:37,convicted,chargesheet_filed,CRIMINAL_RECORDS_DATABASE,0.92
HIST_00101,PERSON_0037,CASE_0263,cyber fraud,2023-09-21 00:18:30,witness,closed,CRIMINAL_RECORDS_DATABASE,0.61
HIST_00102,PERSON_1461,CASE_0184,organized financial crime,2023-10-28 23:15:59,accused,chargesheet_filed,CRIMINAL_RECORDS_DATABASE,0.93
HIST_00103,PERSON_0606,CASE_0011,organized theft,2025-01-25 04:35:08,accused,chargesheet_filed,CRIMINAL_RECORDS_DATABASE,0.91
HIST_00104,PERSON_1188,CASE_0141,smuggling,2023-07-05 07:50:33,acquitted,chargesheet_filed,CRIMINAL_RECORDS_DATABASE,0.86
HIST_00105,PERSON_1188,CASE_0155,extortion,2026-06-04 21:54:18,witness,chargesheet_filed,CRIMINAL_RECORDS_DATABASE,0.69
HIST_00106,PERSON_0083,CASE_0146,extortion,2022-12-19 09:16:45,witness,closed,CRIMINAL_RECORDS_DATABASE,0.62
HIST_00107,PERSON_0803,CASE_0003,cyber fraud,2026-06-05 11:36:51,witness,closed,CRIMINAL_RECORDS_DATABASE,0.78
HIST_00108,PERSON_0807,CASE_0195,organized theft,2022-09-19 02:09:38,convicted,closed,CRIMINAL_RECORDS_DATABASE,0.92
HIST_00109,PERSON_0807,CASE_0106,extortion,2026-01-27 08:51:12,acquitted,closed,CRIMINAL_RECORDS_DATABASE,0.92
HIST_00110,PERSON_0985,CASE_0190,organized theft,2025-03-21 00:28:32,convicted,chargesheet_filed,CRIMINAL_RECORDS_DATABASE,0.85
HIST_00111,PERSON_1046,CASE_0193,illegal betting,2025-07-01 11:55:33,witness,ongoing_investigation,CRIMINAL_RECORDS_DATABASE,0.88
HIST_00112,PERSON_0200,CASE_0096,organized theft,2024-03-05 20:00:19,acquitted,ongoing_investigation,CRIMINAL_RECORDS_DATABASE,0.88
HIST_00113,PERSON_1459,CASE_0233,organized financial crime,2024-08-07 16:06:43,convicted,chargesheet_filed,CRIMINAL_RECORDS_DATABASE,0.7
HIST_00114,PERSON_1459,CASE_0141,forgery,2026-05-16 22:53:32,witness,acquitted,CRIMINAL_RECORDS_DATABASE,0.77
HIST_00115,PERSON_0551,CASE_0272,smuggling,2023-03-07 11:59:09,accused,chargesheet_filed,CRIMINAL_RECORDS_DATABASE,0.92
HIST_00116,PERSON_0302,CASE_0029,robbery,2024-06-19 01:56:18,accused,ongoing_investigation,CRIMINAL_RECORDS_DATABASE,0.61
HIST_00117,PERSON_0302,CASE_0195,vehicle theft,2022-06-01 00:41:00,accused,closed,CRIMINAL_RECORDS_DATABASE,0.71
HIST_00118,PERSON_0269,CASE_0083,cyber fraud,2022-02-08 00:14:20,acquitted,closed,CRIMINAL_RECORDS_DATABASE,0.72
HIST_00119,PERSON_1389,CASE_0135,illegal betting,2024-10-28 15:10:50,convicted,closed,CRIMINAL_RECORDS_DATABASE,0.8
HIST_00120,PERSON_1389,CASE_0235,forgery,2026-04-04 15:29:42,witness,ongoing_investigation,CRIMINAL_RECORDS_DATABASE,0.63
HIST_00121,PERSON_0030,CASE_0138,financial fraud,2024-04-07 03:03:23,accused,acquitted,CRIMINAL_RECORDS_DATABASE,0.92
HIST_00122,PERSON_0790,CASE_0165,organized theft,2025-04-03 06:02:56,witness,ongoing_investigation,CRIMINAL_RECORDS_DATABASE,0.71
HIST_00123,PERSON_0790,CASE_0260,illegal betting,2022-11-08 18:27:45,acquitted,ongoing_investigation,CRIMINAL_RECORDS_DATABASE,0.83
HIST_00124,PERSON_0500,CASE_0220,organized theft,2025-11-03 19:31:23,witness,acquitted,CRIMINAL_RECORDS_DATABASE,0.79
HIST_00125,PERSON_0500,CASE_0081,cyber fraud,2025-10-05 23:26:42,convicted,closed,CRIMINAL_RECORDS_DATABASE,0.91
HIST_00126,PERSON_1206,CASE_0027,cyber fraud,2025-11-23 18:04:20,witness,chargesheet_filed,CRIMINAL_RECORDS_DATABASE,0.85
HIST_00127,PERSON_1337,CASE_0055,forgery,2022-11-29 18:27:43,witness,closed,CRIMINAL_RECORDS_DATABASE,0.81
HIST_00128,PERSON_1337,CASE_0207,illegal betting,2021-12-30 04:31:29,convicted,acquitted,CRIMINAL_RECORDS_DATABASE,0.67
HIST_00129,PERSON_0504,CASE_0065,vehicle theft,2025-07-28 10:52:21,accused,closed,CRIMINAL_RECORDS_DATABASE,0.66
HIST_00130,PERSON_0504,CASE_0022,organized theft,2024-09-06 12:56:39,acquitted,acquitted,CRIMINAL_RECORDS_DATABASE,0.93
HIST_00131,PERSON_0677,CASE_0201,smuggling,2026-01-07 18:31:14,convicted,closed,CRIMINAL_RECORDS_DATABASE,0.66
HIST_00132,PERSON_0727,CASE_0051,robbery,2022-05-24 22:48:28,convicted,acquitted,CRIMINAL_RECORDS_DATABASE,0.67
HIST_00133,PERSON_1223,CASE_0098,smuggling,2024-11-09 16:18:45,acquitted,chargesheet_filed,CRIMINAL_RECORDS_DATABASE,0.69
HIST_00134,PERSON_0945,CASE_0090,forgery,2024-03-01 14:22:49,accused,ongoing_investigation,CRIMINAL_RECORDS_DATABASE,0.76
HIST_00135,PERSON_1221,CASE_0185,cyber fraud,2026-03-22 03:54:28,acquitted,chargesheet_filed,CRIMINAL_RECORDS_DATABASE,0.92
HIST_00136,PERSON_1221,CASE_0235,forgery,2025-02-18 08:22:42,witness,ongoing_investigation,CRIMINAL_RECORDS_DATABASE,0.87
HIST_00137,PERSON_0187,CASE_0297,robbery,2024-12-29 16:54:46,acquitted,ongoing_investigation,CRIMINAL_RECORDS_DATABASE,0.73
HIST_00138,PERSON_0187,CASE_0290,organized theft,2021-12-24 00:27:09,acquitted,chargesheet_filed,CRIMINAL_RECORDS_DATABASE,0.63
HIST_00139,PERSON_0643,CASE_0237,organized financial crime,2025-09-03 07:03:45,convicted,closed,CRIMINAL_RECORDS_DATABASE,0.85
HIST_00140,PERSON_1051,CASE_0066,illegal betting,2026-03-07 17:56:07,witness,ongoing_investigation,CRIMINAL_RECORDS_DATABASE,0.82
HIST_00141,PERSON_0846,CASE_0180,extortion,2022-04-30 18:16:50,accused,closed,CRIMINAL_RECORDS_DATABASE,0.93
HIST_00142,PERSON_0846,CASE_0104,financial fraud,2022-03-01 10:57:40,convicted,acquitted,CRIMINAL_RECORDS_DATABASE,0.7
HIST_00143,PERSON_0417,CASE_0249,vehicle theft,2021-11-09 02:55:37,convicted,chargesheet_filed,CRIMINAL_RECORDS_DATABASE,0.95
HIST_00144,PERSON_0417,CASE_0087,organized theft,2022-07-31 13:14:30,witness,chargesheet_filed,CRIMINAL_RECORDS_DATABASE,0.68
HIST_00145,PERSON_1253,CASE_0018,forgery,2024-11-21 05:37:01,witness,closed,CRIMINAL_RECORDS_DATABASE,0.86
HIST_00146,PERSON_1478,CASE_0264,forgery,2024-07-14 22:03:49,convicted,closed,CRIMINAL_RECORDS_DATABASE,0.8
HIST_00147,PERSON_1478,CASE_0140,organized theft,2024-07-19 10:22:40,convicted,closed,CRIMINAL_RECORDS_DATABASE,0.61
HIST_00148,PERSON_1109,CASE_0107,illegal betting,2025-07-22 19:59:39,convicted,chargesheet_filed,CRIMINAL_RECORDS_DATABASE,0.68
HIST_00149,PERSON_0669,CASE_0243,robbery,2022-02-25 18:20:49,acquitted,acquitted,CRIMINAL_RECORDS_DATABASE,0.89
HIST_00150,PERSON_0669,CASE_0167,forgery,2023-04-28 08:45:35,accused,closed,CRIMINAL_RECORDS_DATABASE,0.75
HIST_00151,PERSON_0223,CASE_0266,organized theft,2022-12-15 03:00:17,acquitted,chargesheet_filed,CRIMINAL_RECORDS_DATABASE,0.83
HIST_00152,PERSON_1149,CASE_0031,organized theft,2022-02-07 07:43:47,acquitted,acquitted,CRIMINAL_RECORDS_DATABASE,0.69
HIST_00153,PERSON_0449,CASE_0202,organized financial crime,2024-01-13 14:21:58,witness,acquitted,CRIMINAL_RECORDS_DATABASE,0.95
HIST_00154,PERSON_0317,CASE_0078,organized financial crime,2025-09-15 19:30:38,acquitted,acquitted,CRIMINAL_RECORDS_DATABASE,0.81
HIST_00155,PERSON_0317,CASE_0002,financial fraud,2024-01-01 11:56:53,accused,acquitted,CRIMINAL_RECORDS_DATABASE,0.79
HIST_00156,PERSON_0041,CASE_0070,extortion,2024-12-06 07:25:58,convicted,acquitted,CRIMINAL_RECORDS_DATABASE,0.82
HIST_00157,PERSON_0331,CASE_0139,organized financial crime,2022-03-11 08:01:14,accused,chargesheet_filed,CRIMINAL_RECORDS_DATABASE,0.9
HIST_00158,PERSON_0340,CASE_0294,organized financial crime,2024-03-18 00:21:44,acquitted,ongoing_investigation,CRIMINAL_RECORDS_DATABASE,0.75
HIST_00159,PERSON_1090,CASE_0205,robbery,2022-08-10 22:03:39,acquitted,acquitted,CRIMINAL_RECORDS_DATABASE,0.95
HIST_00160,PERSON_0539,CASE_0037,forgery,2024-02-15 07:47:32,witness,closed,CRIMINAL_RECORDS_DATABASE,0.85
HIST_00161,PERSON_0632,CASE_0263,robbery,2025-02-17 01:04:01,convicted,acquitted,CRIMINAL_RECORDS_DATABASE,0.74
HIST_00162,PERSON_1371,CASE_0112,forgery,2024-12-14 07:39:40,acquitted,ongoing_investigation,CRIMINAL_RECORDS_DATABASE,0.71
HIST_00163,PERSON_0781,CASE_0022,extortion,2024-01-01 07:58:10,witness,chargesheet_filed,CRIMINAL_RECORDS_DATABASE,0.68
HIST_00164,PERSON_0328,CASE_0231,robbery,2024-02-16 02:38:00,acquitted,ongoing_investigation,CRIMINAL_RECORDS_DATABASE,0.97
HIST_00165,PERSON_0328,CASE_0243,organized financial crime,2023-12-19 01:25:59,acquitted,ongoing_investigation,CRIMINAL_RECORDS_DATABASE,0.66
HIST_00166,PERSON_0492,CASE_0147,extortion,2025-06-12 13:04:39,acquitted,ongoing_investigation,CRIMINAL_RECORDS_DATABASE,0.68
HIST_00167,PERSON_0627,CASE_0191,forgery,2021-11-26 23:48:38,acquitted,acquitted,CRIMINAL_RECORDS_DATABASE,0.64
HIST_00168,PERSON_1129,CASE_0009,organized theft,2022-11-15 13:17:43,acquitted,closed,CRIMINAL_RECORDS_DATABASE,0.62
HIST_00169,PERSON_1129,CASE_0208,cyber fraud,2026-04-07 03:38:16,witness,acquitted,CRIMINAL_RECORDS_DATABASE,0.61
HIST_00170,PERSON_0978,CASE_0238,illegal betting,2025-09-22 19:19:42,convicted,closed,CRIMINAL_RECORDS_DATABASE,0.75
HIST_00171,PERSON_1184,CASE_0241,organized financial crime,2025-02-16 23:43:20,accused,chargesheet_filed,CRIMINAL_RECORDS_DATABASE,0.82
HIST_00172,PERSON_1184,CASE_0098,vehicle theft,2022-04-10 11:04:20,accused,closed,CRIMINAL_RECORDS_DATABASE,0.72
HIST_00173,PERSON_0019,CASE_0006,smuggling,2026-01-12 02:34:29,accused,acquitted,CRIMINAL_RECORDS_DATABASE,0.92
HIST_00174,PERSON_0771,CASE_0182,extortion,2026-03-08 15:13:35,convicted,chargesheet_filed,CRIMINAL_RECORDS_DATABASE,0.94
HIST_00175,PERSON_0771,CASE_0159,organized financial crime,2024-06-09 16:02:46,acquitted,acquitted,CRIMINAL_RECORDS_DATABASE,0.85
HIST_00176,PERSON_0502,CASE_0158,forgery,2023-06-30 22:49:16,convicted,acquitted,CRIMINAL_RECORDS_DATABASE,0.91
HIST_00177,PERSON_0502,CASE_0146,extortion,2025-04-17 17:08:13,accused,acquitted,CRIMINAL_RECORDS_DATABASE,0.63
HIST_00178,PERSON_0590,CASE_0091,cyber fraud,2024-11-09 08:46:12,accused,ongoing_investigation,CRIMINAL_RECORDS_DATABASE,0.9
HIST_00179,PERSON_1401,CASE_0134,vehicle theft,2023-09-13 20:45:45,accused,acquitted,CRIMINAL_RECORDS_DATABASE,0.86
HIST_00180,PERSON_0142,CASE_0130,extortion,2023-06-30 07:07:38,acquitted,ongoing_investigation,CRIMINAL_RECORDS_DATABASE,0.81
HIST_00181,PERSON_0497,CASE_0105,organized financial crime,2024-03-10 11:18:56,accused,ongoing_investigation,CRIMINAL_RECORDS_DATABASE,0.61
HIST_00182,PERSON_0497,CASE_0198,organized theft,2025-08-06 17:10:05,witness,acquitted,CRIMINAL_RECORDS_DATABASE,0.75
HIST_00183,PERSON_1445,CASE_0042,extortion,2026-06-17 12:19:58,witness,acquitted,CRIMINAL_RECORDS_DATABASE,0.71
HIST_00184,PERSON_0834,CASE_0099,financial fraud,2022-12-30 20:05:21,witness,closed,CRIMINAL_RECORDS_DATABASE,0.66
HIST_00185,PERSON_0834,CASE_0204,smuggling,2024-09-20 18:28:21,convicted,chargesheet_filed,CRIMINAL_RECORDS_DATABASE,0.9
HIST_00186,PERSON_1462,CASE_0176,forgery,2022-01-13 05:33:15,convicted,ongoing_investigation,CRIMINAL_RECORDS_DATABASE,0.91
HIST_00187,PERSON_0731,CASE_0010,organized theft,2022-03-22 16:12:47,acquitted,chargesheet_filed,CRIMINAL_RECORDS_DATABASE,0.61
HIST_00188,PERSON_1311,CASE_0067,cyber fraud,2022-02-13 06:51:26,witness,acquitted,CRIMINAL_RECORDS_DATABASE,0.91
HIST_00189,PERSON_0824,CASE_0216,forgery,2025-10-11 23:11:46,acquitted,closed,CRIMINAL_RECORDS_DATABASE,0.88
HIST_00190,PERSON_0824,CASE_0240,vehicle theft,2023-05-21 09:39:22,witness,closed,CRIMINAL_RECORDS_DATABASE,0.8
HIST_00191,PERSON_1093,CASE_0109,organized theft,2024-04-22 23:24:27,convicted,ongoing_investigation,CRIMINAL_RECORDS_DATABASE,0.81
HIST_00192,PERSON_0637,CASE_0161,cyber fraud,2023-10-01 22:49:19,acquitted,ongoing_investigation,CRIMINAL_RECORDS_DATABASE,0.88
HIST_00193,PERSON_0637,CASE_0083,robbery,2022-01-08 18:22:27,witness,closed,CRIMINAL_RECORDS_DATABASE,0.95
HIST_00194,PERSON_0160,CASE_0124,smuggling,2024-05-08 02:09:04,witness,chargesheet_filed,CRIMINAL_RECORDS_DATABASE,0.6
HIST_00195,PERSON_0160,CASE_0164,illegal betting,2023-08-18 09:55:40,acquitted,ongoing_investigation,CRIMINAL_RECORDS_DATABASE,0.83
HIST_00196,PERSON_1076,CASE_0052,financial fraud,2023-06-19 16:31:00,witness,ongoing_investigation,CRIMINAL_RECORDS_DATABASE,0.94
HIST_00197,PERSON_0870,CASE_0133,financial fraud,2025-12-31 22:17:54,convicted,closed,CRIMINAL_RECORDS_DATABASE,0.76
HIST_00198,PERSON_0870,CASE_0231,cyber fraud,2025-09-14 17:49:30,convicted,closed,CRIMINAL_RECORDS_DATABASE,0.65
HIST_00199,PERSON_0848,CASE_0241,illegal betting,2023-02-21 04:53:02,acquitted,chargesheet_filed,CRIMINAL_RECORDS_DATABASE,0.71
HIST_00200,PERSON_0848,CASE_0292,cyber fraud,2026-04-11 06:46:29,acquitted,acquitted,CRIMINAL_RECORDS_DATABASE,0.7
HIST_00201,PERSON_0049,CASE_0149,organized financial crime,2024-12-09 09:32:34,acquitted,chargesheet_filed,CRIMINAL_RECORDS_DATABASE,0.72
HIST_00202,PERSON_0049,CASE_0213,organized financial crime,2023-07-23 17:45:47,accused,acquitted,CRIMINAL_RECORDS_DATABASE,0.67
HIST_00203,PERSON_0623,CASE_0295,organized financial crime,2024-07-01 01:54:42,acquitted,acquitted,CRIMINAL_RECORDS_DATABASE,0.86
HIST_00204,PERSON_0623,CASE_0121,cyber fraud,2024-01-28 02:27:37,acquitted,closed,CRIMINAL_RECORDS_DATABASE,0.62
HIST_00205,PERSON_0191,CASE_0226,extortion,2025-01-13 05:50:09,convicted,acquitted,CRIMINAL_RECORDS_DATABASE,0.81
HIST_00206,PERSON_0270,CASE_0225,illegal betting,2022-09-16 04:49:37,acquitted,acquitted,CRIMINAL_RECORDS_DATABASE,0.76
HIST_00207,PERSON_0044,CASE_0078,smuggling,2023-10-12 22:52:25,acquitted,acquitted,CRIMINAL_RECORDS_DATABASE,0.68
HIST_00208,PERSON_0939,CASE_0038,extortion,2024-01-06 15:52:31,convicted,chargesheet_filed,CRIMINAL_RECORDS_DATABASE,0.73
HIST_00209,PERSON_0173,CASE_0004,cyber fraud,2022-07-29 05:05:40,convicted,acquitted,CRIMINAL_RECORDS_DATABASE,0.7
HIST_00210,PERSON_0173,CASE_0201,organized theft,2023-11-08 14:24:13,witness,closed,CRIMINAL_RECORDS_DATABASE,0.92
HIST_00211,PERSON_0232,CASE_0035,financial fraud,2023-11-18 08:55:22,acquitted,ongoing_investigation,CRIMINAL_RECORDS_DATABASE,0.96
HIST_00212,PERSON_0232,CASE_0158,forgery,2024-08-09 18:18:11,accused,ongoing_investigation,CRIMINAL_RECORDS_DATABASE,0.66
HIST_00213,PERSON_0759,CASE_0135,smuggling,2023-09-07 05:22:32,convicted,ongoing_investigation,CRIMINAL_RECORDS_DATABASE,0.95
HIST_00214,PERSON_0759,CASE_0300,smuggling,2022-11-02 03:47:56,convicted,acquitted,CRIMINAL_RECORDS_DATABASE,0.89
HIST_00215,PERSON_0549,CASE_0238,organized theft,2025-12-08 21:28:58,witness,ongoing_investigation,CRIMINAL_RECORDS_DATABASE,0.94
HIST_00216,PERSON_1297,CASE_0027,organized theft,2023-10-23 11:55:36,acquitted,ongoing_investigation,CRIMINAL_RECORDS_DATABASE,0.67
HIST_00217,PERSON_0595,CASE_0286,organized financial crime,2024-01-13 15:03:36,acquitted,acquitted,CRIMINAL_RECORDS_DATABASE,0.88
HIST_00218,PERSON_0438,CASE_0231,organized theft,2025-03-14 04:17:56,accused,closed,CRIMINAL_RECORDS_DATABASE,0.68
HIST_00219,PERSON_1487,CASE_0095,smuggling,2023-02-07 02:22:41,acquitted,chargesheet_filed,CRIMINAL_RECORDS_DATABASE,0.64
HIST_00220,PERSON_1200,CASE_0085,organized financial crime,2021-12-10 05:24:05,witness,chargesheet_filed,CRIMINAL_RECORDS_DATABASE,0.69
HIST_00221,PERSON_1258,CASE_0172,financial fraud,2023-08-10 21:55:54,accused,chargesheet_filed,CRIMINAL_RECORDS_DATABASE,0.77
HIST_00222,PERSON_1050,CASE_0292,organized theft,2024-02-04 06:49:10,acquitted,closed,CRIMINAL_RECORDS_DATABASE,0.77
HIST_00223,PERSON_0760,CASE_0185,extortion,2023-12-20 00:29:46,accused,chargesheet_filed,CRIMINAL_RECORDS_DATABASE,0.87
HIST_00224,PERSON_0760,CASE_0215,illegal betting,2026-05-05 13:49:22,convicted,ongoing_investigation,CRIMINAL_RECORDS_DATABASE,0.78
HIST_00225,PERSON_1406,CASE_0238,cyber fraud,2026-06-13 00:09:24,witness,ongoing_investigation,CRIMINAL_RECORDS_DATABASE,0.92
HIST_00226,PERSON_0681,CASE_0134,extortion,2025-05-30 05:17:42,acquitted,chargesheet_filed,CRIMINAL_RECORDS_DATABASE,0.93
HIST_00227,PERSON_0681,CASE_0101,vehicle theft,2025-01-20 05:35:39,acquitted,chargesheet_filed,CRIMINAL_RECORDS_DATABASE,0.62
HIST_00228,PERSON_1025,CASE_0215,organized theft,2024-02-24 08:46:43,acquitted,chargesheet_filed,CRIMINAL_RECORDS_DATABASE,0.63
HIST_00229,PERSON_1098,CASE_0006,forgery,2025-10-11 21:30:06,convicted,acquitted,CRIMINAL_RECORDS_DATABASE,0.81
HIST_00230,PERSON_0367,CASE_0167,cyber fraud,2025-07-28 01:41:34,acquitted,chargesheet_filed,CRIMINAL_RECORDS_DATABASE,0.76
HIST_00231,PERSON_1239,CASE_0089,robbery,2023-01-30 01:09:39,acquitted,ongoing_investigation,CRIMINAL_RECORDS_DATABASE,0.74
HIST_00232,PERSON_0890,CASE_0009,illegal betting,2025-08-30 21:25:21,accused,chargesheet_filed,CRIMINAL_RECORDS_DATABASE,0.86
HIST_00233,PERSON_0072,CASE_0206,forgery,2024-08-24 02:49:07,accused,ongoing_investigation,CRIMINAL_RECORDS_DATABASE,0.89
HIST_00234,PERSON_0216,CASE_0064,illegal betting,2023-02-16 19:08:57,witness,chargesheet_filed,CRIMINAL_RECORDS_DATABASE,0.84
HIST_00235,PERSON_1350,CASE_0102,robbery,2024-04-02 02:13:40,accused,ongoing_investigation,CRIMINAL_RECORDS_DATABASE,0.83
HIST_00236,PERSON_0508,CASE_0164,smuggling,2025-10-31 04:11:21,acquitted,acquitted,CRIMINAL_RECORDS_DATABASE,0.85
HIST_00237,PERSON_1325,CASE_0061,forgery,2024-07-10 14:20:54,acquitted,chargesheet_filed,CRIMINAL_RECORDS_DATABASE,0.74
HIST_00238,PERSON_0021,CASE_0049,organized theft,2025-06-17 00:59:26,accused,acquitted,CRIMINAL_RECORDS_DATABASE,0.9
HIST_00239,PERSON_1106,CASE_0064,organized financial crime,2023-04-27 08:04:29,accused,chargesheet_filed,CRIMINAL_RECORDS_DATABASE,0.83
HIST_00240,PERSON_0498,CASE_0235,organized financial crime,2022-02-14 00:57:56,witness,closed,CRIMINAL_RECORDS_DATABASE,0.96
HIST_00241,PERSON_1276,CASE_0236,smuggling,2023-02-24 23:21:30,accused,closed,CRIMINAL_RECORDS_DATABASE,0.73
HIST_00242,PERSON_0908,CASE_0129,extortion,2025-11-13 23:49:06,witness,chargesheet_filed,CRIMINAL_RECORDS_DATABASE,0.78
HIST_00243,PERSON_0659,CASE_0090,illegal betting,2024-08-24 20:40:44,convicted,acquitted,CRIMINAL_RECORDS_DATABASE,0.81
HIST_00244,PERSON_0659,CASE_0088,illegal betting,2022-05-02 03:14:13,witness,closed,CRIMINAL_RECORDS_DATABASE,0.96
HIST_00245,PERSON_0581,CASE_0165,illegal betting,2024-03-10 17:31:20,witness,acquitted,CRIMINAL_RECORDS_DATABASE,0.88
HIST_00246,PERSON_0581,CASE_0022,extortion,2025-12-24 20:42:01,witness,chargesheet_filed,CRIMINAL_RECORDS_DATABASE,0.77
HIST_00247,PERSON_1287,CASE_0032,smuggling,2023-06-04 00:03:56,convicted,chargesheet_filed,CRIMINAL_RECORDS_DATABASE,0.88
HIST_00248,PERSON_1287,CASE_0014,extortion,2021-11-11 07:01:25,convicted,chargesheet_filed,CRIMINAL_RECORDS_DATABASE,0.67
HIST_00249,PERSON_0540,CASE_0165,cyber fraud,2022-11-17 14:26:54,convicted,ongoing_investigation,CRIMINAL_RECORDS_DATABASE,0.66
HIST_00250,PERSON_0540,CASE_0172,smuggling,2025-11-26 18:05:42,convicted,acquitted,CRIMINAL_RECORDS_DATABASE,0.66
HIST_00251,PERSON_0064,CASE_0164,organized theft,2025-07-14 03:48:22,witness,chargesheet_filed,CRIMINAL_RECORDS_DATABASE,0.84
HIST_00252,PERSON_0975,CASE_0078,vehicle theft,2024-04-28 03:36:49,accused,acquitted,CRIMINAL_RECORDS_DATABASE,0.74
HIST_00253,PERSON_1446,CASE_0170,organized theft,2026-03-16 15:40:02,acquitted,chargesheet_filed,CRIMINAL_RECORDS_DATABASE,0.88
HIST_00254,PERSON_1274,CASE_0144,organized theft,2024-07-04 18:20:23,acquitted,chargesheet_filed,CRIMINAL_RECORDS_DATABASE,0.7
HIST_00255,PERSON_0131,CASE_0158,financial fraud,2025-03-19 15:37:28,convicted,acquitted,CRIMINAL_RECORDS_DATABASE,0.93
HIST_00256,PERSON_0633,CASE_0092,vehicle theft,2026-04-24 01:57:47,acquitted,ongoing_investigation,CRIMINAL_RECORDS_DATABASE,0.88
HIST_00257,PERSON_0633,CASE_0292,forgery,2024-05-05 01:54:25,acquitted,ongoing_investigation,CRIMINAL_RECORDS_DATABASE,0.61
HIST_00258,PERSON_0611,CASE_0070,forgery,2022-07-01 00:56:11,accused,chargesheet_filed,CRIMINAL_RECORDS_DATABASE,0.95
HIST_00259,PERSON_1254,CASE_0008,organized theft,2021-11-14 06:16:46,acquitted,acquitted,CRIMINAL_RECORDS_DATABASE,0.68
HIST_00260,PERSON_1254,CASE_0077,organized theft,2022-09-30 01:50:37,acquitted,closed,CRIMINAL_RECORDS_DATABASE,0.9
HIST_00261,PERSON_1281,CASE_0163,extortion,2025-05-29 09:18:30,witness,closed,CRIMINAL_RECORDS_DATABASE,0.77
HIST_00262,PERSON_0138,CASE_0159,organized financial crime,2024-12-19 20:40:25,acquitted,chargesheet_filed,CRIMINAL_RECORDS_DATABASE,0.7
HIST_00263,PERSON_0864,CASE_0237,vehicle theft,2025-10-10 19:55:08,witness,acquitted,CRIMINAL_RECORDS_DATABASE,0.66
HIST_00264,PERSON_0966,CASE_0165,vehicle theft,2025-01-31 00:38:05,witness,ongoing_investigation,CRIMINAL_RECORDS_DATABASE,0.91
HIST_00265,PERSON_0013,CASE_0046,robbery,2025-04-17 09:38:52,acquitted,ongoing_investigation,CRIMINAL_RECORDS_DATABASE,0.89
HIST_00266,PERSON_0604,CASE_0041,extortion,2023-05-25 22:19:57,acquitted,closed,CRIMINAL_RECORDS_DATABASE,0.81
HIST_00267,PERSON_0852,CASE_0103,forgery,2024-02-07 21:12:15,acquitted,chargesheet_filed,CRIMINAL_RECORDS_DATABASE,0.88
HIST_00268,PERSON_0852,CASE_0251,organized theft,2022-11-20 05:41:53,accused,chargesheet_filed,CRIMINAL_RECORDS_DATABASE,0.83
HIST_00269,PERSON_1236,CASE_0110,smuggling,2023-07-20 03:40:55,acquitted,ongoing_investigation,CRIMINAL_RECORDS_DATABASE,0.95
HIST_00270,PERSON_1236,CASE_0162,robbery,2026-04-30 19:24:27,convicted,closed,CRIMINAL_RECORDS_DATABASE,0.78
HIST_00271,PERSON_0391,CASE_0081,robbery,2026-01-02 20:42:54,accused,chargesheet_filed,CRIMINAL_RECORDS_DATABASE,0.73
HIST_00272,PERSON_0035,CASE_0088,illegal betting,2026-01-30 17:45:30,convicted,acquitted,CRIMINAL_RECORDS_DATABASE,0.9
HIST_00273,PERSON_0035,CASE_0267,extortion,2022-07-10 13:37:26,accused,chargesheet_filed,CRIMINAL_RECORDS_DATABASE,0.84
HIST_00274,PERSON_0306,CASE_0238,extortion,2023-05-15 01:25:29,acquitted,acquitted,CRIMINAL_RECORDS_DATABASE,0.62
HIST_00275,PERSON_0306,CASE_0282,organized financial crime,2024-04-21 03:55:40,acquitted,ongoing_investigation,CRIMINAL_RECORDS_DATABASE,0.94
HIST_00276,PERSON_0489,CASE_0038,organized theft,2026-02-20 02:15:48,witness,chargesheet_filed,CRIMINAL_RECORDS_DATABASE,0.86
HIST_00277,PERSON_0640,CASE_0238,forgery,2023-04-11 06:02:13,acquitted,chargesheet_filed,CRIMINAL_RECORDS_DATABASE,0.7
HIST_00278,PERSON_0640,CASE_0124,financial fraud,2024-04-23 00:03:25,witness,ongoing_investigation,CRIMINAL_RECORDS_DATABASE,0.93
HIST_00279,PERSON_0161,CASE_0125,robbery,2024-04-15 02:48:47,acquitted,chargesheet_filed,CRIMINAL_RECORDS_DATABASE,0.67
HIST_00280,PERSON_1194,CASE_0107,robbery,2024-09-23 23:01:20,accused,ongoing_investigation,CRIMINAL_RECORDS_DATABASE,0.73
HIST_00281,PERSON_1255,CASE_0111,cyber fraud,2024-05-26 22:19:31,witness,chargesheet_filed,CRIMINAL_RECORDS_DATABASE,0.96
HIST_00282,PERSON_0802,CASE_0267,forgery,2023-02-19 22:43:21,accused,ongoing_investigation,CRIMINAL_RECORDS_DATABASE,0.97
HIST_00283,PERSON_1290,CASE_0208,organized financial crime,2023-12-14 11:42:09,acquitted,closed,CRIMINAL_RECORDS_DATABASE,0.93
HIST_00284,PERSON_1146,CASE_0253,forgery,2022-09-13 05:51:11,accused,acquitted,CRIMINAL_RECORDS_DATABASE,0.62
HIST_00285,PERSON_1146,CASE_0235,cyber fraud,2024-08-04 20:45:30,witness,chargesheet_filed,CRIMINAL_RECORDS_DATABASE,0.66
HIST_00286,PERSON_0178,CASE_0163,organized theft,2024-11-30 18:47:24,convicted,acquitted,CRIMINAL_RECORDS_DATABASE,0.79
HIST_00287,PERSON_0454,CASE_0203,robbery,2025-07-04 04:42:06,witness,ongoing_investigation,CRIMINAL_RECORDS_DATABASE,0.94
HIST_00288,PERSON_1265,CASE_0145,illegal betting,2023-09-01 05:31:07,acquitted,chargesheet_filed,CRIMINAL_RECORDS_DATABASE,0.82
HIST_00289,PERSON_0552,CASE_0230,illegal betting,2025-02-22 06:53:43,accused,acquitted,CRIMINAL_RECORDS_DATABASE,0.71
HIST_00290,PERSON_0552,CASE_0014,extortion,2022-10-15 10:36:26,convicted,closed,CRIMINAL_RECORDS_DATABASE,0.84
HIST_00291,PERSON_0712,CASE_0020,extortion,2025-10-30 03:38:22,acquitted,acquitted,CRIMINAL_RECORDS_DATABASE,0.81
HIST_00292,PERSON_0817,CASE_0299,financial fraud,2022-10-02 10:35:16,accused,closed,CRIMINAL_RECORDS_DATABASE,0.77
HIST_00293,PERSON_0040,CASE_0299,illegal betting,2025-11-20 04:22:13,accused,acquitted,CRIMINAL_RECORDS_DATABASE,0.67
HIST_00294,PERSON_1431,CASE_0003,robbery,2026-05-22 19:22:45,convicted,chargesheet_filed,CRIMINAL_RECORDS_DATABASE,0.7
HIST_00295,PERSON_1431,CASE_0010,forgery,2021-12-03 00:07:57,witness,chargesheet_filed,CRIMINAL_RECORDS_DATABASE,0.97
HIST_00296,PERSON_0286,CASE_0293,organized theft,2022-03-23 21:31:32,acquitted,ongoing_investigation,CRIMINAL_RECORDS_DATABASE,0.66
HIST_00297,PERSON_0569,CASE_0223,cyber fraud,2022-05-14 23:27:43,acquitted,chargesheet_filed,CRIMINAL_RECORDS_DATABASE,0.96
HIST_00298,PERSON_0305,CASE_0173,cyber fraud,2023-09-27 02:58:16,acquitted,closed,CRIMINAL_RECORDS_DATABASE,0.66
HIST_00299,PERSON_0248,CASE_0130,organized theft,2022-10-27 17:23:07,witness,closed,CRIMINAL_RECORDS_DATABASE,0.8
HIST_00300,PERSON_1004,CASE_0210,organized theft,2024-11-23 10:20:33,acquitted,ongoing_investigation,CRIMINAL_RECORDS_DATABASE,0.64
HIST_00301,PERSON_1004,CASE_0249,smuggling,2021-11-23 09:36:06,convicted,closed,CRIMINAL_RECORDS_DATABASE,0.87
HIST_00302,PERSON_0954,CASE_0039,organized theft,2022-02-26 10:20:55,witness,acquitted,CRIMINAL_RECORDS_DATABASE,0.63
HIST_00303,PERSON_0954,CASE_0049,financial fraud,2023-09-21 23:50:08,accused,acquitted,CRIMINAL_RECORDS_DATABASE,0.81
HIST_00304,PERSON_1237,CASE_0232,extortion,2022-07-25 09:47:38,accused,chargesheet_filed,CRIMINAL_RECORDS_DATABASE,0.62
HIST_00305,PERSON_0625,CASE_0129,organized theft,2025-06-05 20:36:08,witness,chargesheet_filed,CRIMINAL_RECORDS_DATABASE,0.68
HIST_00306,PERSON_0625,CASE_0046,vehicle theft,2023-03-05 13:28:02,convicted,closed,CRIMINAL_RECORDS_DATABASE,0.75
HIST_00307,PERSON_0233,CASE_0123,organized financial crime,2022-04-22 00:06:23,acquitted,chargesheet_filed,CRIMINAL_RECORDS_DATABASE,0.94
HIST_00308,PERSON_0529,CASE_0135,illegal betting,2025-09-29 21:03:06,accused,acquitted,CRIMINAL_RECORDS_DATABASE,0.7
HIST_00309,PERSON_1424,CASE_0017,robbery,2023-02-21 01:40:10,acquitted,acquitted,CRIMINAL_RECORDS_DATABASE,0.9
HIST_00310,PERSON_1152,CASE_0029,forgery,2022-05-20 00:23:04,accused,acquitted,CRIMINAL_RECORDS_DATABASE,0.97
HIST_00311,PERSON_0247,CASE_0231,illegal betting,2023-02-22 00:28:31,witness,acquitted,CRIMINAL_RECORDS_DATABASE,0.91
HIST_00312,PERSON_0196,CASE_0202,forgery,2024-07-08 06:58:36,witness,acquitted,CRIMINAL_RECORDS_DATABASE,0.87
HIST_00313,PERSON_1299,CASE_0262,robbery,2022-06-03 17:43:50,witness,ongoing_investigation,CRIMINAL_RECORDS_DATABASE,0.8
HIST_00314,PERSON_0806,CASE_0067,vehicle theft,2022-08-14 07:08:56,accused,chargesheet_filed,CRIMINAL_RECORDS_DATABASE,0.77
HIST_00315,PERSON_0258,CASE_0158,vehicle theft,2026-02-19 14:32:34,convicted,acquitted,CRIMINAL_RECORDS_DATABASE,0.61
HIST_00316,PERSON_1018,CASE_0267,organized financial crime,2021-11-05 16:28:48,witness,acquitted,CRIMINAL_RECORDS_DATABASE,0.79
HIST_00317,PERSON_1018,CASE_0038,cyber fraud,2024-02-09 09:07:37,witness,chargesheet_filed,CRIMINAL_RECORDS_DATABASE,0.83
HIST_00318,PERSON_0982,CASE_0105,smuggling,2024-11-26 23:27:18,accused,acquitted,CRIMINAL_RECORDS_DATABASE,0.78
HIST_00319,PERSON_0982,CASE_0073,forgery,2023-11-15 20:21:24,witness,chargesheet_filed,CRIMINAL_RECORDS_DATABASE,0.78
HIST_00320,PERSON_0070,CASE_0034,robbery,2023-05-05 21:32:40,witness,closed,CRIMINAL_RECORDS_DATABASE,0.67
HIST_00321,PERSON_0341,CASE_0259,smuggling,2025-06-06 19:27:24,accused,acquitted,CRIMINAL_RECORDS_DATABASE,0.8
HIST_00322,PERSON_1078,CASE_0205,extortion,2023-07-02 15:47:13,acquitted,closed,CRIMINAL_RECORDS_DATABASE,0.96
HIST_00323,PERSON_1163,CASE_0187,financial fraud,2024-04-29 01:46:55,convicted,closed,CRIMINAL_RECORDS_DATABASE,0.67
HIST_00324,PERSON_1359,CASE_0184,robbery,2021-11-12 17:15:15,witness,chargesheet_filed,CRIMINAL_RECORDS_DATABASE,0.9
HIST_00325,PERSON_0499,CASE_0044,vehicle theft,2022-12-27 15:31:47,witness,ongoing_investigation,CRIMINAL_RECORDS_DATABASE,0.75
HIST_00326,PERSON_0887,CASE_0172,financial fraud,2026-03-03 08:29:17,accused,chargesheet_filed,CRIMINAL_RECORDS_DATABASE,0.82
HIST_00327,PERSON_0887,CASE_0043,extortion,2026-02-11 16:44:22,witness,closed,CRIMINAL_RECORDS_DATABASE,0.97
HIST_00328,PERSON_0958,CASE_0280,robbery,2026-06-23 22:20:44,acquitted,acquitted,CRIMINAL_RECORDS_DATABASE,0.82
HIST_00329,PERSON_0958,CASE_0227,vehicle theft,2024-03-11 23:30:07,convicted,chargesheet_filed,CRIMINAL_RECORDS_DATABASE,0.82
HIST_00330,PERSON_0421,CASE_0208,organized theft,2023-08-01 13:41:59,accused,acquitted,CRIMINAL_RECORDS_DATABASE,0.88
HIST_00331,PERSON_1383,CASE_0214,financial fraud,2025-03-26 02:58:59,witness,chargesheet_filed,CRIMINAL_RECORDS_DATABASE,0.64
