fir_id,case_id,date,crime_type,complainant_id,accused_id,witness_id,location_id,narrative,source,confidence
FIR_0001,CASE_0001,2025-08-30 04:24:50,financial fraud,PERSON_0282,PERSON_1459,PERSON_1237,LOCATION_0041,Investigating officer noted unusual movement in the area prior to the reported incident. Primary suspect identified on scene.,POLICE_STATION_RECORD,0.89
FIR_0002,CASE_0002,2025-07-31 02:37:23,smuggling,PERSON_0898,PERSON_1104,PERSON_0837,LOCATION_0182,Complainant could not clearly identify all persons involved; further verification is required.,POLICE_STATION_RECORD,0.63
FIR_0003,CASE_0003,2025-10-16 02:03:43,extortion,PERSON_0481,PERSON_0833,PERSON_0840,LOCATION_0203,Complainant stated that an associate of the accused was present at LOCATION_0203 shortly before the incident.,POLICE_STATION_RECORD,0.88
FIR_0004,CASE_0004,2025-11-18 23:19:44,illegal betting,PERSON_0916,PERSON_1060,PERSON_0853,LOCATION_0264,Complainant could not clearly identify all persons involved; further verification is required.,POLICE_STATION_RECORD,0.88
FIR_0005,CASE_0005,2025-05-14 16:02:21,forgery,PERSON_0978,PERSON_1468,PERSON_0275,LOCATION_0155,Complainant stated that an associate of the accused was present at LOCATION_0155 shortly before the incident.,POLICE_STATION_RECORD,0.66
FIR_0006,CASE_0006,2026-01-01 11:52:31,cyber fraud,PERSON_0188,PERSON_0266,PERSON_0297,LOCATION_0266,Witness reported that an individual known as Rajesh G. was seen near the location before the incident.,POLICE_STATION_RECORD,0.88
FIR_0007,CASE_0007,2025-01-20 15:26:00,organized theft,PERSON_1288,PERSON_1303,PERSON_0568,LOCATION_0027,Investigating officer noted unusual movement in the area prior to the reported incident.,POLICE_STATION_RECORD,0.74
FIR_0008,CASE_0008,2025-05-12 15:08:40,smuggling,PERSON_1426,PERSON_0398,PERSON_0234,LOCATION_0188,Complainant stated that an associate of the accused was present at LOCATION_0188 shortly before the incident.,POLICE_STATION_RECORD,0.79
FIR_0009,CASE_0009,2025-12-02 19:55:34,cyber fraud,PERSON_0391,PERSON_0945,PERSON_1227,LOCATION_0009,Witness reported that an individual known as Ravi G. was seen near the location before the incident.,POLICE_STATION_RECORD,0.94
FIR_0010,CASE_0010,2025-10-20 19:19:44,organized theft,PERSON_0462,PERSON_0030,PERSON_0028,LOCATION_0190,Complainant could not clearly identify all persons involved; further verification is required.,POLICE_STATION_RECORD,0.73
FIR_0011,CASE_0011,2025-06-18 06:34:20,robbery,PERSON_0433,PERSON_1007,PERSON_0041,LOCATION_0251,Complainant stated that an associate of the accused was present at LOCATION_0251 shortly before the incident.,POLICE_STATION_RECORD,0.84
FIR_0012,CASE_0012,2025-04-05 18:34:43,financial fraud,PERSON_0775,PERSON_0580,PERSON_0678,LOCATION_0242,Complainant could not clearly identify all persons involved; further verification is required.,POLICE_STATION_RECORD,0.59
FIR_0013,CASE_0013,2025-09-17 17:27:59,smuggling,PERSON_0460,PERSON_0804,,LOCATION_0102,Standalone synthetic case; limited relational clues in narrative.,POLICE_STATION_RECORD,0.62
FIR_0014,CASE_0014,2026-03-14 16:09:19,vehicle theft,PERSON_1265,PERSON_0101,,LOCATION_0298,Standalone synthetic case; limited relational clues in narrative.,POLICE_STATION_RECORD,0.7
FIR_0015,CASE_0015,2025-04-28 23:38:55,forgery,PERSON_0549,PERSON_1140,,LOCATION_0091,Standalone synthetic case; limited relational clues in narrative.,POLICE_STATION_RECORD,0.57
FIR_0016,CASE_0016,2025-05-15 11:26:48,smuggling,PERSON_0823,PERSON_0976,,LOCATION_0102,Standalone synthetic case; limited relational clues in narrative.,POLICE_STATION_RECORD,0.77
FIR_0017,CASE_0017,2024-07-12 20:28:49,smuggling,PERSON_1053,PERSON_0518,,LOCATION_0181,Standalone synthetic case; limited relational clues in narrative.,POLICE_STATION_RECORD,0.87
FIR_0018,CASE_0018,2024-08-13 16:52:35,illegal betting,PERSON_1022,PERSON_1023,,LOCATION_0118,Standalone synthetic case; limited relational clues in narrative.,POLICE_STATION_RECORD,0.89
FIR_0019,CASE_0019,2025-02-13 16:32:16,financial fraud,PERSON_0838,PERSON_1033,,LOCATION_0111,Standalone synthetic case; limited relational clues in narrative.,POLICE_STATION_RECORD,0.67
FIR_0020,CASE_0020,2024-09-05 19:54:30,financial fraud,PERSON_0432,PERSON_0006,,LOCATION_0244,Standalone synthetic case; limited relational clues in narrative.,POLICE_STATION_RECORD,0.63
FIR_0021,CASE_0021,2025-11-22 04:20:11,organized theft,PERSON_0533,PERSON_1312,,LOCATION_0264,Standalone synthetic case; limited relational clues in narrative.,POLICE_STATION_RECORD,0.88
FIR_0022,CASE_0022,2024-09-06 14:41:02,vehicle theft,PERSON_1290,PERSON_0633,,LOCATION_0140,Standalone synthetic case; limited relational clues in narrative.,POLICE_STATION_RECORD,0.82
FIR_0023,CASE_0023,2026-02-13 20:51:46,organized theft,PERSON_1366,PERSON_1381,,LOCATION_0274,Standalone synthetic case; limited relational clues in narrative.,POLICE_STATION_RECORD,0.63
FIR_0024,CASE_0024,2024-06-29 21:15:55,illegal betting,PERSON_0822,PERSON_0310,,LOCATION_0192,Standalone synthetic case; limited relational clues in narrative.,POLICE_STATION_RECORD,0.8
FIR_0025,CASE_0025,2025-10-10 19:13:46,vehicle theft,PERSON_0290,PERSON_0613,,LOCATION_0059,Standalone synthetic case; limited relational clues in narrative.,POLICE_STATION_RECORD,0.68
FIR_0026,CASE_0026,2024-10-26 08:05:28,vehicle theft,PERSON_0717,PERSON_0817,,LOCATION_0140,Standalone synthetic case; limited relational clues in narrative.,POLICE_STATION_RECORD,0.81
FIR_0027,CASE_0027,2024-08-25 22:38:57,cyber fraud,PERSON_0846,PERSON_1172,,LOCATION_0118,Standalone synthetic case; limited relational clues in narrative.,POLICE_STATION_RECORD,0.69
FIR_0028,CASE_0028,2024-11-27 17:58:33,extortion,PERSON_0593,PERSON_1321,,LOCATION_0118,Standalone synthetic case; limited relational clues in narrative.,POLICE_STATION_RECORD,0.68
FIR_0029,CASE_0029,2024-07-18 12:29:57,smuggling,PERSON_0572,PERSON_0386,,LOCATION_0210,Standalone synthetic case; limited relational clues in narrative.,POLICE_STATION_RECORD,0.77
FIR_0030,CASE_0030,2024-06-21 17:57:03,robbery,PERSON_0363,PERSON_1302,,LOCATION_0047,Standalone synthetic case; limited relational clues in narrative.,POLICE_STATION_RECORD,0.74
FIR_0031,CASE_0031,2025-05-02 12:38:38,organized financial crime,PERSON_0449,PERSON_0744,,LOCATION_0040,Standalone synthetic case; limited relational clues in narrative.,POLICE_STATION_RECORD,0.77
FIR_0032,CASE_0032,2025-10-21 13:32:41,cyber fraud,PERSON_0160,PERSON_1045,,LOCATION_0204,Standalone synthetic case; limited relational clues in narrative.,POLICE_STATION_RECORD,0.81
FIR_0033,CASE_0033,2024-08-28 13:57:46,vehicle theft,PERSON_0246,PERSON_1498,,LOCATION_0232,Standalone synthetic case; limited relational clues in narrative.,POLICE_STATION_RECORD,0.61
FIR_0034,CASE_0034,2025-09-19 06:18:49,extortion,PERSON_1495,PERSON_0948,,LOCATION_0233,Standalone synthetic case; limited relational clues in narrative.,POLICE_STATION_RECORD,0.69
FIR_0035,CASE_0035,2024-09-05 13:09:41,organized theft,PERSON_0264,PERSON_0958,,LOCATION_0135,Standalone synthetic case; limited relational clues in narrative.,POLICE_STATION_RECORD,0.6
FIR_0036,CASE_0036,2024-06-23 02:22:49,organized financial crime,PERSON_0594,PERSON_1028,,LOCATION_0247,Standalone synthetic case; limited relational clues in narrative.,POLICE_STATION_RECORD,0.72
FIR_0037,CASE_0037,2025-12-20 03:57:25,forgery,PERSON_0490,PERSON_0395,,LOCATION_0075,Standalone synthetic case; limited relational clues in narrative.,POLICE_STATION_RECORD,0.67
FIR_0038,CASE_0038,2026-04-24 05:33:21,smuggling,PERSON_0768,PERSON_0308,,LOCATION_0218,Standalone synthetic case; limited relational clues in narrative.,POLICE_STATION_RECORD,0.88
FIR_0039,CASE_0039,2025-03-25 18:32:00,organized financial crime,PERSON_1472,PERSON_0374,,LOCATION_0108,Standalone synthetic case; limited relational clues in narrative.,POLICE_STATION_RECORD,0.81
FIR_0040,CASE_0040,2025-10-27 19:40:40,robbery,PERSON_1005,PERSON_0947,,LOCATION_0091,Standalone synthetic case; limited relational clues in narrative.,POLICE_STATION_RECORD,0.71
FIR_0041,CASE_0041,2024-07-04 05:20:46,illegal betting,PERSON_0757,PERSON_1179,,LOCATION_0092,Standalone synthetic case; limited relational clues in narrative.,POLICE_STATION_RECORD,0.85
FIR_0042,CASE_0042,2024-09-24 20:49:17,organized financial crime,PERSON_0495,PERSON_1150,,LOCATION_0196,Standalone synthetic case; limited relational clues in narrative.,POLICE_STATION_RECORD,0.64
FIR_0043,CASE_0043,2025-01-31 01:39:33,smuggling,PERSON_0498,PERSON_0379,,LOCATION_0153,Standalone synthetic case; limited relational clues in narrative.,POLICE_STATION_RECORD,0.63
FIR_0044,CASE_0044,2024-12-10 18:15:46,vehicle theft,PERSON_1145,PERSON_0023,,LOCATION_0010,Standalone synthetic case; limited relational clues in narrative.,POLICE_STATION_RECORD,0.65
FIR_0045,CASE_0045,2026-01-15 06:55:48,organized theft,PERSON_0770,PERSON_0514,,LOCATION_0135,Standalone synthetic case; limited relational clues in narrative.,POLICE_STATION_RECORD,0.57
FIR_0046,CASE_0046,2026-01-12 05:53:20,cyber fraud,PERSON_0316,PERSON_0814,,LOCATION_0040,Standalone synthetic case; limited relational clues in narrative.,POLICE_STATION_RECORD,0.73
FIR_0047,CASE_0047,2024-09-12 13:08:26,organized financial crime,PERSON_1419,PERSON_0075,,LOCATION_0061,Standalone synthetic case; limited relational clues in narrative.,POLICE_STATION_RECORD,0.61
FIR_0048,CASE_0048,2026-01-31 03:50:01,smuggling,PERSON_0741,PERSON_0015,,LOCATION_0120,Standalone synthetic case; limited relational clues in narrative.,POLICE_STATION_RECORD,0.72
FIR_0049,CASE_0049,2025-10-02 05:09:40,forgery,PERSON_0237,PERSON_0366,,LOCATION_0099,Standalone synthetic case; limited relational clues in narrative.,POLICE_STATION_RECORD,0.86
FIR_0050,CASE_0050,2024-12-26 14:22:56,illegal betting,PERSON_0646,PERSON_0704,,LOCATION_0273,Standalone synthetic case; limited relational clues in narrative.,POLICE_STATION_RECORD,0.71
FIR_0051,CASE_0051,2025-05-28 00:46:10,organized financial crime,PERSON_0883,PERSON_0399,,LOCATION_0085,Standalone synthetic case; limited relational clues in narrative.,POLICE_STATION_RECORD,0.73
FIR_0052,CASE_0052,2026-05-28 15:51:44,illegal betting,PERSON_0197,PERSON_0975,,LOCATION_0261,Standalone synthetic case; limited relational clues in narrative.,POLICE_STATION_RECORD,0.81
FIR_0053,CASE_0053,2025-10-11 13:55:54,smuggling,PERSON_1374,PERSON_0441,,LOCATION_0029,Standalone synthetic case; limited relational clues in narrative.,POLICE_STATION_RECORD,0.83
FIR_0054,CASE_0054,2026-03-30 20:02:20,cyber fraud,PERSON_1268,PERSON_0801,,LOCATION_0232,Standalone synthetic case; limited relational clues in narrative.,POLICE_STATION_RECORD,0.69
FIR_0055,CASE_0055,2025-05-10 01:12:03,forgery,PERSON_0621,PERSON_1266,,LOCATION_0250,Standalone synthetic case; limited relational clues in narrative.,POLICE_STATION_RECORD,0.88
FIR_0056,CASE_0056,2025-11-30 10:30:37,organized theft,PERSON_0192,PERSON_0014,,LOCATION_0210,Standalone synthetic case; limited relational clues in narrative.,POLICE_STATION_RECORD,0.74
FIR_0057,CASE_0057,2025-08-11 08:59:06,cyber fraud,PERSON_0286,PERSON_0185,,LOCATION_0069,Standalone synthetic case; limited relational clues in narrative.,POLICE_STATION_RECORD,0.63
FIR_0058,CASE_0058,2024-09-16 09:36:09,forgery,PERSON_0555,PERSON_0388,,LOCATION_0186,Standalone synthetic case; limited relational clues in narrative.,POLICE_STATION_RECORD,0.57
FIR_0059,CASE_0059,2024-06-20 12:36:43,organized theft,PERSON_0729,PERSON_0175,,LOCATION_0245,Standalone synthetic case; limited relational clues in narrative.,POLICE_STATION_RECORD,0.7
FIR_0060,CASE_0060,2025-03-11 11:54:33,forgery,PERSON_0532,PERSON_0862,,LOCATION_0187,Standalone synthetic case; limited relational clues in narrative.,POLICE_STATION_RECORD,0.87
FIR_0061,CASE_0061,2025-04-18 11:19:47,forgery,PERSON_0410,PERSON_0477,,LOCATION_0055,Standalone synthetic case; limited relational clues in narrative.,POLICE_STATION_RECORD,0.63
FIR_0062,CASE_0062,2025-09-20 21:15:06,organized theft,PERSON_0876,PERSON_0699,,LOCATION_0204,Standalone synthetic case; limited relational clues in narrative.,POLICE_STATION_RECORD,0.59
FIR_0063,CASE_0063,2024-12-12 23:02:13,financial fraud,PERSON_1156,PERSON_0262,,LOCATION_0256,Standalone synthetic case; limited relational clues in narrative.,POLICE_STATION_RECORD,0.72
FIR_0064,CASE_0064,2025-01-22 17:06:35,cyber fraud,PERSON_0436,PERSON_0767,,LOCATION_0248,Standalone synthetic case; limited relational clues in narrative.,POLICE_STATION_RECORD,0.79
FIR_0065,CASE_0065,2025-11-14 15:36:57,smuggling,PERSON_0843,PERSON_1196,,LOCATION_0061,Standalone synthetic case; limited relational clues in narrative.,POLICE_STATION_RECORD,0.83
FIR_0066,CASE_0066,2025-08-12 15:32:38,extortion,PERSON_0314,PERSON_1457,,LOCATION_0147,Standalone synthetic case; limited relational clues in narrative.,POLICE_STATION_RECORD,0.82
FIR_0067,CASE_0067,2025-05-08 01:34:16,cyber fraud,PERSON_0082,PERSON_0902,,LOCATION_0051,Standalone synthetic case; limited relational clues in narrative.,POLICE_STATION_RECORD,0.56
FIR_0068,CASE_0068,2025-06-11 01:03:49,smuggling,PERSON_0955,PERSON_1298,,LOCATION_0206,Standalone synthetic case; limited relational clues in narrative.,POLICE_STATION_RECORD,0.53
FIR_0069,CASE_0069,2025-10-12 17:26:24,organized theft,PERSON_0151,PERSON_0274,,LOCATION_0247,Standalone synthetic case; limited relational clues in narrative.,POLICE_STATION_RECORD,0.73
FIR_0070,CASE_0070,2026-02-28 15:38:32,organized financial crime,PERSON_1328,PERSON_0581,,LOCATION_0188,Standalone synthetic case; limited relational clues in narrative.,POLICE_STATION_RECORD,0.75
FIR_0071,CASE_0071,2025-01-20 05:29:46,financial fraud,PERSON_0244,PERSON_1239,,LOCATION_0156,Standalone synthetic case; limited relational clues in narrative.,POLICE_STATION_RECORD,0.7
FIR_0072,CASE_0072,2025-04-02 04:16:24,forgery,PERSON_0468,PERSON_0988,,LOCATION_0068,Standalone synthetic case; limited relational clues in narrative.,POLICE_STATION_RECORD,0.59
FIR_0073,CASE_0073,2025-07-21 10:07:06,illegal betting,PERSON_1342,PERSON_1482,,LOCATION_0287,Standalone synthetic case; limited relational clues in narrative.,POLICE_STATION_RECORD,0.78
FIR_0074,CASE_0074,2024-10-08 16:16:33,forgery,PERSON_0279,PERSON_1064,,LOCATION_0178,Standalone synthetic case; limited relational clues in narrative.,POLICE_STATION_RECORD,0.6
FIR_0075,CASE_0075,2024-07-20 16:29:44,extortion,PERSON_0805,PERSON_0128,,LOCATION_0165,Standalone synthetic case; limited relational clues in narrative.,POLICE_STATION_RECORD,0.8
FIR_0076,CASE_0076,2024-12-18 01:23:59,financial fraud,PERSON_0422,PERSON_1017,,LOCATION_0085,Standalone synthetic case; limited relational clues in narrative.,POLICE_STATION_RECORD,0.75
FIR_0077,CASE_0077,2025-09-05 22:30:16,organized financial crime,PERSON_0865,PERSON_0260,,LOCATION_0068,Standalone synthetic case; limited relational clues in narrative.,POLICE_STATION_RECORD,0.51
FIR_0078,CASE_0078,2025-03-03 02:23:39,robbery,PERSON_1173,PERSON_0982,,LOCATION_0169,Standalone synthetic case; limited relational clues in narrative.,POLICE_STATION_RECORD,0.69
FIR_0079,CASE_0079,2025-05-23 03:59:43,smuggling,PERSON_1440,PERSON_1382,,LOCATION_0088,Standalone synthetic case; limited relational clues in narrative.,POLICE_STATION_RECORD,0.59
FIR_0080,CASE_0080,2025-02-14 16:20:31,smuggling,PERSON_0320,PERSON_1474,,LOCATION_0277,Standalone synthetic case; limited relational clues in narrative.,POLICE_STATION_RECORD,0.76
FIR_0081,CASE_0081,2024-09-18 14:03:00,vehicle theft,PERSON_0684,PERSON_0777,,LOCATION_0244,Standalone synthetic case; limited relational clues in narrative.,POLICE_STATION_RECORD,0.64
FIR_0082,CASE_0082,2025-11-11 21:23:34,forgery,PERSON_1240,PERSON_0715,,LOCATION_0076,Standalone synthetic case; limited relational clues in narrative.,POLICE_STATION_RECORD,0.82
FIR_0083,CASE_0083,2024-10-25 17:25:35,organized theft,PERSON_1198,PERSON_0232,,LOCATION_0286,Standalone synthetic case; limited relational clues in narrative.,POLICE_STATION_RECORD,0.85
FIR_0084,CASE_0084,2024-11-02 20:20:54,robbery,PERSON_1453,PERSON_0285,,LOCATION_0066,Standalone synthetic case; limited relational clues in narrative.,POLICE_STATION_RECORD,0.8
FIR_0085,CASE_0085,2024-12-21 09:22:03,forgery,PERSON_0877,PERSON_1154,,LOCATION_0236,Standalone synthetic case; limited relational clues in narrative.,POLICE_STATION_RECORD,0.67
FIR_0086,CASE_0086,2025-01-16 08:48:18,financial fraud,PERSON_0484,PERSON_1417,,LOCATION_0150,Standalone synthetic case; limited relational clues in narrative.,POLICE_STATION_RECORD,0.54
FIR_0087,CASE_0087,2024-11-19 10:55:19,forgery,PERSON_0579,PERSON_1009,,LOCATION_0133,Standalone synthetic case; limited relational clues in narrative.,POLICE_STATION_RECORD,0.68
FIR_0088,CASE_0088,2025-11-03 12:12:59,organized theft,PERSON_0154,PERSON_0079,,LOCATION_0286,Standalone synthetic case; limited relational clues in narrative.,POLICE_STATION_RECORD,0.78
FIR_0089,CASE_0089,2024-10-12 12:26:04,forgery,PERSON_0472,PERSON_0507,,LOCATION_0063,Standalone synthetic case; limited relational clues in narrative.,POLICE_STATION_RECORD,0.85
FIR_0090,CASE_0090,2026-03-13 07:17:12,cyber fraud,PERSON_0708,PERSON_0362,,LOCATION_0173,Standalone synthetic case; limited relational clues in narrative.,POLICE_STATION_RECORD,0.72
FIR_0091,CASE_0091,2024-07-31 16:02:18,robbery,PERSON_1287,PERSON_0739,,LOCATION_0185,Standalone synthetic case; limited relational clues in narrative.,POLICE_STATION_RECORD,0.66
FIR_0092,CASE_0092,2026-02-20 04:29:09,extortion,PERSON_0665,PERSON_0821,,LOCATION_0156,Standalone synthetic case; limited relational clues in narrative.,POLICE_STATION_RECORD,0.6
FIR_0093,CASE_0093,2024-11-17 05:26:56,robbery,PERSON_1089,PERSON_0476,,LOCATION_0098,Standalone synthetic case; limited relational clues in narrative.,POLICE_STATION_RECORD,0.87
FIR_0094,CASE_0094,2026-05-24 10:59:00,vehicle theft,PERSON_0511,PERSON_0383,,LOCATION_0072,Standalone synthetic case; limited relational clues in narrative.,POLICE_STATION_RECORD,0.5
FIR_0095,CASE_0095,2024-08-23 01:12:19,organized theft,PERSON_1118,PERSON_1176,,LOCATION_0080,Standalone synthetic case; limited relational clues in narrative.,POLICE_STATION_RECORD,0.62
FIR_0096,CASE_0096,2025-10-31 04:47:31,financial fraud,PERSON_0209,PERSON_1013,,LOCATION_0099,Standalone synthetic case; limited relational clues in narrative.,POLICE_STATION_RECORD,0.82
FIR_0097,CASE_0097,2026-03-20 01:39:03,forgery,PERSON_0483,PERSON_0111,,LOCATION_0108,Standalone synthetic case; limited relational clues in narrative.,POLICE_STATION_RECORD,0.66
FIR_0098,CASE_0098,2025-01-26 16:22:54,organized theft,PERSON_1452,PERSON_0873,,LOCATION_0139,Standalone synthetic case; limited relational clues in narrative.,POLICE_STATION_RECORD,0.56
FIR_0099,CASE_0099,2024-12-04 10:27:59,cyber fraud,PERSON_1445,PERSON_0675,,LOCATION_0220,Standalone synthetic case; limited relational clues in narrative.,POLICE_STATION_RECORD,0.72
FIR_0100,CASE_0100,2024-10-10 19:47:14,financial fraud,PERSON_0875,PERSON_0230,,LOCATION_0105,Standalone synthetic case; limited relational clues in narrative.,POLICE_STATION_RECORD,0.85
FIR_0101,CASE_0101,2026-03-05 21:04:36,robbery,PERSON_1375,PERSON_0523,,LOCATION_0062,Standalone synthetic case; limited relational clues in narrative.,POLICE_STATION_RECORD,0.63
FIR_0102,CASE_0102,2025-08-18 20:48:29,illegal betting,PERSON_1101,PERSON_1042,,LOCATION_0236,Standalone synthetic case; limited relational clues in narrative.,POLICE_STATION_RECORD,0.65
FIR_0103,CASE_0103,2025-03-19 13:40:51,financial fraud,PERSON_0946,PERSON_0097,,LOCATION_0204,Standalone synthetic case; limited relational clues in narrative.,POLICE_STATION_RECORD,0.75
FIR_0104,CASE_0104,2025-12-03 08:35:00,organized financial crime,PERSON_0368,PERSON_0816,,LOCATION_0283,Standalone synthetic case; limited relational clues in narrative.,POLICE_STATION_RECORD,0.77
FIR_0105,CASE_0105,2025-07-14 18:59:04,smuggling,PERSON_0716,PERSON_1372,,LOCATION_0252,Standalone synthetic case; limited relational clues in narrative.,POLICE_STATION_RECORD,0.57
FIR_0106,CASE_0106,2024-12-30 13:16:01,illegal betting,PERSON_0563,PERSON_0573,,LOCATION_0090,Standalone synthetic case; limited relational clues in narrative.,POLICE_STATION_RECORD,0.74
FIR_0107,CASE_0107,2025-10-01 08:56:56,robbery,PERSON_0933,PERSON_0778,,LOCATION_0125,Standalone synthetic case; limited relational clues in narrative.,POLICE_STATION_RECORD,0.77
FIR_0108,CASE_0108,2024-11-09 00:36:26,financial fraud,PERSON_1424,PERSON_1448,,LOCATION_0284,Standalone synthetic case; limited relational clues in narrative.,POLICE_STATION_RECORD,0.53
FIR_0109,CASE_0109,2025-07-04 08:53:45,financial fraud,PERSON_0102,PERSON_0086,,LOCATION_0231,Standalone synthetic case; limited relational clues in narrative.,POLICE_STATION_RECORD,0.58
FIR_0110,CASE_0110,2025-09-03 00:07:39,extortion,PERSON_0443,PERSON_1111,,LOCATION_0206,Standalone synthetic case; limited relational clues in narrative.,POLICE_STATION_RECORD,0.83
FIR_0111,CASE_0111,2024-08-06 11:20:56,extortion,PERSON_1333,PERSON_1463,,LOCATION_0231,Standalone synthetic case; limited relational clues in narrative.,POLICE_STATION_RECORD,0.72
FIR_0112,CASE_0112,2025-03-02 23:20:54,smuggling,PERSON_0212,PERSON_1110,,LOCATION_0051,Standalone synthetic case; limited relational clues in narrative.,POLICE_STATION_RECORD,0.69
FIR_0113,CASE_0113,2026-01-30 09:40:40,vehicle theft,PERSON_1324,PERSON_1308,,LOCATION_0294,Standalone synthetic case; limited relational clues in narrative.,POLICE_STATION_RECORD,0.88
FIR_0114,CASE_0114,2025-06-18 20:07:54,cyber fraud,PERSON_0281,PERSON_1048,,LOCATION_0177,Standalone synthetic case; limited relational clues in narrative.,POLICE_STATION_RECORD,0.55
FIR_0115,CASE_0115,2025-02-23 19:27:12,illegal betting,PERSON_0632,PERSON_1189,,LOCATION_0169,Standalone synthetic case; limited relational clues in narrative.,POLICE_STATION_RECORD,0.52
FIR_0116,CASE_0116,2025-07-10 10:50:47,organized financial crime,PERSON_0850,PERSON_1260,,LOCATION_0156,Standalone synthetic case; limited relational clues in narrative.,POLICE_STATION_RECORD,0.86
FIR_0117,CASE_0117,2025-02-18 05:31:43,smuggling,PERSON_0541,PERSON_1394,,LOCATION_0013,Standalone synthetic case; limited relational clues in narrative.,POLICE_STATION_RECORD,0.82
FIR_0118,CASE_0118,2026-03-23 07:22:56,extortion,PERSON_0071,PERSON_0181,,LOCATION_0181,Standalone synthetic case; limited relational clues in narrative.,POLICE_STATION_RECORD,0.61
FIR_0119,CASE_0119,2025-06-21 19:25:37,smuggling,PERSON_0640,PERSON_0446,,LOCATION_0195,Standalone synthetic case; limited relational clues in narrative.,POLICE_STATION_RECORD,0.53
FIR_0120,CASE_0120,2025-11-02 07:31:41,vehicle theft,PERSON_0587,PERSON_1425,,LOCATION_0176,Standalone synthetic case; limited relational clues in narrative.,POLICE_STATION_RECORD,0.55
FIR_0121,CASE_0121,2025-05-07 05:48:31,smuggling,PERSON_1384,PERSON_0564,,LOCATION_0147,Standalone synthetic case; limited relational clues in narrative.,POLICE_STATION_RECORD,0.77
FIR_0122,CASE_0122,2026-02-25 13:17:44,cyber fraud,PERSON_0799,PERSON_1367,,LOCATION_0206,Standalone synthetic case; limited relational clues in narrative.,POLICE_STATION_RECORD,0.73
FIR_0123,CASE_0123,2026-04-12 05:45:41,illegal betting,PERSON_0812,PERSON_0656,,LOCATION_0278,Standalone synthetic case; limited relational clues in narrative.,POLICE_STATION_RECORD,0.81
FIR_0124,CASE_0124,2024-07-29 16:46:21,forgery,PERSON_0747,PERSON_0063,,LOCATION_0025,Standalone synthetic case; limited relational clues in narrative.,POLICE_STATION_RECORD,0.55
FIR_0125,CASE_0125,2025-10-09 07:18:28,smuggling,PERSON_0263,PERSON_0492,,LOCATION_0004,Standalone synthetic case; limited relational clues in narrative.,POLICE_STATION_RECORD,0.53
FIR_0126,CASE_0126,2024-10-05 07:25:44,forgery,PERSON_0599,PERSON_0115,,LOCATION_0221,Standalone synthetic case; limited relational clues in narrative.,POLICE_STATION_RECORD,0.74
FIR_0127,CASE_0127,2025-08-31 04:49:41,organized financial crime,PERSON_0058,PERSON_0528,,LOCATION_0036,Standalone synthetic case; limited relational clues in narrative.,POLICE_STATION_RECORD,0.65
FIR_0128,CASE_0128,2025-05-20 13:24:37,financial fraud,PERSON_0106,PERSON_0439,,LOCATION_0270,Standalone synthetic case; limited relational clues in narrative.,POLICE_STATION_RECORD,0.58
FIR_0129,CASE_0129,2024-09-06 07:00:23,cyber fraud,PERSON_0825,PERSON_0005,,LOCATION_0174,Standalone synthetic case; limited relational clues in narrative.,POLICE_STATION_RECORD,0.65
FIR_0130,CASE_0130,2025-06-08 16:20:06,financial fraud,PERSON_0385,PERSON_0737,,LOCATION_0297,Standalone synthetic case; limited relational clues in narrative.,POLICE_STATION_RECORD,0.69
FIR_0131,CASE_0131,2025-03-10 01:24:45,forgery,PERSON_1386,PERSON_0103,,LOCATION_0180,Standalone synthetic case; limited relational clues in narrative.,POLICE_STATION_RECORD,0.82
FIR_0132,CASE_0132,2026-01-18 06:32:56,cyber fraud,PERSON_0291,PERSON_1454,,LOCATION_0133,Standalone synthetic case; limited relational clues in narrative.,POLICE_STATION_RECORD,0.76
FIR_0133,CASE_0133,2025-08-23 22:16:31,organized financial crime,PERSON_0866,PERSON_0208,,LOCATION_0163,Standalone synthetic case; limited relational clues in narrative.,POLICE_STATION_RECORD,0.6
FIR_0134,CASE_0134,2026-01-27 14:22:36,robbery,PERSON_1238,PERSON_0322,,LOCATION_0013,Standalone synthetic case; limited relational clues in narrative.,POLICE_STATION_RECORD,0.71
FIR_0135,CASE_0135,2026-01-23 09:27:42,organized theft,PERSON_0278,PERSON_0597,,LOCATION_0267,Standalone synthetic case; limited relational clues in narrative.,POLICE_STATION_RECORD,0.83
FIR_0136,CASE_0136,2025-09-08 04:06:25,smuggling,PERSON_0494,PERSON_1141,,LOCATION_0193,Standalone synthetic case; limited relational clues in narrative.,POLICE_STATION_RECORD,0.68
FIR_0137,CASE_0137,2024-06-11 15:28:09,vehicle theft,PERSON_0121,PERSON_0271,,LOCATION_0133,Standalone synthetic case; limited relational clues in narrative.,POLICE_STATION_RECORD,0.84
FIR_0138,CASE_0138,2025-06-19 08:15:19,financial fraud,PERSON_0683,PERSON_0944,,LOCATION_0227,Standalone synthetic case; limited relational clues in narrative.,POLICE_STATION_RECORD,0.83
FIR_0139,CASE_0139,2024-07-17 17:48:31,financial fraud,PERSON_0479,PERSON_0305,,LOCATION_0066,Standalone synthetic case; limited relational clues in narrative.,POLICE_STATION_RECORD,0.69
FIR_0140,CASE_0140,2024-12-08 10:24:19,vehicle theft,PERSON_0068,PERSON_0045,,LOCATION_0115,Standalone synthetic case; limited relational clues in narrative.,POLICE_STATION_RECORD,0.81
FIR_0141,CASE_0141,2026-04-25 20:12:21,cyber fraud,PERSON_0221,PERSON_1180,,LOCATION_0121,Standalone synthetic case; limited relational clues in narrative.,POLICE_STATION_RECORD,0.78
FIR_0142,CASE_0142,2026-02-22 23:08:31,extortion,PERSON_1466,PERSON_0255,,LOCATION_0295,Standalone synthetic case; limited relational clues in narrative.,POLICE_STATION_RECORD,0.78
FIR_0143,CASE_0143,2025-01-24 19:56:41,robbery,PERSON_0189,PERSON_0795,,LOCATION_0144,Standalone synthetic case; limited relational clues in narrative.,POLICE_STATION_RECORD,0.83
FIR_0144,CASE_0144,2026-01-09 11:17:42,financial fraud,PERSON_1471,PERSON_1085,,LOCATION_0023,Standalone synthetic case; limited relational clues in narrative.,POLICE_STATION_RECORD,0.61
FIR_0145,CASE_0145,2025-02-17 20:56:41,organized theft,PERSON_1420,PERSON_1254,,LOCATION_0060,Standalone synthetic case; limited relational clues in narrative.,POLICE_STATION_RECORD,0.52
FIR_0146,CASE_0146,2026-03-21 12:38:24,financial fraud,PERSON_0502,PERSON_1052,,LOCATION_0080,Standalone synthetic case; limited relational clues in narrative.,POLICE_STATION_RECORD,0.87
FIR_0147,CASE_0147,2025-02-22 11:42:07,vehicle theft,PERSON_0802,PERSON_0546,,LOCATION_0055,Standalone synthetic case; limited relational clues in narrative.,POLICE_STATION_RECORD,0.71
FIR_0148,CASE_0148,2025-11-20 23:00:51,cyber fraud,PERSON_0387,PERSON_1404,,LOCATION_0061,Standalone synthetic case; limited relational clues in narrative.,POLICE_STATION_RECORD,0.52
FIR_0149,CASE_0149,2024-10-22 06:25:26,vehicle theft,PERSON_0066,PERSON_0520,,LOCATION_0231,Standalone synthetic case; limited relational clues in narrative.,POLICE_STATION_RECORD,0.87
FIR_0150,CASE_0150,2024-07-20 02:33:38,extortion,PERSON_0134,PERSON_0989,,LOCATION_0252,Standalone synthetic case; limited relational clues in narrative.,POLICE_STATION_RECORD,0.52
FIR_0151,CASE_0151,2024-10-31 17:20:52,extortion,PERSON_0085,PERSON_1481,,LOCATION_0294,Standalone synthetic case; limited relational clues in narrative.,POLICE_STATION_RECORD,0.53
FIR_0152,CASE_0152,2025-01-25 00:23:54,financial fraud,PERSON_0769,PERSON_0076,,LOCATION_0114,Standalone synthetic case; limited relational clues in narrative.,POLICE_STATION_RECORD,0.9
FIR_0153,CASE_0153,2024-11-04 02:32:04,extortion,PERSON_0182,PERSON_0487,,LOCATION_0261,Standalone synthetic case; limited relational clues in narrative.,POLICE_STATION_RECORD,0.7
FIR_0154,CASE_0154,2024-08-18 07:06:58,vehicle theft,PERSON_1182,PERSON_1086,,LOCATION_0116,Standalone synthetic case; limited relational clues in narrative.,POLICE_STATION_RECORD,0.8
FIR_0155,CASE_0155,2025-03-16 04:33:57,organized theft,PERSON_1253,PERSON_0578,,LOCATION_0064,Standalone synthetic case; limited relational clues in narrative.,POLICE_STATION_RECORD,0.78
FIR_0156,CASE_0156,2025-03-27 23:49:16,vehicle theft,PERSON_1401,PERSON_0791,,LOCATION_0134,Standalone synthetic case; limited relational clues in narrative.,POLICE_STATION_RECORD,0.68
FIR_0157,CASE_0157,2024-12-31 06:47:10,robbery,PERSON_1243,PERSON_1228,,LOCATION_0123,Standalone synthetic case; limited relational clues in narrative.,POLICE_STATION_RECORD,0.65
FIR_0158,CASE_0158,2024-10-01 08:35:51,organized theft,PERSON_0627,PERSON_0296,,LOCATION_0215,Standalone synthetic case; limited relational clues in narrative.,POLICE_STATION_RECORD,0.54
FIR_0159,CASE_0159,2025-04-10 11:54:29,extortion,PERSON_0712,PERSON_0051,,LOCATION_0286,Standalone synthetic case; limited relational clues in narrative.,POLICE_STATION_RECORD,0.56
FIR_0160,CASE_0160,2025-09-09 15:05:15,smuggling,PERSON_1109,PERSON_0131,,LOCATION_0006,Standalone synthetic case; limited relational clues in narrative.,POLICE_STATION_RECORD,0.79
FIR_0161,CASE_0161,2025-11-18 17:18:54,forgery,PERSON_1281,PERSON_0474,,LOCATION_0174,Standalone synthetic case; limited relational clues in narrative.,POLICE_STATION_RECORD,0.53
FIR_0162,CASE_0162,2025-04-18 23:54:42,vehicle theft,PERSON_0117,PERSON_1129,,LOCATION_0285,Standalone synthetic case; limited relational clues in narrative.,POLICE_STATION_RECORD,0.63
FIR_0163,CASE_0163,2024-07-09 20:24:57,extortion,PERSON_0922,PERSON_0499,,LOCATION_0209,Standalone synthetic case; limited relational clues in narrative.,POLICE_STATION_RECORD,0.77
FIR_0164,CASE_0164,2025-06-01 09:34:38,financial fraud,PERSON_1200,PERSON_0215,,LOCATION_0231,Standalone synthetic case; limited relational clues in narrative.,POLICE_STATION_RECORD,0.84
FIR_0165,CASE_0165,2024-07-19 17:22:54,illegal betting,PERSON_1030,PERSON_0418,,LOCATION_0285,Standalone synthetic case; limited relational clues in narrative.,POLICE_STATION_RECORD,0.7
FIR_0166,CASE_0166,2024-12-20 06:38:18,smuggling,PERSON_1055,PERSON_0036,,LOCATION_0142,Standalone synthetic case; limited relational clues in narrative.,POLICE_STATION_RECORD,0.59
FIR_0167,CASE_0167,2024-10-10 19:07:40,robbery,PERSON_1450,PERSON_0584,,LOCATION_0069,Standalone synthetic case; limited relational clues in narrative.,POLICE_STATION_RECORD,0.55
FIR_0168,CASE_0168,2025-11-21 00:33:13,forgery,PERSON_0331,PERSON_1399,,LOCATION_0215,Standalone synthetic case; limited relational clues in narrative.,POLICE_STATION_RECORD,0.71
FIR_0169,CASE_0169,2025-05-30 11:53:03,robbery,PERSON_1344,PERSON_1400,,LOCATION_0093,Standalone synthetic case; limited relational clues in narrative.,POLICE_STATION_RECORD,0.65
FIR_0170,CASE_0170,2025-10-16 14:59:26,illegal betting,PERSON_0108,PERSON_0776,,LOCATION_0077,Standalone synthetic case; limited relational clues in narrative.,POLICE_STATION_RECORD,0.57
FIR_0171,CASE_0171,2024-08-17 02:44:17,organized theft,PERSON_0592,PERSON_0421,,LOCATION_0102,Standalone synthetic case; limited relational clues in narrative.,POLICE_STATION_RECORD,0.82
FIR_0172,CASE_0172,2024-11-28 19:44:43,vehicle theft,PERSON_1355,PERSON_0084,,LOCATION_0068,Standalone synthetic case; limited relational clues in narrative.,POLICE_STATION_RECORD,0.73
FIR_0173,CASE_0173,2025-08-29 19:23:13,illegal betting,PERSON_0860,PERSON_1032,,LOCATION_0179,Standalone synthetic case; limited relational clues in narrative.,POLICE_STATION_RECORD,0.59
FIR_0174,CASE_0174,2024-07-01 10:50:58,organized theft,PERSON_0201,PERSON_0496,,LOCATION_0101,Standalone synthetic case; limited relational clues in narrative.,POLICE_STATION_RECORD,0.58
FIR_0175,CASE_0175,2025-05-29 16:52:11,forgery,PERSON_0081,PERSON_1392,,LOCATION_0287,Standalone synthetic case; limited relational clues in narrative.,POLICE_STATION_RECORD,0.52
FIR_0176,CASE_0176,2025-09-15 23:03:36,robbery,PERSON_0195,PERSON_1364,,LOCATION_0076,Standalone synthetic case; limited relational clues in narrative.,POLICE_STATION_RECORD,0.79
FIR_0177,CASE_0177,2026-03-27 19:28:14,cyber fraud,PERSON_0009,PERSON_0575,,LOCATION_0103,Standalone synthetic case; limited relational clues in narrative.,POLICE_STATION_RECORD,0.56
FIR_0178,CASE_0178,2025-12-15 07:48:51,forgery,PERSON_0289,PERSON_0663,,LOCATION_0287,Standalone synthetic case; limited relational clues in narrative.,POLICE_STATION_RECORD,0.58
FIR_0179,CASE_0179,2025-02-15 21:57:41,illegal betting,PERSON_0295,PERSON_0661,,LOCATION_0012,Standalone synthetic case; limited relational clues in narrative.,POLICE_STATION_RECORD,0.51
FIR_0180,CASE_0180,2025-01-31 06:39:51,illegal betting,PERSON_1012,PERSON_0858,,LOCATION_0020,Standalone synthetic case; limited relational clues in narrative.,POLICE_STATION_RECORD,0.8
FIR_0181,CASE_0181,2026-05-17 10:35:01,organized financial crime,PERSON_0444,PERSON_0508,,LOCATION_0115,Standalone synthetic case; limited relational clues in narrative.,POLICE_STATION_RECORD,0.68
FIR_0182,CASE_0182,2025-06-13 14:28:28,organized theft,PERSON_0538,PERSON_1187,,LOCATION_0241,Standalone synthetic case; limited relational clues in narrative.,POLICE_STATION_RECORD,0.84
FIR_0183,CASE_0183,2024-11-11 06:03:08,illegal betting,PERSON_0060,PERSON_1178,,LOCATION_0115,Standalone synthetic case; limited relational clues in narrative.,POLICE_STATION_RECORD,0.86
FIR_0184,CASE_0184,2025-03-15 21:41:07,illegal betting,PERSON_0292,PERSON_0566,,LOCATION_0198,Standalone synthetic case; limited relational clues in narrative.,POLICE_STATION_RECORD,0.65
FIR_0185,CASE_0185,2025-08-30 15:08:10,smuggling,PERSON_0694,PERSON_0239,,LOCATION_0290,Standalone synthetic case; limited relational clues in narrative.,POLICE_STATION_RECORD,0.68
FIR_0186,CASE_0186,2025-10-28 09:34:23,financial fraud,PERSON_1127,PERSON_1313,,LOCATION_0185,Standalone synthetic case; limited relational clues in narrative.,POLICE_STATION_RECORD,0.62
FIR_0187,CASE_0187,2025-11-28 00:06:50,cyber fraud,PERSON_0753,PERSON_0153,,LOCATION_0098,Standalone synthetic case; limited relational clues in narrative.,POLICE_STATION_RECORD,0.57
FIR_0188,CASE_0188,2024-07-02 10:38:25,smuggling,PERSON_0629,PERSON_0535,,LOCATION_0266,Standalone synthetic case; limited relational clues in narrative.,POLICE_STATION_RECORD,0.51
FIR_0189,CASE_0189,2025-01-18 10:50:33,organized financial crime,PERSON_0174,PERSON_0662,,LOCATION_0003,Standalone synthetic case; limited relational clues in narrative.,POLICE_STATION_RECORD,0.74
FIR_0190,CASE_0190,2024-10-27 11:43:43,extortion,PERSON_0342,PERSON_0049,,LOCATION_0067,Standalone synthetic case; limited relational clues in narrative.,POLICE_STATION_RECORD,0.77
FIR_0191,CASE_0191,2024-06-11 20:44:29,financial fraud,PERSON_0464,PERSON_0033,,LOCATION_0214,Standalone synthetic case; limited relational clues in narrative.,POLICE_STATION_RECORD,0.53
FIR_0192,CASE_0192,2026-01-31 01:16:02,organized theft,PERSON_0636,PERSON_1397,,LOCATION_0192,Standalone synthetic case; limited relational clues in narrative.,POLICE_STATION_RECORD,0.63
FIR_0193,CASE_0193,2026-01-12 09:16:49,forgery,PERSON_0569,PERSON_1152,,LOCATION_0046,Standalone synthetic case; limited relational clues in narrative.,POLICE_STATION_RECORD,0.66
FIR_0194,CASE_0194,2025-06-28 22:24:12,illegal betting,PERSON_0642,PERSON_1398,,LOCATION_0020,Standalone synthetic case; limited relational clues in narrative.,POLICE_STATION_RECORD,0.54
FIR_0195,CASE_0195,2025-04-09 06:21:07,organized theft,PERSON_0040,PERSON_0786,,LOCATION_0258,Standalone synthetic case; limited relational clues in narrative.,POLICE_STATION_RECORD,0.74
FIR_0196,CASE_0196,2025-11-02 10:05:17,extortion,PERSON_1192,PERSON_0359,,LOCATION_0037,Standalone synthetic case; limited relational clues in narrative.,POLICE_STATION_RECORD,0.89
FIR_0197,CASE_0197,2025-07-31 13:56:18,forgery,PERSON_0590,PERSON_1071,,LOCATION_0133,Standalone synthetic case; limited relational clues in narrative.,POLICE_STATION_RECORD,0.89
FIR_0198,CASE_0198,2024-09-03 08:20:21,extortion,PERSON_1134,PERSON_0306,,LOCATION_0051,Standalone synthetic case; limited relational clues in narrative.,POLICE_STATION_RECORD,0.76
FIR_0199,CASE_0199,2024-10-28 21:11:24,forgery,PERSON_1370,PERSON_1465,,LOCATION_0189,Standalone synthetic case; limited relational clues in narrative.,POLICE_STATION_RECORD,0.74
FIR_0200,CASE_0200,2024-11-01 11:40:07,cyber fraud,PERSON_0389,PERSON_0667,,LOCATION_0083,Standalone synthetic case; limited relational clues in narrative.,POLICE_STATION_RECORD,0.79
FIR_0201,CASE_0201,2024-11-14 07:43:29,extortion,PERSON_0835,PERSON_0420,,LOCATION_0027,Standalone synthetic case; limited relational clues in narrative.,POLICE_STATION_RECORD,0.82
FIR_0202,CASE_0202,2026-03-05 22:18:47,robbery,PERSON_1301,PERSON_1090,,LOCATION_0116,Standalone synthetic case; limited relational clues in narrative.,POLICE_STATION_RECORD,0.85
FIR_0203,CASE_0203,2024-08-13 07:10:39,smuggling,PERSON_0810,PERSON_0942,,LOCATION_0053,Standalone synthetic case; limited relational clues in narrative.,POLICE_STATION_RECORD,0.77
FIR_0204,CASE_0204,2025-05-22 05:19:00,forgery,PERSON_0793,PERSON_0961,,LOCATION_0085,Standalone synthetic case; limited relational clues in narrative.,POLICE_STATION_RECORD,0.55
FIR_0205,CASE_0205,2025-02-02 03:50:44,cyber fraud,PERSON_0112,PERSON_0973,,LOCATION_0027,Standalone synthetic case; limited relational clues in narrative.,POLICE_STATION_RECORD,0.82
FIR_0206,CASE_0206,2026-05-02 16:17:53,extortion,PERSON_0268,PERSON_0273,,LOCATION_0201,Standalone synthetic case; limited relational clues in narrative.,POLICE_STATION_RECORD,0.64
FIR_0207,CASE_0207,2025-04-26 14:19:55,illegal betting,PERSON_1497,PERSON_0465,,LOCATION_0295,Standalone synthetic case; limited relational clues in narrative.,POLICE_STATION_RECORD,0.55
FIR_0208,CASE_0208,2025-06-01 01:39:23,organized financial crime,PERSON_1105,PERSON_1157,,LOCATION_0232,Standalone synthetic case; limited relational clues in narrative.,POLICE_STATION_RECORD,0.79
FIR_0209,CASE_0209,2025-08-12 11:58:51,extortion,PERSON_0764,PERSON_0664,,LOCATION_0150,Standalone synthetic case; limited relational clues in narrative.,POLICE_STATION_RECORD,0.7
FIR_0210,CASE_0210,2024-08-14 04:08:57,forgery,PERSON_0620,PERSON_0571,,LOCATION_0041,Standalone synthetic case; limited relational clues in narrative.,POLICE_STATION_RECORD,0.64
FIR_0211,CASE_0211,2024-06-15 02:23:07,extortion,PERSON_1218,PERSON_1244,,LOCATION_0219,Standalone synthetic case; limited relational clues in narrative.,POLICE_STATION_RECORD,0.86
FIR_0212,CASE_0212,2026-03-29 15:03:41,smuggling,PERSON_0949,PERSON_1137,,LOCATION_0209,Standalone synthetic case; limited relational clues in narrative.,POLICE_STATION_RECORD,0.7
FIR_0213,CASE_0213,2025-09-08 11:05:58,illegal betting,PERSON_0184,PERSON_1494,,LOCATION_0219,Standalone synthetic case; limited relational clues in narrative.,POLICE_STATION_RECORD,0.59
FIR_0214,CASE_0214,2026-04-13 17:53:47,organized theft,PERSON_1080,PERSON_0529,,LOCATION_0143,Standalone synthetic case; limited relational clues in narrative.,POLICE_STATION_RECORD,0.61
FIR_0215,CASE_0215,2024-07-29 16:51:51,cyber fraud,PERSON_0557,PERSON_0435,,LOCATION_0158,Standalone synthetic case; limited relational clues in narrative.,POLICE_STATION_RECORD,0.89
FIR_0216,CASE_0216,2025-07-19 19:18:18,smuggling,PERSON_1049,PERSON_0510,,LOCATION_0152,Standalone synthetic case; limited relational clues in narrative.,POLICE_STATION_RECORD,0.59
FIR_0217,CASE_0217,2025-05-25 00:14:51,robbery,PERSON_1387,PERSON_1326,,LOCATION_0062,Standalone synthetic case; limited relational clues in narrative.,POLICE_STATION_RECORD,0.51
FIR_0218,CASE_0218,2026-02-11 21:31:23,vehicle theft,PERSON_1335,PERSON_0604,,LOCATION_0008,Standalone synthetic case; limited relational clues in narrative.,POLICE_STATION_RECORD,0.58
FIR_0219,CASE_0219,2024-11-09 21:11:08,robbery,PERSON_1299,PERSON_0114,,LOCATION_0181,Standalone synthetic case; limited relational clues in narrative.,POLICE_STATION_RECORD,0.65
FIR_0220,CASE_0220,2025-08-23 22:47:49,smuggling,PERSON_0488,PERSON_0344,,LOCATION_0121,Standalone synthetic case; limited relational clues in narrative.,POLICE_STATION_RECORD,0.68
FIR_0221,CASE_0221,2025-03-21 15:38:57,organized financial crime,PERSON_0879,PERSON_0841,,LOCATION_0152,Standalone synthetic case; limited relational clues in narrative.,POLICE_STATION_RECORD,0.86
FIR_0222,CASE_0222,2024-10-13 06:44:56,cyber fraud,PERSON_1427,PERSON_0984,,LOCATION_0104,Standalone synthetic case; limited relational clues in narrative.,POLICE_STATION_RECORD,0.57
FIR_0223,CASE_0223,2025-10-25 00:16:41,forgery,PERSON_1165,PERSON_0024,,LOCATION_0281,Standalone synthetic case; limited relational clues in narrative.,POLICE_STATION_RECORD,0.78
FIR_0224,CASE_0224,2026-04-05 22:28:26,extortion,PERSON_0687,PERSON_0165,,LOCATION_0008,Standalone synthetic case; limited relational clues in narrative.,POLICE_STATION_RECORD,0.74
FIR_0225,CASE_0225,2025-11-18 22:29:05,forgery,PERSON_0751,PERSON_1408,,LOCATION_0203,Standalone synthetic case; limited relational clues in narrative.,POLICE_STATION_RECORD,0.85
FIR_0226,CASE_0226,2025-07-27 01:32:13,extortion,PERSON_0899,PERSON_0589,,LOCATION_0067,Standalone synthetic case; limited relational clues in narrative.,POLICE_STATION_RECORD,0.8
FIR_0227,CASE_0227,2026-04-29 22:57:46,vehicle theft,PERSON_1098,PERSON_1083,,LOCATION_0172,Standalone synthetic case; limited relational clues in narrative.,POLICE_STATION_RECORD,0.66
FIR_0228,CASE_0228,2025-01-22 15:08:30,cyber fraud,PERSON_1280,PERSON_0133,,LOCATION_0054,Standalone synthetic case; limited relational clues in narrative.,POLICE_STATION_RECORD,0.68
FIR_0229,CASE_0229,2024-10-13 23:02:49,extortion,PERSON_0116,PERSON_0054,,LOCATION_0122,Standalone synthetic case; limited relational clues in narrative.,POLICE_STATION_RECORD,0.55
FIR_0230,CASE_0230,2024-11-06 16:04:41,forgery,PERSON_0934,PERSON_1315,,LOCATION_0043,Standalone synthetic case; limited relational clues in narrative.,POLICE_STATION_RECORD,0.86
FIR_0231,CASE_0231,2025-03-11 20:43:44,forgery,PERSON_0912,PERSON_0318,,LOCATION_0164,Standalone synthetic case; limited relational clues in narrative.,POLICE_STATION_RECORD,0.86
FIR_0232,CASE_0232,2025-03-25 00:57:55,financial fraud,PERSON_1225,PERSON_0709,,LOCATION_0008,Standalone synthetic case; limited relational clues in narrative.,POLICE_STATION_RECORD,0.85
FIR_0233,CASE_0233,2024-07-16 13:46:34,cyber fraud,PERSON_0347,PERSON_0312,,LOCATION_0081,Standalone synthetic case; limited relational clues in narrative.,POLICE_STATION_RECORD,0.56
FIR_0234,CASE_0234,2025-05-24 11:41:35,illegal betting,PERSON_0929,PERSON_0457,,LOCATION_0280,Standalone synthetic case; limited relational clues in narrative.,POLICE_STATION_RECORD,0.51
FIR_0235,CASE_0235,2025-05-13 05:15:03,vehicle theft,PERSON_0782,PERSON_0218,,LOCATION_0240,Standalone synthetic case; limited relational clues in narrative.,POLICE_STATION_RECORD,0.61
FIR_0236,CASE_0236,2025-10-15 23:09:03,organized theft,PERSON_1073,PERSON_0094,,LOCATION_0183,Standalone synthetic case; limited relational clues in narrative.,POLICE_STATION_RECORD,0.58
FIR_0237,CASE_0237,2025-12-06 22:22:54,cyber fraud,PERSON_0259,PERSON_0020,,LOCATION_0296,Standalone synthetic case; limited relational clues in narrative.,POLICE_STATION_RECORD,0.54
FIR_0238,CASE_0238,2025-12-12 06:34:17,vehicle theft,PERSON_0162,PERSON_0039,,LOCATION_0228,Standalone synthetic case; limited relational clues in narrative.,POLICE_STATION_RECORD,0.72
FIR_0239,CASE_0239,2024-11-06 18:30:45,forgery,PERSON_1175,PERSON_0186,,LOCATION_0021,Standalone synthetic case; limited relational clues in narrative.,POLICE_STATION_RECORD,0.75
FIR_0240,CASE_0240,2024-08-29 03:11:21,illegal betting,PERSON_1307,PERSON_1100,,LOCATION_0034,Standalone synthetic case; limited relational clues in narrative.,POLICE_STATION_RECORD,0.85
FIR_0241,CASE_0241,2025-05-03 14:50:23,extortion,PERSON_0309,PERSON_0272,,LOCATION_0056,Standalone synthetic case; limited relational clues in narrative.,POLICE_STATION_RECORD,0.51
FIR_0242,CASE_0242,2025-07-31 06:16:16,organized theft,PERSON_1319,PERSON_0293,,LOCATION_0173,Standalone synthetic case; limited relational clues in narrative.,POLICE_STATION_RECORD,0.77
FIR_0243,CASE_0243,2025-11-05 20:53:34,extortion,PERSON_0689,PERSON_1004,,LOCATION_0202,Standalone synthetic case; limited relational clues in narrative.,POLICE_STATION_RECORD,0.85
FIR_0244,CASE_0244,2026-04-08 08:04:48,extortion,PERSON_0249,PERSON_0333,,LOCATION_0152,Standalone synthetic case; limited relational clues in narrative.,POLICE_STATION_RECORD,0.82
FIR_0245,CASE_0245,2024-12-03 05:57:12,vehicle theft,PERSON_0140,PERSON_0393,,LOCATION_0109,Standalone synthetic case; limited relational clues in narrative.,POLICE_STATION_RECORD,0.62
FIR_0246,CASE_0246,2024-10-22 18:19:39,organized theft,PERSON_1275,PERSON_0536,,LOCATION_0006,Standalone synthetic case; limited relational clues in narrative.,POLICE_STATION_RECORD,0.75
FIR_0247,CASE_0247,2026-05-06 06:49:32,robbery,PERSON_0164,PERSON_0815,,LOCATION_0051,Standalone synthetic case; limited relational clues in narrative.,POLICE_STATION_RECORD,0.67
FIR_0248,CASE_0248,2025-05-21 05:17:04,financial fraud,PERSON_0864,PERSON_0497,,LOCATION_0205,Standalone synthetic case; limited relational clues in narrative.,POLICE_STATION_RECORD,0.55
FIR_0249,CASE_0249,2024-08-22 20:13:40,vehicle theft,PERSON_0419,PERSON_0337,,LOCATION_0098,Standalone synthetic case; limited relational clues in narrative.,POLICE_STATION_RECORD,0.89
FIR_0250,CASE_0250,2025-08-21 21:10:54,cyber fraud,PERSON_0690,PERSON_1059,,LOCATION_0025,Standalone synthetic case; limited relational clues in narrative.,POLICE_STATION_RECORD,0.7
FIR_0251,CASE_0251,2025-10-17 13:19:00,illegal betting,PERSON_0056,PERSON_0141,,LOCATION_0072,Standalone synthetic case; limited relational clues in narrative.,POLICE_STATION_RECORD,0.6
FIR_0252,CASE_0252,2025-03-18 07:29:54,organized theft,PERSON_0610,PERSON_1430,,LOCATION_0076,Standalone synthetic case; limited relational clues in narrative.,POLICE_STATION_RECORD,0.9
FIR_0253,CASE_0253,2025-06-11 10:48:22,organized theft,PERSON_0144,PERSON_0176,,LOCATION_0137,Standalone synthetic case; limited relational clues in narrative.,POLICE_STATION_RECORD,0.81
FIR_0254,CASE_0254,2025-11-05 16:48:08,forgery,PERSON_1058,PERSON_0303,,LOCATION_0247,Standalone synthetic case; limited relational clues in narrative.,POLICE_STATION_RECORD,0.66
FIR_0255,CASE_0255,2026-03-12 14:21:31,extortion,PERSON_0135,PERSON_1409,,LOCATION_0098,Standalone synthetic case; limited relational clues in narrative.,POLICE_STATION_RECORD,0.75
FIR_0256,CASE_0256,2026-03-05 02:55:32,cyber fraud,PERSON_1057,PERSON_0638,,LOCATION_0077,Standalone synthetic case; limited relational clues in narrative.,POLICE_STATION_RECORD,0.88
FIR_0257,CASE_0257,2025-03-16 04:05:26,financial fraud,PERSON_1277,PERSON_0350,,LOCATION_0089,Standalone synthetic case; limited relational clues in narrative.,POLICE_STATION_RECORD,0.63
FIR_0258,CASE_0258,2025-07-27 09:38:15,organized theft,PERSON_1263,PERSON_0813,,LOCATION_0297,Standalone synthetic case; limited relational clues in narrative.,POLICE_STATION_RECORD,0.89
FIR_0259,CASE_0259,2025-05-25 20:15:04,organized theft,PERSON_1130,PERSON_1147,,LOCATION_0141,Standalone synthetic case; limited relational clues in narrative.,POLICE_STATION_RECORD,0.82
FIR_0260,CASE_0260,2024-12-25 03:25:19,forgery,PERSON_1082,PERSON_1128,,LOCATION_0246,Standalone synthetic case; limited relational clues in narrative.,POLICE_STATION_RECORD,0.87
FIR_0261,CASE_0261,2024-10-23 17:53:29,illegal betting,PERSON_1116,PERSON_0654,,LOCATION_0146,Standalone synthetic case; limited relational clues in narrative.,POLICE_STATION_RECORD,0.61
FIR_0262,CASE_0262,2025-08-14 22:45:27,financial fraud,PERSON_0781,PERSON_0390,,LOCATION_0282,Standalone synthetic case; limited relational clues in narrative.,POLICE_STATION_RECORD,0.7
FIR_0263,CASE_0263,2024-11-20 21:50:08,extortion,PERSON_0170,PERSON_0354,,LOCATION_0236,Standalone synthetic case; limited relational clues in narrative.,POLICE_STATION_RECORD,0.56
FIR_0264,CASE_0264,2025-01-12 21:37:09,organized theft,PERSON_0409,PERSON_0377,,LOCATION_0221,Standalone synthetic case; limited relational clues in narrative.,POLICE_STATION_RECORD,0.58
FIR_0265,CASE_0265,2025-05-16 08:08:03,vehicle theft,PERSON_1331,PERSON_0936,,LOCATION_0133,Standalone synthetic case; limited relational clues in narrative.,POLICE_STATION_RECORD,0.78
FIR_0266,CASE_0266,2024-10-25 19:00:38,financial fraud,PERSON_0915,PERSON_0434,,LOCATION_0101,Standalone synthetic case; limited relational clues in narrative.,POLICE_STATION_RECORD,0.81
FIR_0267,CASE_0267,2025-10-11 08:14:20,organized theft,PERSON_1020,PERSON_0693,,LOCATION_0120,Standalone synthetic case; limited relational clues in narrative.,POLICE_STATION_RECORD,0.56
FIR_0268,CASE_0268,2025-05-23 09:47:35,organized financial crime,PERSON_1451,PERSON_0053,,LOCATION_0115,Standalone synthetic case; limited relational clues in narrative.,POLICE_STATION_RECORD,0.74
FIR_0269,CASE_0269,2024-07-11 00:56:55,organized financial crime,PERSON_0480,PERSON_0755,,LOCATION_0082,Standalone synthetic case; limited relational clues in narrative.,POLICE_STATION_RECORD,0.89
FIR_0270,CASE_0270,2024-10-13 00:10:31,vehicle theft,PERSON_0404,PERSON_0827,,LOCATION_0077,Standalone synthetic case; limited relational clues in narrative.,POLICE_STATION_RECORD,0.86
FIR_0271,CASE_0271,2025-01-17 13:43:21,organized financial crime,PERSON_0203,PERSON_0625,,LOCATION_0112,Standalone synthetic case; limited relational clues in narrative.,POLICE_STATION_RECORD,0.82
FIR_0272,CASE_0272,2026-05-14 04:00:40,vehicle theft,PERSON_0078,PERSON_1220,,LOCATION_0198,Standalone synthetic case; limited relational clues in narrative.,POLICE_STATION_RECORD,0.83
FIR_0273,CASE_0273,2025-05-10 04:01:33,illegal betting,PERSON_1177,PERSON_0034,,LOCATION_0130,Standalone synthetic case; limited relational clues in narrative.,POLICE_STATION_RECORD,0.52
FIR_0274,CASE_0274,2026-04-11 07:11:32,robbery,PERSON_0358,PERSON_0247,,LOCATION_0285,Standalone synthetic case; limited relational clues in narrative.,POLICE_STATION_RECORD,0.5
FIR_0275,CASE_0275,2025-05-28 13:59:23,cyber fraud,PERSON_0240,PERSON_0635,,LOCATION_0037,Standalone synthetic case; limited relational clues in narrative.,POLICE_STATION_RECORD,0.81
FIR_0276,CASE_0276,2026-03-19 01:58:45,smuggling,PERSON_0343,PERSON_1297,,LOCATION_0219,Standalone synthetic case; limited relational clues in narrative.,POLICE_STATION_RECORD,0.6
FIR_0277,CASE_0277,2025-03-31 01:20:14,forgery,PERSON_0454,PERSON_0074,,LOCATION_0060,Standalone synthetic case; limited relational clues in narrative.,POLICE_STATION_RECORD,0.66
FIR_0278,CASE_0278,2026-04-02 14:09:55,forgery,PERSON_1368,PERSON_1123,,LOCATION_0265,Standalone synthetic case; limited relational clues in narrative.,POLICE_STATION_RECORD,0.74
FIR_0279,CASE_0279,2025-10-26 13:54:30,illegal betting,PERSON_0839,PERSON_0691,,LOCATION_0261,Standalone synthetic case; limited relational clues in narrative.,POLICE_STATION_RECORD,0.82
FIR_0280,CASE_0280,2025-09-19 09:17:29,smuggling,PERSON_0774,PERSON_0341,,LOCATION_0290,Standalone synthetic case; limited relational clues in narrative.,POLICE_STATION_RECORD,0.78
FIR_0281,CASE_0281,2025-07-13 16:20:11,financial fraud,PERSON_0183,PERSON_0450,,LOCATION_0130,Standalone synthetic case; limited relational clues in narrative.,POLICE_STATION_RECORD,0.86
FIR_0282,CASE_0282,2025-12-25 09:21:35,extortion,PERSON_0021,PERSON_0233,,LOCATION_0254,Standalone synthetic case; limited relational clues in narrative.,POLICE_STATION_RECORD,0.84
FIR_0283,CASE_0283,2025-09-20 04:24:32,cyber fraud,PERSON_0148,PERSON_1093,,LOCATION_0276,Standalone synthetic case; limited relational clues in narrative.,POLICE_STATION_RECORD,0.63
FIR_0284,CASE_0284,2026-01-27 08:33:54,vehicle theft,PERSON_0122,PERSON_0438,,LOCATION_0162,Standalone synthetic case; limited relational clues in narrative.,POLICE_STATION_RECORD,0.85
FIR_0285,CASE_0285,2026-01-18 18:49:05,financial fraud,PERSON_1181,PERSON_1245,,LOCATION_0078,Standalone synthetic case; limited relational clues in narrative.,POLICE_STATION_RECORD,0.63
FIR_0286,CASE_0286,2024-06-05 15:36:15,illegal betting,PERSON_0448,PERSON_1121,,LOCATION_0128,Standalone synthetic case; limited relational clues in narrative.,POLICE_STATION_RECORD,0.85
FIR_0287,CASE_0287,2025-09-24 17:19:14,smuggling,PERSON_1011,PERSON_0346,,LOCATION_0223,Standalone synthetic case; limited relational clues in narrative.,POLICE_STATION_RECORD,0.66
FIR_0288,CASE_0288,2025-05-17 01:15:00,extortion,PERSON_0501,PERSON_0680,,LOCATION_0202,Standalone synthetic case; limited relational clues in narrative.,POLICE_STATION_RECORD,0.87
FIR_0289,CASE_0289,2026-01-24 16:51:47,organized financial crime,PERSON_0913,PERSON_1395,,LOCATION_0183,Standalone synthetic case; limited relational clues in narrative.,POLICE_STATION_RECORD,0.74
FIR_0290,CASE_0290,2025-12-19 06:17:14,vehicle theft,PERSON_1139,PERSON_0917,,LOCATION_0200,Standalone synthetic case; limited relational clues in narrative.,POLICE_STATION_RECORD,0.65
FIR_0291,CASE_0291,2025-10-11 04:27:25,organized financial crime,PERSON_0100,PERSON_1040,,LOCATION_0110,Standalone synthetic case; limited relational clues in narrative.,POLICE_STATION_RECORD,0.54
FIR_0292,CASE_0292,2025-11-25 00:53:09,cyber fraud,PERSON_0558,PERSON_0855,,LOCATION_0006,Standalone synthetic case; limited relational clues in narrative.,POLICE_STATION_RECORD,0.61
FIR_0293,CASE_0293,2024-12-29 20:48:46,organized financial crime,PERSON_1316,PERSON_1246,,LOCATION_0259,Standalone synthetic case; limited relational clues in narrative.,POLICE_STATION_RECORD,0.52
FIR_0294,CASE_0294,2026-04-18 05:27:06,cyber fraud,PERSON_0258,PERSON_1373,,LOCATION_0045,Standalone synthetic case; limited relational clues in narrative.,POLICE_STATION_RECORD,0.51
FIR_0295,CASE_0295,2024-12-26 00:30:38,smuggling,PERSON_1097,PERSON_1274,,LOCATION_0047,Standalone synthetic case; limited relational clues in narrative.,POLICE_STATION_RECORD,0.76
FIR_0296,CASE_0296,2025-11-06 08:00:55,organized financial crime,PERSON_1300,PERSON_0330,,LOCATION_0127,Standalone synthetic case; limited relational clues in narrative.,POLICE_STATION_RECORD,0.69
FIR_0297,CASE_0297,2026-02-03 15:42:22,smuggling,PERSON_0442,PERSON_1431,,LOCATION_0227,Standalone synthetic case; limited relational clues in narrative.,POLICE_STATION_RECORD,0.66
FIR_0298,CASE_0298,2025-05-04 10:38:54,forgery,PERSON_1492,PERSON_1493,,LOCATION_0269,Standalone synthetic case; limited relational clues in narrative.,POLICE_STATION_RECORD,0.78
FIR_0299,CASE_0299,2026-01-31 13:33:14,forgery,PERSON_1264,PERSON_0155,,LOCATION_0128,Standalone synthetic case; limited relational clues in narrative.,POLICE_STATION_RECORD,0.77
FIR_0300,CASE_0300,2025-06-24 04:45:16,organized theft,PERSON_0859,PERSON_1365,,LOCATION_0275,Standalone synthetic case; limited relational clues in narrative.,POLICE_STATION_RECORD,0.81
