vehicle_id,owner_person_id,vehicle_type,model,registration_alias,ownership_start,ownership_end,confidence
VEHICLE_00001,PERSON_1476,SUV,SynModel-B5,IND-68-SYN-3004,2024-04-14 19:21:46,,0.93
VEHICLE_00002,PERSON_0026,hatchback,SynModel-X1,AHM-46-SYN-5898,2026-03-18 09:30:46,,0.87
VEHICLE_00003,PERSON_0397,hatchback,SynModel-B5,AHM-74-SYN-1118,2024-08-09 03:51:50,,0.94
VEHICLE_00004,PERSON_0405,SUV,SynModel-Y2,JAI-19-SYN-4769,2023-01-17 09:13:45,,0.81
VEHICLE_00005,PERSON_1459,two_wheeler,SynModel-A4,AHM-80-SYN-3720,2024-05-30 04:41:38,,0.89
VEHICLE_00006,PERSON_1104,SUV,SynModel-A4,HYD-82-SYN-7643,2023-03-14 22:37:33,,0.82
VEHICLE_00007,PERSON_1226,hatchback,SynModel-B5,HYD-22-SYN-1293,2023-01-04 10:36:50,,0.85
VEHICLE_00008,PERSON_0969,sedan,SynModel-Z3,IND-43-SYN-6242,2022-01-23 08:19:03,,0.84
VEHICLE_00009,PERSON_0809,hatchback,SynModel-Y2,BHO-67-SYN-9130,2024-07-07 20:47:15,,0.91
VEHICLE_00010,PERSON_0971,two_wheeler,SynModel-Y2,AHM-32-SYN-3885,2021-09-16 16:10:11,,0.88
VEHICLE_00011,PERSON_0427,hatchback,SynModel-X1,DEL-34-SYN-7930,2024-01-11 14:59:00,,0.89
VEHICLE_00012,PERSON_0107,commercial_van,SynModel-Y2,MUM-19-SYN-2698,2023-03-02 08:57:14,,0.85
VEHICLE_00013,PERSON_0332,two_wheeler,SynModel-B5,HYD-17-SYN-9673,2022-12-05 17:58:18,,0.81
VEHICLE_00014,PERSON_1469,hatchback,SynModel-B5,PUN-73-SYN-7859,2025-11-09 20:41:48,,0.92
VEHICLE_00015,PERSON_0486,sedan,SynModel-A4,CHD-76-SYN-6399,2022-06-22 17:37:35,,0.94
VEHICLE_00016,PERSON_0833,two_wheeler,SynModel-Y2,LKO-54-SYN-7921,2025-02-02 19:00:41,,0.94
VEHICLE_00017,PERSON_1232,commercial_van,SynModel-Z3,LKO-65-SYN-3346,2023-02-13 03:38:30,,0.84
VEHICLE_00018,PERSON_0754,hatchback,SynModel-X1,HYD-71-SYN-9417,2023-02-20 09:13:25,,0.83
VEHICLE_00019,PERSON_0818,two_wheeler,SynModel-Y2,JAI-82-SYN-9474,2022-09-21 21:46:25,,0.96
VEHICLE_00020,PERSON_0147,sedan,SynModel-Z3,HYD-77-SYN-5690,2022-09-11 16:17:07,,0.93
VEHICLE_00021,PERSON_0211,hatchback,SynModel-X1,LKO-69-SYN-5140,2022-03-27 18:08:31,,0.94
VEHICLE_00022,PERSON_0705,sedan,SynModel-A4,JAI-20-SYN-1494,2022-04-28 16:55:04,,0.85
VEHICLE_00023,PERSON_1060,commercial_van,SynModel-X1,IND-23-SYN-6566,2024-05-23 15:44:09,,0.84
VEHICLE_00024,PERSON_0720,sedan,SynModel-A4,CHD-25-SYN-5088,2023-10-30 19:18:51,,0.92
VEHICLE_00025,PERSON_0950,commercial_van,SynModel-B5,BHO-32-SYN-1992,2023-06-01 16:11:07,,0.83
VEHICLE_00026,PERSON_0096,SUV,SynModel-Z3,CHD-97-SYN-7427,2026-03-25 07:47:10,,0.94
VEHICLE_00027,PERSON_0677,hatchback,SynModel-Y2,MUM-52-SYN-4139,2026-04-25 13:41:16,,0.98
VEHICLE_00028,PERSON_0029,commercial_van,SynModel-B5,IND-40-SYN-7885,2021-11-24 17:52:22,,0.88
VEHICLE_00029,PERSON_0962,two_wheeler,SynModel-Z3,LKO-73-SYN-2557,2024-10-08 09:50:08,,0.8
VEHICLE_00030,PERSON_0998,two_wheeler,SynModel-Y2,BHO-10-SYN-2162,2023-12-11 14:13:13,,0.83
VEHICLE_00031,PERSON_0194,two_wheeler,SynModel-B5,LKO-18-SYN-2752,2023-02-05 02:47:05,,0.95
VEHICLE_00032,PERSON_1008,commercial_van,SynModel-A4,PUN-87-SYN-8263,2026-02-17 08:13:44,,0.91
VEHICLE_00033,PERSON_1002,hatchback,SynModel-B5,LKO-10-SYN-2797,2023-07-02 22:22:58,,0.88
VEHICLE_00034,PERSON_1269,hatchback,SynModel-B5,MUM-79-SYN-4420,2023-08-03 13:51:18,,0.98
VEHICLE_00035,PERSON_0748,SUV,SynModel-B5,PUN-10-SYN-5342,2021-09-02 18:12:17,,0.97
VEHICLE_00036,PERSON_1103,hatchback,SynModel-A4,JAI-83-SYN-3874,2023-04-03 12:52:47,,0.98
VEHICLE_00037,PERSON_0650,sedan,SynModel-B5,DEL-36-SYN-4921,2021-12-26 10:08:49,,0.84
VEHICLE_00038,PERSON_1468,hatchback,SynModel-Z3,LKO-98-SYN-4890,2023-02-28 09:30:34,,0.81
VEHICLE_00039,PERSON_0591,hatchback,SynModel-A4,IND-22-SYN-6628,2023-02-06 17:22:00,,0.93
VEHICLE_00040,PERSON_1190,hatchback,SynModel-B5,BHO-29-SYN-4701,2025-08-26 15:38:29,,0.82
VEHICLE_00041,PERSON_1170,SUV,SynModel-Y2,PUN-65-SYN-4256,2021-07-20 20:15:15,,0.8
VEHICLE_00042,PERSON_0266,two_wheeler,SynModel-A4,DEL-12-SYN-1751,2023-11-27 15:40:01,,0.83
VEHICLE_00043,PERSON_1499,hatchback,SynModel-A4,HYD-57-SYN-1979,2022-04-03 07:51:53,,0.97
VEHICLE_00044,PERSON_0037,sedan,SynModel-Y2,PUN-95-SYN-4315,2022-04-27 09:20:32,,0.92
VEHICLE_00045,PERSON_1449,two_wheeler,SynModel-A4,BHO-14-SYN-1215,2024-03-01 06:44:32,,0.84
VEHICLE_00046,PERSON_1303,two_wheeler,SynModel-X1,JAI-23-SYN-5464,2026-04-05 13:12:54,,0.93
VEHICLE_00047,PERSON_1250,two_wheeler,SynModel-B5,BHO-45-SYN-2502,2021-10-07 04:17:36,,0.83
VEHICLE_00048,PERSON_0554,hatchback,SynModel-B5,MUM-82-SYN-3187,2021-11-03 20:12:47,,0.87
VEHICLE_00049,PERSON_1353,commercial_van,SynModel-A4,BHO-86-SYN-4391,2023-05-13 10:55:17,,0.84
VEHICLE_00050,PERSON_0666,sedan,SynModel-A4,PUN-67-SYN-3481,2021-11-21 14:33:53,,0.86
VEHICLE_00051,PERSON_1115,SUV,SynModel-X1,DEL-90-SYN-8343,2023-05-27 19:19:17,,0.98
VEHICLE_00052,PERSON_0398,SUV,SynModel-A4,MUM-14-SYN-8580,2023-02-13 21:31:00,,0.87
VEHICLE_00053,PERSON_0736,hatchback,SynModel-Z3,IND-43-SYN-9720,2025-11-18 18:14:21,,0.8
VEHICLE_00054,PERSON_0785,two_wheeler,SynModel-B5,HYD-10-SYN-1903,2024-07-07 22:25:51,,0.92
VEHICLE_00055,PERSON_0671,sedan,SynModel-Z3,MUM-30-SYN-9884,2024-10-09 13:27:06,,0.86
VEHICLE_00056,PERSON_0639,two_wheeler,SynModel-A4,HYD-80-SYN-4202,2023-11-26 19:32:49,,0.8
VEHICLE_00057,PERSON_1203,commercial_van,SynModel-B5,LKO-67-SYN-9526,2026-04-26 22:22:08,,0.88
VEHICLE_00058,PERSON_0945,commercial_van,SynModel-X1,JAI-33-SYN-1528,2024-06-12 20:58:12,,0.82
VEHICLE_00059,PERSON_0065,two_wheeler,SynModel-A4,BHO-21-SYN-4538,2024-04-06 00:15:07,,0.96
VEHICLE_00060,PERSON_0319,hatchback,SynModel-B5,AHM-67-SYN-1047,2021-12-16 04:03:26,,0.97
VEHICLE_00061,PERSON_0032,two_wheeler,SynModel-Z3,LKO-89-SYN-8728,2024-07-26 10:49:43,,0.93
VEHICLE_00062,PERSON_0938,hatchback,SynModel-X1,JAI-58-SYN-1714,2024-06-14 07:50:08,,0.84
VEHICLE_00063,PERSON_0676,commercial_van,SynModel-Z3,BHO-76-SYN-3125,2021-11-15 05:25:02,,0.91
VEHICLE_00064,PERSON_0104,commercial_van,SynModel-Z3,LKO-14-SYN-1798,2025-07-28 18:44:22,,0.88
VEHICLE_00065,PERSON_1433,SUV,SynModel-X1,IND-86-SYN-6022,2022-04-08 04:03:12,,0.93
VEHICLE_00066,PERSON_0551,hatchback,SynModel-B5,DEL-67-SYN-2187,2025-07-04 12:03:47,,0.93
VEHICLE_00067,PERSON_0180,sedan,SynModel-Y2,HYD-65-SYN-6042,2024-05-24 01:52:51,,0.82
VEHICLE_00068,PERSON_0030,sedan,SynModel-X1,DEL-55-SYN-1864,2024-01-03 10:07:24,,0.84
VEHICLE_00069,PERSON_1242,hatchback,SynModel-A4,JAI-21-SYN-1621,2025-10-07 16:38:04,,0.94
VEHICLE_00070,PERSON_0256,commercial_van,SynModel-A4,BHO-49-SYN-2331,2024-03-05 20:44:02,,0.9
VEHICLE_00071,PERSON_1376,SUV,SynModel-Z3,AHM-91-SYN-5082,2024-01-30 16:38:46,,0.85
VEHICLE_00072,PERSON_0504,hatchback,SynModel-Z3,LKO-40-SYN-8626,2021-11-20 18:11:00,,0.97
VEHICLE_00073,PERSON_1007,SUV,SynModel-Y2,BHO-92-SYN-8682,2022-08-24 21:35:14,,0.91
VEHICLE_00074,PERSON_0048,SUV,SynModel-Y2,HYD-46-SYN-9604,2025-07-22 16:39:52,,0.88
VEHICLE_00075,PERSON_0376,sedan,SynModel-Z3,MUM-31-SYN-4493,2026-01-13 19:13:28,,0.81
VEHICLE_00076,PERSON_1464,hatchback,SynModel-Y2,LKO-18-SYN-2340,2021-11-24 01:16:22,,0.9
VEHICLE_00077,PERSON_0423,two_wheeler,SynModel-A4,LKO-23-SYN-5670,2026-03-23 07:07:35,,0.95
VEHICLE_00078,PERSON_0784,hatchback,SynModel-B5,PUN-48-SYN-9612,2024-06-08 00:01:02,,0.88
VEHICLE_00079,PERSON_0580,SUV,SynModel-Z3,CHD-69-SYN-4523,2023-05-24 21:05:33,,0.92
VEHICLE_00080,PERSON_0903,commercial_van,SynModel-B5,AHM-45-SYN-5932,2023-03-08 03:25:24,,0.97
VEHICLE_00081,PERSON_0725,two_wheeler,SynModel-X1,AHM-97-SYN-3817,2022-08-29 05:24:06,,0.83
VEHICLE_00082,PERSON_1123,hatchback,SynModel-X1,BHO-72-SYN-1790,2025-05-15 06:57:05,,0.81
VEHICLE_00083,PERSON_0577,SUV,SynModel-Z3,IND-26-SYN-1182,2025-05-15 11:57:05,,0.98
VEHICLE_00084,PERSON_0089,commercial_van,SynModel-B5,HYD-95-SYN-7498,2026-04-30 07:27:42,,0.93
VEHICLE_00085,PERSON_0908,SUV,SynModel-X1,PUN-93-SYN-9445,2022-06-12 09:25:13,,0.95
VEHICLE_00086,PERSON_0815,two_wheeler,SynModel-X1,PUN-98-SYN-8476,2024-08-03 17:33:47,,0.96
VEHICLE_00087,PERSON_0822,sedan,SynModel-B5,IND-93-SYN-5192,2021-12-26 07:11:09,,0.85
VEHICLE_00088,PERSON_0619,hatchback,SynModel-A4,HYD-13-SYN-7698,2021-11-25 08:49:03,,0.96
VEHICLE_00089,PERSON_0752,commercial_van,SynModel-X1,PUN-52-SYN-9153,2026-04-16 02:55:01,,0.82
VEHICLE_00090,PERSON_1360,SUV,SynModel-X1,MUM-75-SYN-7963,2022-11-29 20:53:35,,0.92
VEHICLE_00091,PERSON_0412,hatchback,SynModel-Y2,AHM-18-SYN-7780,2025-02-11 15:47:04,,0.89
VEHICLE_00092,PERSON_0477,commercial_van,SynModel-A4,MUM-34-SYN-7298,2025-10-21 16:54:18,,0.84
VEHICLE_00093,PERSON_0170,two_wheeler,SynModel-B5,MUM-15-SYN-3880,2022-08-17 03:26:31,,0.85
VEHICLE_00094,PERSON_0310,two_wheeler,SynModel-B5,CHD-60-SYN-3142,2026-04-28 00:30:23,,0.85
VEHICLE_00095,PERSON_1427,commercial_van,SynModel-Y2,MUM-82-SYN-1848,2025-01-15 04:31:03,,0.96
VEHICLE_00096,PERSON_1412,commercial_van,SynModel-A4,JAI-29-SYN-2014,2024-09-10 12:13:01,,0.84
VEHICLE_00097,PERSON_0506,SUV,SynModel-B5,AHM-45-SYN-9998,2024-11-28 06:59:32,,0.96
VEHICLE_00098,PERSON_0864,SUV,SynModel-X1,PUN-63-SYN-9361,2024-05-06 00:34:03,,0.86
VEHICLE_00099,PERSON_0552,two_wheeler,SynModel-X1,HYD-37-SYN-1815,2024-06-28 20:17:27,,0.8
VEHICLE_00100,PERSON_0600,hatchback,SynModel-Y2,AHM-71-SYN-1664,2024-06-30 06:01:27,,0.96
VEHICLE_00101,PERSON_0462,SUV,SynModel-B5,CHD-39-SYN-7711,2024-01-22 10:38:21,,0.96
VEHICLE_00102,PERSON_0215,SUV,SynModel-X1,PUN-98-SYN-4191,2023-02-12 12:21:28,,0.87
VEHICLE_00103,PERSON_0071,hatchback,SynModel-Z3,AHM-96-SYN-2791,2022-11-29 22:02:38,,0.91
VEHICLE_00104,PERSON_1477,two_wheeler,SynModel-Z3,AHM-71-SYN-3388,2022-04-06 04:28:05,,0.87
VEHICLE_00105,PERSON_0471,commercial_van,SynModel-A4,MUM-73-SYN-1309,2023-10-24 20:55:29,,0.91
VEHICLE_00106,PERSON_1493,two_wheeler,SynModel-Z3,DEL-57-SYN-4466,2024-04-11 04:16:19,,0.84
VEHICLE_00107,PERSON_1321,commercial_van,SynModel-A4,BHO-11-SYN-3076,2024-06-28 04:04:59,,0.96
VEHICLE_00108,PERSON_0455,sedan,SynModel-Y2,PUN-69-SYN-6215,2023-01-03 08:06:46,,0.97
VEHICLE_00109,PERSON_0131,two_wheeler,SynModel-X1,AHM-46-SYN-9972,2025-09-29 05:09:25,,0.84
VEHICLE_00110,PERSON_0428,two_wheeler,SynModel-A4,IND-75-SYN-1679,2025-05-01 03:16:11,,0.82
VEHICLE_00111,PERSON_0745,commercial_van,SynModel-X1,LKO-51-SYN-4462,2024-05-20 09:26:05,,0.91
VEHICLE_00112,PERSON_0372,hatchback,SynModel-X1,CHD-93-SYN-7237,2025-04-05 07:56:14,,0.83
VEHICLE_00113,PERSON_0325,two_wheeler,SynModel-Y2,MUM-28-SYN-4158,2026-01-27 11:17:36,,0.92
VEHICLE_00114,PERSON_0611,two_wheeler,SynModel-Z3,IND-75-SYN-8350,2026-01-18 00:53:02,,0.95
VEHICLE_00115,PERSON_0924,hatchback,SynModel-B5,CHD-49-SYN-5031,2025-07-03 03:47:10,,0.82
VEHICLE_00116,PERSON_1432,hatchback,SynModel-Z3,CHD-78-SYN-4783,2022-02-18 01:49:59,,0.82
VEHICLE_00117,PERSON_0842,two_wheeler,SynModel-Y2,DEL-82-SYN-3297,2025-09-13 20:50:34,,0.86
VEHICLE_00118,PERSON_1130,two_wheeler,SynModel-Y2,BHO-29-SYN-7810,2022-07-03 06:19:58,,0.99
VEHICLE_00119,PERSON_0355,commercial_van,SynModel-B5,JAI-50-SYN-2374,2023-08-27 07:44:59,,0.86
VEHICLE_00120,PERSON_0657,commercial_van,SynModel-Z3,MUM-99-SYN-3254,2022-05-01 01:27:17,,0.8
VEHICLE_00121,PERSON_0273,hatchback,SynModel-B5,PUN-12-SYN-4193,2024-10-10 11:18:04,,0.94
VEHICLE_00122,PERSON_0790,SUV,SynModel-Z3,HYD-86-SYN-2396,2025-05-02 16:21:37,,0.86
VEHICLE_00123,PERSON_0993,commercial_van,SynModel-B5,BHO-62-SYN-7327,2023-07-19 12:08:29,,0.83
VEHICLE_00124,PERSON_0816,commercial_van,SynModel-Y2,DEL-13-SYN-3166,2026-03-15 04:46:11,,0.86
VEHICLE_00125,PERSON_0679,two_wheeler,SynModel-Z3,LKO-63-SYN-3711,2022-07-22 17:09:59,,0.82
VEHICLE_00126,PERSON_0947,SUV,SynModel-A4,BHO-19-SYN-4079,2026-02-11 18:24:16,,0.95
VEHICLE_00127,PERSON_1336,two_wheeler,SynModel-Z3,BHO-86-SYN-2178,2023-04-24 04:47:17,,0.94
VEHICLE_00128,PERSON_0458,hatchback,SynModel-X1,IND-54-SYN-3580,2024-04-02 13:17:28,,0.99
VEHICLE_00129,PERSON_0791,commercial_van,SynModel-B5,PUN-97-SYN-3347,2025-08-09 13:52:21,,0.95
VEHICLE_00130,PERSON_1442,two_wheeler,SynModel-A4,IND-88-SYN-6190,2023-12-18 12:56:39,,0.92
VEHICLE_00131,PERSON_0406,SUV,SynModel-B5,LKO-78-SYN-5137,2021-12-09 19:03:26,,0.9
VEHICLE_00132,PERSON_0218,two_wheeler,SynModel-Y2,JAI-56-SYN-2755,2021-10-18 08:22:03,,0.96
VEHICLE_00133,PERSON_1091,hatchback,SynModel-X1,LKO-18-SYN-5168,2025-07-30 06:45:59,,0.97
VEHICLE_00134,PERSON_1253,sedan,SynModel-Z3,CHD-10-SYN-8388,2022-02-25 00:48:15,,0.86
VEHICLE_00135,PERSON_0882,two_wheeler,SynModel-B5,PUN-47-SYN-8171,2025-10-20 06:52:12,,0.89
VEHICLE_00136,PERSON_0379,SUV,SynModel-Y2,PUN-71-SYN-7520,2023-07-18 13:48:16,,0.87
VEHICLE_00137,PERSON_0062,two_wheeler,SynModel-Y2,IND-96-SYN-1950,2022-11-24 06:01:27,,0.95
VEHICLE_00138,PERSON_1443,sedan,SynModel-B5,AHM-72-SYN-4020,2022-02-01 07:24:08,,0.87
VEHICLE_00139,PERSON_0710,hatchback,SynModel-Y2,DEL-74-SYN-5391,2024-09-22 12:05:49,,0.83
VEHICLE_00140,PERSON_1135,commercial_van,SynModel-Y2,LKO-68-SYN-9326,2022-02-12 13:18:50,,0.96
VEHICLE_00141,PERSON_0136,sedan,SynModel-Y2,JAI-15-SYN-6769,2022-02-23 01:18:52,,0.86
VEHICLE_00142,PERSON_1244,two_wheeler,SynModel-B5,AHM-42-SYN-2620,2024-06-07 14:26:46,,0.89
VEHICLE_00143,PERSON_0317,commercial_van,SynModel-A4,PUN-83-SYN-7256,2025-06-14 21:35:54,,0.83
VEHICLE_00144,PERSON_0202,sedan,SynModel-X1,BHO-95-SYN-5726,2023-11-26 02:09:33,,0.89
VEHICLE_00145,PERSON_1267,two_wheeler,SynModel-Y2,PUN-30-SYN-7363,2023-06-11 04:17:49,,0.95
VEHICLE_00146,PERSON_0108,sedan,SynModel-X1,MUM-59-SYN-3527,2025-09-18 18:20:38,,0.98
VEHICLE_00147,PERSON_0043,commercial_van,SynModel-Y2,IND-47-SYN-6048,2025-11-04 16:26:39,,0.96
VEHICLE_00148,PERSON_1455,SUV,SynModel-Y2,MUM-47-SYN-9326,2025-06-11 07:37:32,,0.97
VEHICLE_00149,PERSON_0321,SUV,SynModel-B5,IND-33-SYN-8038,2025-05-21 08:47:51,,0.93
VEHICLE_00150,PERSON_0196,commercial_van,SynModel-A4,IND-16-SYN-5103,2024-03-05 12:45:43,,0.91
VEHICLE_00151,PERSON_0457,SUV,SynModel-Z3,PUN-13-SYN-7361,2025-08-24 19:54:49,,0.93
VEHICLE_00152,PERSON_0221,two_wheeler,SynModel-X1,BHO-28-SYN-9190,2024-07-14 10:04:25,,0.91
VEHICLE_00153,PERSON_0128,sedan,SynModel-Y2,MUM-75-SYN-8103,2023-05-31 13:22:34,,0.92
VEHICLE_00154,PERSON_1122,commercial_van,SynModel-B5,AHM-59-SYN-9334,2022-11-21 07:59:16,,0.91
VEHICLE_00155,PERSON_0023,commercial_van,SynModel-Z3,AHM-10-SYN-5985,2023-04-06 11:17:14,,0.94
VEHICLE_00156,PERSON_1107,commercial_van,SynModel-A4,JAI-56-SYN-1043,2022-08-28 22:03:46,,0.91
VEHICLE_00157,PERSON_1304,sedan,SynModel-A4,MUM-16-SYN-9945,2022-04-19 06:18:57,,0.87
VEHICLE_00158,PERSON_0701,SUV,SynModel-B5,HYD-89-SYN-8213,2022-04-01 07:10:59,,0.82
VEHICLE_00159,PERSON_0636,commercial_van,SynModel-B5,BHO-28-SYN-2646,2022-05-28 00:12:33,,0.8
VEHICLE_00160,PERSON_1374,sedan,SynModel-Y2,AHM-40-SYN-5828,2022-05-17 23:44:35,,0.89
VEHICLE_00161,PERSON_0536,sedan,SynModel-Y2,HYD-28-SYN-7517,2022-09-24 02:49:43,,0.83
VEHICLE_00162,PERSON_0238,SUV,SynModel-X1,DEL-32-SYN-8789,2024-05-25 07:11:17,,0.91
VEHICLE_00163,PERSON_1031,commercial_van,SynModel-A4,HYD-80-SYN-2963,2024-07-16 01:10:51,,0.97
VEHICLE_00164,PERSON_0772,hatchback,SynModel-Z3,CHD-44-SYN-1688,2024-12-09 00:16:47,,0.93
VEHICLE_00165,PERSON_1032,commercial_van,SynModel-Z3,MUM-20-SYN-1519,2022-12-21 22:41:10,,0.93
VEHICLE_00166,PERSON_0755,sedan,SynModel-Y2,HYD-19-SYN-1889,2023-09-06 23:21:07,,0.91
VEHICLE_00167,PERSON_1118,two_wheeler,SynModel-A4,PUN-28-SYN-7966,2023-04-12 20:13:32,,0.86
VEHICLE_00168,PERSON_1216,SUV,SynModel-X1,BHO-55-SYN-2941,2022-11-05 17:29:18,,0.91
VEHICLE_00169,PERSON_0664,sedan,SynModel-B5,DEL-70-SYN-1946,2021-11-24 00:52:52,,0.91
VEHICLE_00170,PERSON_1300,hatchback,SynModel-Y2,DEL-42-SYN-6196,2021-12-22 07:19:09,,0.82
VEHICLE_00171,PERSON_1236,hatchback,SynModel-A4,IND-84-SYN-3662,2021-07-23 15:40:04,,0.91
VEHICLE_00172,PERSON_0593,two_wheeler,SynModel-Y2,JAI-59-SYN-6777,2022-12-16 06:08:33,,0.86
VEHICLE_00173,PERSON_0871,sedan,SynModel-Z3,CHD-13-SYN-1351,2025-02-04 14:42:59,,0.81
VEHICLE_00174,PERSON_0081,two_wheeler,SynModel-X1,AHM-49-SYN-3772,2022-07-07 07:13:33,,0.84
VEHICLE_00175,PERSON_1102,SUV,SynModel-Y2,LKO-27-SYN-5215,2022-11-21 21:01:29,,0.93
VEHICLE_00176,PERSON_1344,two_wheeler,SynModel-Z3,JAI-84-SYN-3302,2025-01-15 06:47:24,,0.9
VEHICLE_00177,PERSON_0483,commercial_van,SynModel-X1,CHD-72-SYN-8767,2024-04-25 07:06:11,,0.82
VEHICLE_00178,PERSON_0054,sedan,SynModel-Z3,MUM-95-SYN-7438,2026-01-22 17:20:41,,0.89
VEHICLE_00179,PERSON_0094,two_wheeler,SynModel-A4,PUN-59-SYN-3342,2024-07-19 04:55:55,,0.83
VEHICLE_00180,PERSON_0863,commercial_van,SynModel-A4,HYD-47-SYN-7788,2022-12-20 12:01:59,,0.9
VEHICLE_00181,PERSON_0364,SUV,SynModel-Y2,MUM-75-SYN-8243,2024-01-03 00:34:55,,0.92
VEHICLE_00182,PERSON_1069,two_wheeler,SynModel-B5,CHD-59-SYN-9211,2025-08-17 21:20:32,,0.94
VEHICLE_00183,PERSON_0124,commercial_van,SynModel-A4,BHO-35-SYN-6055,2024-05-17 07:16:43,,0.84
VEHICLE_00184,PERSON_0083,sedan,SynModel-B5,CHD-30-SYN-7037,2025-12-13 20:25:15,,0.91
VEHICLE_00185,PERSON_1169,two_wheeler,SynModel-Y2,JAI-15-SYN-8072,2025-04-15 06:02:43,,0.87
VEHICLE_00186,PERSON_0955,sedan,SynModel-B5,MUM-11-SYN-8853,2023-03-11 21:26:23,,0.87
VEHICLE_00187,PERSON_1095,commercial_van,SynModel-Z3,AHM-42-SYN-2900,2024-03-21 03:37:40,,0.92
VEHICLE_00188,PERSON_0963,hatchback,SynModel-B5,HYD-84-SYN-3304,2026-02-22 08:18:47,,0.83
VEHICLE_00189,PERSON_0545,two_wheeler,SynModel-Y2,LKO-11-SYN-3199,2025-04-16 15:01:45,,0.92
VEHICLE_00190,PERSON_0248,two_wheeler,SynModel-B5,IND-26-SYN-8559,2021-10-27 05:12:17,,0.82
VEHICLE_00191,PERSON_1465,SUV,SynModel-A4,LKO-70-SYN-5169,2023-07-28 22:18:10,,0.86
VEHICLE_00192,PERSON_1280,sedan,SynModel-X1,AHM-50-SYN-8020,2024-05-08 07:54:32,,0.98
VEHICLE_00193,PERSON_0892,hatchback,SynModel-A4,DEL-21-SYN-5422,2024-11-12 22:32:42,,0.94
VEHICLE_00194,PERSON_0341,SUV,SynModel-Z3,BHO-68-SYN-2462,2022-01-15 03:07:23,,0.85
VEHICLE_00195,PERSON_0868,SUV,SynModel-Y2,LKO-14-SYN-3593,2024-03-06 10:57:46,,0.81
VEHICLE_00196,PERSON_1436,sedan,SynModel-B5,LKO-64-SYN-7671,2023-06-21 00:27:44,,0.89
VEHICLE_00197,PERSON_0563,sedan,SynModel-X1,AHM-28-SYN-8011,2024-08-21 16:37:04,,0.82
VEHICLE_00198,PERSON_0490,sedan,SynModel-Z3,JAI-16-SYN-9556,2024-08-10 01:24:08,,0.96
VEHICLE_00199,PERSON_0263,two_wheeler,SynModel-Y2,AHM-31-SYN-1328,2026-01-24 01:38:08,,0.8
VEHICLE_00200,PERSON_0861,two_wheeler,SynModel-B5,PUN-22-SYN-7460,2024-01-17 01:16:51,,0.97
VEHICLE_00201,PERSON_0118,sedan,SynModel-Z3,DEL-43-SYN-4856,2022-07-18 05:10:07,,0.84
VEHICLE_00202,PERSON_0294,two_wheeler,SynModel-Y2,JAI-64-SYN-1597,2023-05-21 00:41:48,,0.95
VEHICLE_00203,PERSON_1371,SUV,SynModel-Z3,MUM-42-SYN-9791,2023-02-02 00:28:05,,0.81
VEHICLE_00204,PERSON_0550,hatchback,SynModel-Z3,AHM-71-SYN-8152,2025-05-31 07:27:10,,0.98
VEHICLE_00205,PERSON_1074,hatchback,SynModel-Z3,AHM-34-SYN-5794,2025-02-13 15:36:24,,0.82
VEHICLE_00206,PERSON_1129,hatchback,SynModel-X1,PUN-86-SYN-4567,2025-08-28 01:38:09,,0.93
VEHICLE_00207,PERSON_0714,hatchback,SynModel-B5,BHO-38-SYN-3102,2021-11-03 08:08:08,,0.91
VEHICLE_00208,PERSON_0995,sedan,SynModel-B5,AHM-22-SYN-2431,2024-08-22 07:11:48,,0.86
VEHICLE_00209,PERSON_0916,two_wheeler,SynModel-X1,CHD-88-SYN-7223,2024-07-12 10:00:11,,0.93
VEHICLE_00210,PERSON_0326,two_wheeler,SynModel-A4,LKO-71-SYN-8725,2022-11-04 21:12:14,,0.82
VEHICLE_00211,PERSON_0632,hatchback,SynModel-A4,HYD-13-SYN-3528,2022-02-09 15:46:22,,0.85
VEHICLE_00212,PERSON_0661,commercial_van,SynModel-A4,IND-68-SYN-6990,2025-05-13 19:39:19,,0.85
VEHICLE_00213,PERSON_0985,two_wheeler,SynModel-B5,JAI-92-SYN-7776,2025-11-23 11:29:44,,0.98
VEHICLE_00214,PERSON_0320,SUV,SynModel-Y2,HYD-65-SYN-4594,2025-03-05 02:46:02,,0.93
VEHICLE_00215,PERSON_0165,hatchback,SynModel-Z3,JAI-42-SYN-9941,2026-04-06 10:40:29,,0.86
VEHICLE_00216,PERSON_0763,sedan,SynModel-X1,MUM-46-SYN-9949,2025-03-15 06:35:21,,0.99
VEHICLE_00217,PERSON_1119,SUV,SynModel-X1,DEL-14-SYN-8010,2023-04-26 08:13:47,,0.97
VEHICLE_00218,PERSON_0040,hatchback,SynModel-B5,CHD-27-SYN-7122,2025-01-01 11:08:17,,0.84
VEHICLE_00219,PERSON_0044,hatchback,SynModel-A4,AHM-48-SYN-6037,2024-10-22 19:07:53,,0.9
VEHICLE_00220,PERSON_0855,sedan,SynModel-X1,PUN-88-SYN-5475,2023-07-11 16:28:47,,0.93
VEHICLE_00221,PERSON_1309,two_wheeler,SynModel-A4,PUN-93-SYN-1944,2025-05-07 16:26:22,,0.86
VEHICLE_00222,PERSON_0896,two_wheeler,SynModel-Z3,HYD-40-SYN-9888,2023-06-12 18:13:14,,0.82
VEHICLE_00223,PERSON_0960,two_wheeler,SynModel-X1,JAI-92-SYN-7583,2025-06-14 15:10:02,,0.91
VEHICLE_00224,PERSON_0758,sedan,SynModel-X1,AHM-84-SYN-1312,2024-01-31 17:41:17,,0.84
VEHICLE_00225,PERSON_1087,sedan,SynModel-X1,MUM-93-SYN-8032,2021-10-19 22:33:58,,0.97
VEHICLE_00226,PERSON_0289,two_wheeler,SynModel-Y2,AHM-38-SYN-8128,2026-04-25 09:22:48,,0.98
VEHICLE_00227,PERSON_0751,sedan,SynModel-A4,JAI-83-SYN-4200,2023-05-02 12:14:48,,0.87
VEHICLE_00228,PERSON_1004,SUV,SynModel-Y2,JAI-65-SYN-8055,2021-12-01 06:44:55,,0.97
VEHICLE_00229,PERSON_0920,sedan,SynModel-Z3,LKO-62-SYN-2878,2022-01-01 17:35:41,,0.89
VEHICLE_00230,PERSON_1370,SUV,SynModel-B5,DEL-37-SYN-6891,2023-03-14 15:27:25,,0.86
VEHICLE_00231,PERSON_0834,sedan,SynModel-A4,JAI-98-SYN-2792,2023-07-14 12:28:35,,0.92
VEHICLE_00232,PERSON_0349,two_wheeler,SynModel-X1,JAI-34-SYN-8410,2025-03-22 07:06:16,,0.83
VEHICLE_00233,PERSON_1140,SUV,SynModel-X1,BHO-68-SYN-5524,2025-01-17 01:56:14,,0.83
VEHICLE_00234,PERSON_0775,two_wheeler,SynModel-Y2,PUN-40-SYN-7281,2023-04-29 11:01:54,,0.83
VEHICLE_00235,PERSON_0240,two_wheeler,SynModel-A4,JAI-43-SYN-5472,2024-08-11 05:26:08,,0.95
VEHICLE_00236,PERSON_0562,hatchback,SynModel-A4,CHD-77-SYN-8706,2024-12-12 03:19:49,,0.97
VEHICLE_00237,PERSON_0074,two_wheeler,SynModel-X1,JAI-97-SYN-9696,2025-05-14 04:49:11,,0.93
VEHICLE_00238,PERSON_0434,SUV,SynModel-B5,DEL-75-SYN-8732,2023-03-31 22:40:04,,0.81
VEHICLE_00239,PERSON_1400,sedan,SynModel-Y2,CHD-63-SYN-9413,2023-06-17 00:32:29,,0.86
VEHICLE_00240,PERSON_0247,hatchback,SynModel-B5,CHD-24-SYN-9192,2024-06-11 14:21:26,,0.89
VEHICLE_00241,PERSON_1198,hatchback,SynModel-Z3,MUM-10-SYN-3599,2021-12-29 09:06:24,,0.96
VEHICLE_00242,PERSON_0293,sedan,SynModel-X1,PUN-21-SYN-1329,2024-04-09 18:06:14,,0.82
VEHICLE_00243,PERSON_0968,commercial_van,SynModel-Y2,CHD-17-SYN-6815,2024-07-14 08:08:33,,0.88
VEHICLE_00244,PERSON_1483,commercial_van,SynModel-Y2,BHO-39-SYN-4806,2024-06-12 13:29:49,,0.81
VEHICLE_00245,PERSON_0290,hatchback,SynModel-X1,AHM-11-SYN-7945,2024-08-09 06:58:41,,0.94
VEHICLE_00246,PERSON_0912,sedan,SynModel-B5,PUN-28-SYN-2821,2024-09-03 22:16:58,,0.94
VEHICLE_00247,PERSON_1291,SUV,SynModel-A4,IND-81-SYN-3690,2024-05-04 14:23:58,,0.86
VEHICLE_00248,PERSON_0973,SUV,SynModel-A4,BHO-78-SYN-4172,2026-01-06 22:21:10,,0.92
VEHICLE_00249,PERSON_0137,SUV,SynModel-Y2,CHD-40-SYN-8706,2023-05-15 22:14:40,,0.95
VEHICLE_00250,PERSON_0899,sedan,SynModel-Y2,HYD-87-SYN-4466,2026-03-14 15:35:52,,0.94
VEHICLE_00251,PERSON_0389,sedan,SynModel-A4,AHM-26-SYN-6246,2024-04-02 12:09:53,,0.98
VEHICLE_00252,PERSON_0606,sedan,SynModel-Y2,IND-76-SYN-1730,2024-12-06 17:12:19,,0.88
VEHICLE_00253,PERSON_0655,hatchback,SynModel-X1,CHD-33-SYN-3553,2025-09-13 16:38:06,,0.9
VEHICLE_00254,PERSON_0347,sedan,SynModel-X1,MUM-75-SYN-4814,2024-12-07 21:20:43,,0.99
VEHICLE_00255,PERSON_1458,sedan,SynModel-B5,DEL-86-SYN-8853,2022-12-23 08:10:39,,0.94
VEHICLE_00256,PERSON_1059,two_wheeler,SynModel-Z3,DEL-31-SYN-5968,2023-04-06 13:50:50,,0.88
VEHICLE_00257,PERSON_0731,SUV,SynModel-Z3,LKO-37-SYN-6666,2023-04-26 11:51:22,,0.93
VEHICLE_00258,PERSON_1082,hatchback,SynModel-Y2,MUM-64-SYN-5967,2024-11-23 14:59:59,,0.96
VEHICLE_00259,PERSON_0853,sedan,SynModel-X1,IND-54-SYN-9943,2023-03-25 08:26:45,,0.94
VEHICLE_00260,PERSON_0952,hatchback,SynModel-B5,LKO-78-SYN-4461,2024-04-20 03:16:41,,0.93
VEHICLE_00261,PERSON_1112,two_wheeler,SynModel-A4,DEL-88-SYN-5916,2024-09-02 03:15:33,,0.8
VEHICLE_00262,PERSON_0692,two_wheeler,SynModel-X1,PUN-12-SYN-3363,2022-01-24 20:00:50,,0.88
VEHICLE_00263,PERSON_0042,sedan,SynModel-X1,JAI-71-SYN-1033,2022-12-06 16:00:35,,0.94
VEHICLE_00264,PERSON_0178,commercial_van,SynModel-Y2,IND-27-SYN-6455,2025-12-25 20:36:28,,0.82
VEHICLE_00265,PERSON_1364,sedan,SynModel-B5,PUN-31-SYN-6514,2026-03-05 14:47:16,,0.8
VEHICLE_00266,PERSON_0500,hatchback,SynModel-Z3,MUM-87-SYN-1061,2024-02-11 11:29:36,,0.82
VEHICLE_00267,PERSON_0663,sedan,SynModel-Z3,MUM-73-SYN-2953,2025-04-07 23:02:47,,0.83
VEHICLE_00268,PERSON_0906,SUV,SynModel-Z3,MUM-55-SYN-6618,2023-01-07 19:06:49,,0.85
VEHICLE_00269,PERSON_0027,SUV,SynModel-A4,BHO-26-SYN-2962,2023-04-04 03:35:44,,0.96
VEHICLE_00270,PERSON_1026,two_wheeler,SynModel-Z3,PUN-24-SYN-9740,2025-11-15 19:52:27,,0.86
VEHICLE_00271,PERSON_1410,two_wheeler,SynModel-B5,BHO-88-SYN-6871,2024-08-11 18:23:27,,0.94
VEHICLE_00272,PERSON_0176,commercial_van,SynModel-X1,IND-81-SYN-4442,2022-11-19 08:27:06,,0.91
VEHICLE_00273,PERSON_0003,two_wheeler,SynModel-X1,HYD-87-SYN-5611,2025-07-10 00:29:27,,0.8
VEHICLE_00274,PERSON_1484,commercial_van,SynModel-A4,LKO-36-SYN-7950,2023-01-31 17:08:55,,0.95
VEHICLE_00275,PERSON_0129,two_wheeler,SynModel-Z3,PUN-26-SYN-8448,2022-04-08 04:26:52,,0.9
VEHICLE_00276,PERSON_1085,commercial_van,SynModel-X1,AHM-91-SYN-4636,2024-07-11 00:19:02,,0.91
VEHICLE_00277,PERSON_1466,hatchback,SynModel-X1,BHO-56-SYN-1800,2026-03-13 10:29:27,,0.87
VEHICLE_00278,PERSON_0802,commercial_van,SynModel-X1,HYD-97-SYN-5668,2022-09-09 16:19:06,,0.98
VEHICLE_00279,PERSON_0481,commercial_van,SynModel-Z3,PUN-65-SYN-2585,2024-10-11 05:33:02,,0.93
VEHICLE_00280,PERSON_0465,two_wheeler,SynModel-Y2,DEL-76-SYN-9442,2025-01-04 03:24:06,,0.88
VEHICLE_00281,PERSON_0984,hatchback,SynModel-Z3,IND-48-SYN-1344,2024-03-25 13:00:48,,0.93
VEHICLE_00282,PERSON_1027,hatchback,SynModel-X1,DEL-71-SYN-5863,2023-10-23 09:26:23,,0.86
VEHICLE_00283,PERSON_0585,hatchback,SynModel-Y2,MUM-81-SYN-3116,2025-11-20 23:20:17,,0.96
VEHICLE_00284,PERSON_0872,SUV,SynModel-B5,AHM-73-SYN-5961,2026-02-25 01:03:07,,0.92
VEHICLE_00285,PERSON_0195,SUV,SynModel-B5,AHM-33-SYN-7103,2023-02-17 10:52:43,,0.95
VEHICLE_00286,PERSON_0712,SUV,SynModel-X1,LKO-99-SYN-7196,2024-03-27 13:25:50,,0.85
VEHICLE_00287,PERSON_0715,SUV,SynModel-X1,MUM-94-SYN-6443,2022-05-20 13:18:47,,0.89
VEHICLE_00288,PERSON_0820,commercial_van,SynModel-Z3,JAI-32-SYN-2818,2024-02-29 05:26:10,,0.98
VEHICLE_00289,PERSON_1009,sedan,SynModel-A4,IND-76-SYN-5052,2025-06-30 13:52:52,,0.94
VEHICLE_00290,PERSON_1297,commercial_van,SynModel-Z3,MUM-79-SYN-2034,2022-12-08 08:00:02,,0.98
VEHICLE_00291,PERSON_0879,two_wheeler,SynModel-B5,PUN-65-SYN-1337,2025-11-04 09:19:37,,0.81
VEHICLE_00292,PERSON_1472,two_wheeler,SynModel-X1,LKO-92-SYN-5229,2023-06-21 13:26:40,,0.94
VEHICLE_00293,PERSON_0726,two_wheeler,SynModel-Y2,PUN-28-SYN-1786,2022-06-21 22:20:32,,0.83
VEHICLE_00294,PERSON_0628,SUV,SynModel-A4,CHD-56-SYN-5513,2022-06-08 10:21:44,,0.91
VEHICLE_00295,PERSON_0318,two_wheeler,SynModel-Y2,BHO-53-SYN-4510,2024-07-20 08:28:06,,0.96
VEHICLE_00296,PERSON_0217,SUV,SynModel-B5,HYD-55-SYN-5869,2021-10-02 15:31:27,,0.84
VEHICLE_00297,PERSON_0354,two_wheeler,SynModel-A4,PUN-89-SYN-8234,2023-05-17 19:33:40,,0.91
VEHICLE_00298,PERSON_1423,two_wheeler,SynModel-Y2,PUN-16-SYN-2346,2026-01-21 06:00:40,,0.84
VEHICLE_00299,PERSON_1092,hatchback,SynModel-B5,DEL-69-SYN-7994,2025-09-03 07:11:53,,0.94
VEHICLE_00300,PERSON_0305,two_wheeler,SynModel-B5,IND-93-SYN-9427,2025-09-10 23:01:56,,0.89
VEHICLE_00301,PERSON_0456,commercial_van,SynModel-Z3,DEL-74-SYN-7573,2023-05-18 04:50:53,,0.87
VEHICLE_00302,PERSON_0836,SUV,SynModel-B5,CHD-10-SYN-6392,2026-01-20 18:26:04,,0.93
VEHICLE_00303,PERSON_0703,two_wheeler,SynModel-B5,MUM-34-SYN-4200,2023-12-02 16:38:24,,0.99
VEHICLE_00304,PERSON_1252,two_wheeler,SynModel-Z3,BHO-64-SYN-2795,2023-12-26 08:38:17,,0.85
VEHICLE_00305,PERSON_0350,two_wheeler,SynModel-X1,MUM-42-SYN-8619,2024-12-24 11:57:13,,0.81
VEHICLE_00306,PERSON_1467,commercial_van,SynModel-X1,PUN-79-SYN-5459,2024-07-04 10:22:05,,0.87
VEHICLE_00307,PERSON_0312,two_wheeler,SynModel-Z3,BHO-44-SYN-3872,2022-12-13 03:44:21,,0.84
VEHICLE_00308,PERSON_0489,SUV,SynModel-Y2,BHO-95-SYN-6833,2026-02-18 04:15:17,,0.98
VEHICLE_00309,PERSON_1330,SUV,SynModel-X1,CHD-88-SYN-4620,2023-12-27 05:14:52,,0.9
VEHICLE_00310,PERSON_0904,hatchback,SynModel-Y2,HYD-82-SYN-4815,2021-08-14 18:59:52,,0.83
VEHICLE_00311,PERSON_0403,two_wheeler,SynModel-A4,CHD-72-SYN-5836,2024-09-27 00:26:50,,0.9
VEHICLE_00312,PERSON_0927,sedan,SynModel-B5,AHM-87-SYN-8965,2022-05-01 12:49:41,,0.81
VEHICLE_00313,PERSON_1277,two_wheeler,SynModel-Z3,MUM-58-SYN-4924,2025-08-31 17:59:02,,0.88
VEHICLE_00314,PERSON_1154,hatchback,SynModel-Z3,DEL-19-SYN-4658,2024-10-29 18:55:09,,0.83
VEHICLE_00315,PERSON_1333,SUV,SynModel-Z3,LKO-33-SYN-4823,2025-12-16 03:45:47,,0.87
VEHICLE_00316,PERSON_0330,sedan,SynModel-X1,LKO-93-SYN-4494,2026-03-23 01:29:21,,0.96
VEHICLE_00317,PERSON_0905,sedan,SynModel-Y2,CHD-17-SYN-7067,2025-11-06 10:30:22,,0.92
VEHICLE_00318,PERSON_0509,SUV,SynModel-X1,IND-55-SYN-9524,2024-06-21 04:24:59,,0.86
VEHICLE_00319,PERSON_0634,hatchback,SynModel-Z3,BHO-30-SYN-3298,2021-07-27 10:18:57,,0.81
VEHICLE_00320,PERSON_0190,commercial_van,SynModel-B5,LKO-91-SYN-8601,2025-10-21 09:02:53,,0.91
VEHICLE_00321,PERSON_0270,sedan,SynModel-A4,DEL-46-SYN-1245,2023-08-26 15:46:37,,0.89
VEHICLE_00322,PERSON_0369,sedan,SynModel-X1,DEL-76-SYN-8134,2026-02-19 00:51:13,,0.92
VEHICLE_00323,PERSON_0045,two_wheeler,SynModel-X1,PUN-22-SYN-4497,2021-07-30 06:58:33,,0.88
VEHICLE_00324,PERSON_0149,SUV,SynModel-B5,JAI-67-SYN-1870,2023-09-04 23:42:32,,0.83
VEHICLE_00325,PERSON_0642,two_wheeler,SynModel-Y2,AHM-24-SYN-8245,2022-11-14 09:51:13,,0.81
VEHICLE_00326,PERSON_0513,two_wheeler,SynModel-B5,LKO-58-SYN-6158,2022-05-17 17:28:50,,0.92
VEHICLE_00327,PERSON_0280,sedan,SynModel-X1,CHD-10-SYN-4954,2025-10-04 21:11:00,,0.92
VEHICLE_00328,PERSON_1396,hatchback,SynModel-X1,DEL-79-SYN-4603,2024-04-12 19:49:00,,0.9
VEHICLE_00329,PERSON_1099,hatchback,SynModel-Z3,DEL-86-SYN-6266,2022-08-06 04:40:45,,0.92
VEHICLE_00330,PERSON_0067,two_wheeler,SynModel-Z3,DEL-36-SYN-4896,2025-11-28 09:15:39,,0.83
VEHICLE_00331,PERSON_1479,two_wheeler,SynModel-A4,AHM-39-SYN-8573,2022-06-24 04:00:51,,0.89
VEHICLE_00332,PERSON_1240,SUV,SynModel-B5,HYD-89-SYN-3509,2026-01-14 08:10:06,,0.95
VEHICLE_00333,PERSON_0047,commercial_van,SynModel-Z3,JAI-34-SYN-9590,2023-10-09 00:43:19,,0.98
VEHICLE_00334,PERSON_1188,hatchback,SynModel-A4,DEL-31-SYN-3349,2022-01-31 15:27:56,,0.95
VEHICLE_00335,PERSON_1019,sedan,SynModel-Y2,JAI-13-SYN-8642,2025-02-04 09:10:26,,0.98
VEHICLE_00336,PERSON_0443,SUV,SynModel-B5,BHO-36-SYN-5579,2021-11-22 15:36:28,,0.8
VEHICLE_00337,PERSON_1439,hatchback,SynModel-A4,LKO-15-SYN-7429,2025-01-14 02:51:04,,0.86
VEHICLE_00338,PERSON_0084,SUV,SynModel-Y2,DEL-67-SYN-1319,2024-10-01 10:51:33,,0.98
VEHICLE_00339,PERSON_1380,SUV,SynModel-B5,IND-39-SYN-3148,2025-12-22 11:53:36,,0.96
VEHICLE_00340,PERSON_0999,commercial_van,SynModel-Y2,MUM-56-SYN-1360,2026-03-24 03:29:12,,0.85
VEHICLE_00341,PERSON_0738,two_wheeler,SynModel-B5,HYD-31-SYN-7679,2025-12-12 20:07:54,,0.81
VEHICLE_00342,PERSON_1174,sedan,SynModel-Y2,JAI-49-SYN-3584,2023-11-08 06:18:40,,0.98
VEHICLE_00343,PERSON_0898,SUV,SynModel-X1,MUM-61-SYN-4603,2024-03-29 03:04:47,,0.82
VEHICLE_00344,PERSON_0799,sedan,SynModel-A4,JAI-48-SYN-3556,2025-03-19 07:38:42,,0.95
VEHICLE_00345,PERSON_1355,commercial_van,SynModel-A4,LKO-48-SYN-9014,2024-01-01 23:37:25,,0.89
VEHICLE_00346,PERSON_0616,hatchback,SynModel-X1,BHO-96-SYN-4106,2022-12-17 22:08:29,,0.84
VEHICLE_00347,PERSON_1450,two_wheeler,SynModel-B5,IND-60-SYN-6804,2024-01-26 08:52:00,,0.91
VEHICLE_00348,PERSON_0068,commercial_van,SynModel-X1,BHO-12-SYN-1231,2025-02-28 02:08:10,,0.96
VEHICLE_00349,PERSON_1075,hatchback,SynModel-X1,BHO-77-SYN-1693,2023-03-03 04:02:30,,0.85
VEHICLE_00350,PERSON_0917,hatchback,SynModel-B5,BHO-92-SYN-6071,2021-09-19 04:57:10,,0.87
VEHICLE_00351,PERSON_0539,commercial_van,SynModel-X1,HYD-30-SYN-2623,2024-03-20 02:16:29,,0.92
VEHICLE_00352,PERSON_1329,SUV,SynModel-B5,BHO-96-SYN-9166,2021-07-17 11:25:05,,0.81
VEHICLE_00353,PERSON_0246,SUV,SynModel-X1,CHD-14-SYN-4360,2022-12-06 19:53:21,,0.85
VEHICLE_00354,PERSON_0222,sedan,SynModel-A4,HYD-59-SYN-1089,2022-02-05 11:58:39,,0.84
VEHICLE_00355,PERSON_0743,SUV,SynModel-B5,BHO-65-SYN-7667,2025-10-27 16:03:37,,0.84
VEHICLE_00356,PERSON_1292,sedan,SynModel-X1,MUM-48-SYN-4529,2025-11-27 06:54:51,,0.87
VEHICLE_00357,PERSON_1016,two_wheeler,SynModel-B5,PUN-10-SYN-4730,2023-12-20 13:27:35,,0.83
VEHICLE_00358,PERSON_0254,sedan,SynModel-X1,HYD-43-SYN-8115,2025-08-12 13:06:22,,0.84
VEHICLE_00359,PERSON_0345,hatchback,SynModel-A4,HYD-78-SYN-3155,2024-01-30 11:39:20,,0.82
VEHICLE_00360,PERSON_0226,hatchback,SynModel-B5,CHD-71-SYN-1477,2025-01-04 19:27:22,,0.85
VEHICLE_00361,PERSON_1132,two_wheeler,SynModel-A4,DEL-52-SYN-5042,2024-07-23 07:00:37,,0.92
VEHICLE_00362,PERSON_0777,sedan,SynModel-X1,BHO-55-SYN-8128,2022-12-01 15:56:23,,0.87
VEHICLE_00363,PERSON_0559,two_wheeler,SynModel-B5,HYD-61-SYN-5905,2021-11-27 01:07:26,,0.82
VEHICLE_00364,PERSON_1017,two_wheeler,SynModel-X1,JAI-21-SYN-5582,2022-01-25 05:44:21,,0.85
VEHICLE_00365,PERSON_1121,hatchback,SynModel-Y2,PUN-62-SYN-7553,2022-09-08 10:36:59,,0.88
VEHICLE_00366,PERSON_0260,sedan,SynModel-B5,CHD-94-SYN-3449,2025-04-14 23:47:44,,0.82
VEHICLE_00367,PERSON_0182,two_wheeler,SynModel-Y2,BHO-62-SYN-3483,2021-09-05 03:44:31,,0.84
VEHICLE_00368,PERSON_1296,commercial_van,SynModel-X1,LKO-39-SYN-2726,2021-10-01 12:13:10,,0.91
VEHICLE_00369,PERSON_1042,commercial_van,SynModel-X1,BHO-31-SYN-4193,2026-04-11 01:01:17,,0.86
VEHICLE_00370,PERSON_0093,hatchback,SynModel-B5,DEL-52-SYN-1576,2023-12-30 14:55:34,,0.83
VEHICLE_00371,PERSON_0498,hatchback,SynModel-Y2,BHO-17-SYN-3478,2026-03-18 16:29:34,,0.9
VEHICLE_00372,PERSON_1081,sedan,SynModel-A4,CHD-72-SYN-4352,2025-09-17 17:17:32,,0.92
VEHICLE_00373,PERSON_1341,sedan,SynModel-A4,PUN-24-SYN-5154,2023-04-01 23:52:34,,0.95
VEHICLE_00374,PERSON_0485,sedan,SynModel-B5,MUM-34-SYN-5443,2022-08-11 07:34:53,,0.82
VEHICLE_00375,PERSON_0538,commercial_van,SynModel-A4,LKO-47-SYN-7144,2026-03-12 09:04:20,,0.99
VEHICLE_00376,PERSON_0295,two_wheeler,SynModel-Y2,AHM-62-SYN-7487,2024-12-05 00:46:52,,0.85
VEHICLE_00377,PERSON_0756,hatchback,SynModel-A4,DEL-79-SYN-6779,2022-07-29 15:25:56,,0.8
VEHICLE_00378,PERSON_0061,commercial_van,SynModel-B5,HYD-50-SYN-4620,2024-01-03 19:17:26,,0.83
VEHICLE_00379,PERSON_0473,SUV,SynModel-Y2,AHM-42-SYN-1235,2024-09-11 07:14:41,,0.94
VEHICLE_00380,PERSON_0251,hatchback,SynModel-Y2,AHM-43-SYN-7284,2023-12-28 15:02:02,,0.94
VEHICLE_00381,PERSON_0278,SUV,SynModel-A4,JAI-34-SYN-9726,2021-11-29 03:28:09,,0.96
VEHICLE_00382,PERSON_1221,hatchback,SynModel-Z3,LKO-42-SYN-5245,2026-01-27 21:43:13,,0.96
VEHICLE_00383,PERSON_0039,SUV,SynModel-A4,PUN-81-SYN-6048,2024-10-10 18:50:04,,0.88
VEHICLE_00384,PERSON_0608,SUV,SynModel-Z3,MUM-49-SYN-5475,2022-11-25 02:59:12,,0.93
VEHICLE_00385,PERSON_0334,sedan,SynModel-X1,CHD-30-SYN-3578,2021-12-11 11:39:20,,0.89
VEHICLE_00386,PERSON_0078,commercial_van,SynModel-Y2,IND-97-SYN-2504,2022-11-27 07:45:08,,0.93
VEHICLE_00387,PERSON_0288,commercial_van,SynModel-A4,DEL-69-SYN-4375,2023-04-30 22:00:16,,0.99
VEHICLE_00388,PERSON_1161,SUV,SynModel-Y2,HYD-86-SYN-9344,2023-07-06 05:34:14,,0.9
VEHICLE_00389,PERSON_0659,sedan,SynModel-A4,PUN-66-SYN-1371,2023-03-18 09:16:15,,0.97
VEHICLE_00390,PERSON_0817,sedan,SynModel-Y2,HYD-34-SYN-6100,2026-03-27 20:58:50,,0.9
VEHICLE_00391,PERSON_0656,sedan,SynModel-Z3,MUM-18-SYN-5119,2022-09-10 18:15:49,,0.93
VEHICLE_00392,PERSON_0647,SUV,SynModel-Y2,PUN-80-SYN-8748,2021-10-22 11:59:10,,0.89
VEHICLE_00393,PERSON_1151,sedan,SynModel-B5,AHM-42-SYN-6526,2026-02-28 08:13:21,,0.83
VEHICLE_00394,PERSON_0910,commercial_van,SynModel-B5,JAI-84-SYN-3506,2022-02-26 09:51:26,,0.85
VEHICLE_00395,PERSON_0173,SUV,SynModel-Z3,MUM-58-SYN-5386,2026-03-30 03:41:50,,0.93
VEHICLE_00396,PERSON_1386,commercial_van,SynModel-Y2,BHO-24-SYN-2755,2024-10-17 17:33:44,,0.94
VEHICLE_00397,PERSON_0070,commercial_van,SynModel-B5,DEL-14-SYN-2755,2024-09-14 17:00:35,,0.98
VEHICLE_00398,PERSON_1383,two_wheeler,SynModel-Z3,CHD-83-SYN-1168,2023-04-05 06:37:06,,0.83
VEHICLE_00399,PERSON_1211,hatchback,SynModel-A4,AHM-16-SYN-7191,2024-03-24 02:00:23,,0.97
VEHICLE_00400,PERSON_0448,two_wheeler,SynModel-Y2,LKO-95-SYN-6313,2024-02-15 12:56:19,,0.98
VEHICLE_00401,PERSON_0814,sedan,SynModel-B5,MUM-77-SYN-8483,2022-05-14 22:58:59,,0.86
VEHICLE_00402,PERSON_0327,two_wheeler,SynModel-B5,JAI-80-SYN-5562,2022-10-31 00:27:47,,0.97
VEHICLE_00403,PERSON_0929,hatchback,SynModel-A4,CHD-97-SYN-1826,2025-05-27 08:03:56,,0.89
VEHICLE_00404,PERSON_0370,SUV,SynModel-B5,PUN-24-SYN-9005,2025-03-19 00:53:00,,0.83
VEHICLE_00405,PERSON_0299,two_wheeler,SynModel-X1,CHD-77-SYN-9809,2024-01-31 11:42:02,,0.83
VEHICLE_00406,PERSON_0395,sedan,SynModel-B5,IND-60-SYN-6842,2024-06-03 23:47:49,,0.91
VEHICLE_00407,PERSON_0926,SUV,SynModel-A4,BHO-29-SYN-9731,2026-02-21 02:36:09,,0.86
VEHICLE_00408,PERSON_0357,two_wheeler,SynModel-Z3,IND-70-SYN-3078,2025-05-12 05:40:17,,0.92
VEHICLE_00409,PERSON_0674,hatchback,SynModel-A4,HYD-99-SYN-4168,2023-07-29 00:24:45,,0.98
VEHICLE_00410,PERSON_0145,commercial_van,SynModel-X1,IND-59-SYN-7588,2023-05-06 23:06:31,,0.96
VEHICLE_00411,PERSON_1368,sedan,SynModel-X1,DEL-85-SYN-9364,2024-07-15 14:41:42,,0.86
VEHICLE_00412,PERSON_0297,commercial_van,SynModel-Y2,PUN-59-SYN-7805,2022-01-08 20:09:07,,0.96
VEHICLE_00413,PERSON_1205,hatchback,SynModel-B5,BHO-94-SYN-2087,2025-03-20 22:12:08,,0.84
VEHICLE_00414,PERSON_0244,commercial_van,SynModel-Y2,CHD-13-SYN-5555,2025-04-13 13:05:54,,0.87
VEHICLE_00415,PERSON_0795,SUV,SynModel-Z3,MUM-61-SYN-3362,2025-06-09 16:19:49,,0.84
VEHICLE_00416,PERSON_0672,two_wheeler,SynModel-Y2,PUN-22-SYN-1840,2025-07-16 13:10:05,,0.98
VEHICLE_00417,PERSON_0474,SUV,SynModel-Y2,HYD-46-SYN-5893,2024-05-26 12:16:35,,0.92
VEHICLE_00418,PERSON_1407,sedan,SynModel-A4,CHD-79-SYN-2767,2026-02-18 10:25:01,,0.84
VEHICLE_00419,PERSON_1229,two_wheeler,SynModel-X1,CHD-27-SYN-6712,2022-07-15 15:00:50,,0.85
VEHICLE_00420,PERSON_0532,commercial_van,SynModel-X1,BHO-19-SYN-9693,2025-01-21 05:13:27,,0.83
VEHICLE_00421,PERSON_0760,SUV,SynModel-B5,IND-39-SYN-8402,2021-10-01 23:34:31,,0.83
VEHICLE_00422,PERSON_1088,sedan,SynModel-Z3,MUM-86-SYN-8813,2024-12-31 13:12:58,,0.94
VEHICLE_00423,PERSON_0612,two_wheeler,SynModel-A4,JAI-99-SYN-9429,2022-06-09 09:18:09,,0.83
VEHICLE_00424,PERSON_0942,hatchback,SynModel-B5,LKO-24-SYN-1352,2022-05-19 23:49:07,,0.97
VEHICLE_00425,PERSON_0537,commercial_van,SynModel-Z3,IND-41-SYN-2637,2025-09-01 17:42:19,,0.98
VEHICLE_00426,PERSON_0272,hatchback,SynModel-B5,HYD-14-SYN-4240,2022-09-14 23:35:40,,0.9
VEHICLE_00427,PERSON_1036,commercial_van,SynModel-Y2,PUN-35-SYN-3342,2023-10-04 07:41:20,,0.9
VEHICLE_00428,PERSON_0328,commercial_van,SynModel-X1,CHD-25-SYN-5519,2022-02-09 14:21:13,,0.84
VEHICLE_00429,PERSON_1047,sedan,SynModel-Z3,CHD-67-SYN-4725,2023-02-13 14:42:31,,0.85
VEHICLE_00430,PERSON_0769,hatchback,SynModel-B5,DEL-77-SYN-1886,2024-01-11 11:19:15,,0.98
VEHICLE_00431,PERSON_1334,hatchback,SynModel-B5,AHM-46-SYN-1589,2025-09-06 06:04:17,,0.85
VEHICLE_00432,PERSON_0866,SUV,SynModel-X1,BHO-44-SYN-1298,2024-04-19 15:15:28,,0.83
VEHICLE_00433,PERSON_0792,SUV,SynModel-Y2,PUN-70-SYN-5646,2026-03-13 01:59:26,,0.81
VEHICLE_00434,PERSON_1418,hatchback,SynModel-Y2,BHO-34-SYN-5601,2025-06-13 23:51:34,,0.98
VEHICLE_00435,PERSON_1120,hatchback,SynModel-Y2,JAI-52-SYN-5387,2026-01-23 00:39:45,,0.93
VEHICLE_00436,PERSON_0156,sedan,SynModel-X1,DEL-27-SYN-6553,2024-05-18 10:36:01,,0.89
VEHICLE_00437,PERSON_0578,two_wheeler,SynModel-B5,AHM-53-SYN-1165,2023-08-16 07:50:25,,0.92
VEHICLE_00438,PERSON_0894,commercial_van,SynModel-Z3,PUN-83-SYN-5984,2023-05-09 20:28:46,,0.85
VEHICLE_00439,PERSON_0058,hatchback,SynModel-A4,BHO-47-SYN-9919,2022-07-21 09:36:54,,0.85
VEHICLE_00440,PERSON_1251,two_wheeler,SynModel-A4,IND-86-SYN-1890,2021-09-08 12:03:51,,0.91
VEHICLE_00441,PERSON_0122,two_wheeler,SynModel-Z3,CHD-55-SYN-2718,2023-10-09 22:22:32,,0.9
VEHICLE_00442,PERSON_1080,hatchback,SynModel-Z3,JAI-91-SYN-3624,2022-08-08 09:09:36,,0.92
VEHICLE_00443,PERSON_1086,two_wheeler,SynModel-Y2,AHM-94-SYN-5785,2023-06-22 04:28:19,,0.87
VEHICLE_00444,PERSON_1145,hatchback,SynModel-Y2,BHO-44-SYN-4697,2024-01-14 16:58:30,,0.87
VEHICLE_00445,PERSON_0768,hatchback,SynModel-A4,CHD-52-SYN-2361,2021-10-22 17:30:17,,0.8
VEHICLE_00446,PERSON_0915,commercial_van,SynModel-Y2,IND-17-SYN-7122,2025-04-01 08:41:26,,0.9
VEHICLE_00447,PERSON_0789,two_wheeler,SynModel-B5,BHO-97-SYN-5099,2022-02-28 06:03:39,,0.94
VEHICLE_00448,PERSON_1434,sedan,SynModel-Z3,JAI-69-SYN-8660,2023-03-16 22:29:05,,0.87
VEHICLE_00449,PERSON_0426,commercial_van,SynModel-Z3,DEL-73-SYN-1340,2022-10-18 20:52:12,,0.84
VEHICLE_00450,PERSON_0626,commercial_van,SynModel-Z3,AHM-92-SYN-5367,2024-01-25 03:15:35,,0.88
VEHICLE_00451,PERSON_0983,SUV,SynModel-A4,MUM-14-SYN-1157,2024-06-09 13:30:22,,0.98
VEHICLE_00452,PERSON_1342,commercial_van,SynModel-Z3,DEL-88-SYN-2322,2023-12-12 04:58:11,,0.99
VEHICLE_00453,PERSON_0727,hatchback,SynModel-X1,CHD-91-SYN-1706,2022-04-08 12:26:39,,0.83
VEHICLE_00454,PERSON_0105,commercial_van,SynModel-B5,DEL-15-SYN-2007,2022-10-20 06:29:10,,0.89
VEHICLE_00455,PERSON_0223,commercial_van,SynModel-X1,AHM-19-SYN-3561,2021-11-28 07:58:23,,0.85
VEHICLE_00456,PERSON_0387,hatchback,SynModel-Y2,IND-86-SYN-9270,2025-01-10 17:54:42,,0.92
VEHICLE_00457,PERSON_1005,commercial_van,SynModel-B5,CHD-51-SYN-5599,2021-07-24 10:14:12,,0.95
VEHICLE_00458,PERSON_0922,two_wheeler,SynModel-Y2,BHO-81-SYN-8388,2021-10-13 18:09:59,,0.88
VEHICLE_00459,PERSON_0721,two_wheeler,SynModel-Y2,PUN-32-SYN-4553,2021-09-11 06:14:27,,0.91
VEHICLE_00460,PERSON_0087,SUV,SynModel-A4,HYD-32-SYN-9742,2021-09-09 04:06:13,,0.9
VEHICLE_00461,PERSON_0607,SUV,SynModel-Z3,HYD-85-SYN-6570,2023-05-08 03:44:38,,0.83
VEHICLE_00462,PERSON_1478,commercial_van,SynModel-B5,LKO-48-SYN-1868,2024-11-26 09:04:11,,0.83
VEHICLE_00463,PERSON_0261,sedan,SynModel-A4,CHD-95-SYN-3902,2023-10-12 16:13:18,,0.93
VEHICLE_00464,PERSON_1101,two_wheeler,SynModel-X1,PUN-87-SYN-1694,2024-02-24 17:10:21,,0.92
VEHICLE_00465,PERSON_1215,two_wheeler,SynModel-Z3,JAI-81-SYN-2969,2022-08-01 22:51:13,,0.81
VEHICLE_00466,PERSON_0572,hatchback,SynModel-Y2,JAI-68-SYN-2433,2026-03-21 09:18:23,,0.91
VEHICLE_00467,PERSON_0558,hatchback,SynModel-B5,CHD-85-SYN-8542,2022-08-30 06:41:12,,0.91
VEHICLE_00468,PERSON_0569,two_wheeler,SynModel-Y2,PUN-28-SYN-1391,2026-03-17 19:21:21,,0.94
VEHICLE_00469,PERSON_1473,hatchback,SynModel-Y2,JAI-19-SYN-4962,2023-06-26 10:20:43,,0.95
VEHICLE_00470,PERSON_1408,hatchback,SynModel-B5,MUM-76-SYN-8151,2025-06-25 11:01:29,,0.86
VEHICLE_00471,PERSON_1262,SUV,SynModel-X1,BHO-63-SYN-7424,2023-07-05 14:13:29,,0.85
VEHICLE_00472,PERSON_0017,hatchback,SynModel-Z3,BHO-92-SYN-6524,2026-04-07 00:02:33,,0.94
VEHICLE_00473,PERSON_0737,SUV,SynModel-A4,MUM-70-SYN-9152,2022-09-27 09:31:21,,0.88
VEHICLE_00474,PERSON_1235,sedan,SynModel-Z3,PUN-86-SYN-1778,2026-04-08 02:20:31,,0.9
VEHICLE_00475,PERSON_1494,hatchback,SynModel-Z3,CHD-70-SYN-3316,2022-02-14 07:12:59,,0.88
VEHICLE_00476,PERSON_0557,hatchback,SynModel-X1,BHO-36-SYN-6309,2022-12-11 18:01:58,,0.89
VEHICLE_00477,PERSON_0006,hatchback,SynModel-X1,IND-34-SYN-4088,2022-04-26 21:18:27,,0.88
VEHICLE_00478,PERSON_0598,two_wheeler,SynModel-X1,LKO-88-SYN-3953,2025-06-22 07:54:43,,0.91
VEHICLE_00479,PERSON_1183,sedan,SynModel-X1,IND-42-SYN-3035,2021-09-02 22:24:08,,0.94
VEHICLE_00480,PERSON_1003,hatchback,SynModel-Z3,CHD-37-SYN-5645,2024-04-09 22:44:28,,0.96
VEHICLE_00481,PERSON_0711,commercial_van,SynModel-Z3,HYD-77-SYN-3935,2025-05-27 09:26:53,,0.91
VEHICLE_00482,PERSON_0501,two_wheeler,SynModel-Y2,MUM-96-SYN-7976,2024-08-19 08:37:43,,0.99
VEHICLE_00483,PERSON_1162,hatchback,SynModel-Z3,AHM-77-SYN-6772,2024-03-30 04:42:25,,0.98
VEHICLE_00484,PERSON_1230,two_wheeler,SynModel-Z3,BHO-72-SYN-1805,2023-11-10 17:12:42,,0.85
VEHICLE_00485,PERSON_0316,two_wheeler,SynModel-X1,MUM-26-SYN-5268,2024-11-18 14:22:26,,0.85
VEHICLE_00486,PERSON_1323,hatchback,SynModel-Z3,DEL-79-SYN-7409,2023-06-07 05:34:10,,0.9
VEHICLE_00487,PERSON_0923,sedan,SynModel-Y2,HYD-73-SYN-2171,2021-12-14 09:56:43,,0.95
VEHICLE_00488,PERSON_0366,SUV,SynModel-A4,IND-81-SYN-9433,2022-11-28 10:06:18,,0.91
VEHICLE_00489,PERSON_1224,commercial_van,SynModel-B5,CHD-30-SYN-3056,2023-10-07 20:16:36,,0.87
VEHICLE_00490,PERSON_1268,SUV,SynModel-X1,IND-35-SYN-2855,2023-09-15 19:10:52,,0.88
VEHICLE_00491,PERSON_1189,SUV,SynModel-Y2,HYD-41-SYN-7500,2023-12-02 10:32:35,,0.95
VEHICLE_00492,PERSON_0893,hatchback,SynModel-A4,JAI-84-SYN-2393,2025-09-18 01:12:11,,0.91
VEHICLE_00493,PERSON_0152,hatchback,SynModel-Y2,CHD-14-SYN-7089,2025-03-09 07:07:20,,0.83
VEHICLE_00494,PERSON_0378,sedan,SynModel-Z3,LKO-93-SYN-2864,2023-12-02 09:44:42,,0.86
VEHICLE_00495,PERSON_1332,SUV,SynModel-Y2,JAI-82-SYN-6364,2021-10-21 14:50:56,,0.96
VEHICLE_00496,PERSON_0373,sedan,SynModel-Y2,IND-73-SYN-8238,2022-03-08 09:15:54,,0.98
VEHICLE_00497,PERSON_1437,SUV,SynModel-Z3,BHO-95-SYN-2729,2026-01-08 18:31:21,,0.91
VEHICLE_00498,PERSON_0764,hatchback,SynModel-A4,DEL-36-SYN-8869,2022-05-30 20:08:54,,0.95
VEHICLE_00499,PERSON_0830,SUV,SynModel-Z3,JAI-25-SYN-7732,2021-12-09 02:08:37,,0.84
VEHICLE_00500,PERSON_1290,SUV,SynModel-Y2,HYD-17-SYN-2130,2025-12-10 15:31:05,,0.93
VEHICLE_00501,PERSON_0688,sedan,SynModel-B5,LKO-75-SYN-3560,2023-06-10 04:26:32,,0.94
VEHICLE_00502,PERSON_1113,commercial_van,SynModel-X1,LKO-12-SYN-6761,2021-12-13 08:24:11,,0.85
VEHICLE_00503,PERSON_1164,SUV,SynModel-X1,BHO-60-SYN-8168,2023-03-05 09:21:30,,0.91
VEHICLE_00504,PERSON_0951,commercial_van,SynModel-Z3,CHD-92-SYN-9090,2023-07-22 11:21:32,,0.84
VEHICLE_00505,PERSON_0203,hatchback,SynModel-X1,CHD-34-SYN-7348,2025-11-29 09:17:16,,0.82
VEHICLE_00506,PERSON_0080,hatchback,SynModel-B5,IND-21-SYN-1972,2025-11-25 10:30:12,,0.86
VEHICLE_00507,PERSON_0353,SUV,SynModel-X1,IND-13-SYN-4943,2022-01-11 10:40:58,,0.84
VEHICLE_00508,PERSON_1182,SUV,SynModel-Y2,JAI-48-SYN-8971,2023-01-16 21:03:46,,0.98
VEHICLE_00509,PERSON_0057,sedan,SynModel-A4,JAI-32-SYN-1797,2026-01-20 12:04:23,,0.9
VEHICLE_00510,PERSON_0937,sedan,SynModel-Z3,JAI-94-SYN-4946,2024-06-30 07:20:16,,0.82
VEHICLE_00511,PERSON_0874,sedan,SynModel-Y2,IND-11-SYN-5804,2023-02-25 11:00:11,,0.83
VEHICLE_00512,PERSON_0459,SUV,SynModel-X1,LKO-25-SYN-7598,2022-09-30 22:09:11,,0.92
VEHICLE_00513,PERSON_0450,sedan,SynModel-X1,HYD-46-SYN-8307,2025-10-03 09:27:39,,0.98
VEHICLE_00514,PERSON_0564,commercial_van,SynModel-A4,HYD-45-SYN-8970,2025-08-19 01:02:03,,0.91
VEHICLE_00515,PERSON_1024,SUV,SynModel-Z3,JAI-65-SYN-7217,2024-06-21 03:46:07,,0.82
VEHICLE_00516,PERSON_0605,two_wheeler,SynModel-B5,LKO-18-SYN-4252,2024-06-24 03:36:07,,0.92
VEHICLE_00517,PERSON_0573,SUV,SynModel-Y2,BHO-94-SYN-2929,2025-05-10 23:30:43,,0.81
VEHICLE_00518,PERSON_0540,hatchback,SynModel-B5,AHM-53-SYN-2398,2025-03-05 14:55:18,,0.91
VEHICLE_00519,PERSON_1424,sedan,SynModel-B5,JAI-38-SYN-4965,2023-12-26 19:05:22,,0.98
VEHICLE_00520,PERSON_1179,two_wheeler,SynModel-X1,DEL-78-SYN-3723,2024-06-06 12:50:02,,0.83
VEHICLE_00521,PERSON_0821,hatchback,SynModel-X1,AHM-51-SYN-7691,2025-10-10 14:48:13,,0.98
VEHICLE_00522,PERSON_1153,hatchback,SynModel-Y2,IND-35-SYN-7700,2024-08-26 13:53:43,,0.97
VEHICLE_00523,PERSON_0570,two_wheeler,SynModel-X1,IND-25-SYN-7379,2022-04-18 18:21:02,,0.88
VEHICLE_00524,PERSON_1254,sedan,SynModel-A4,MUM-17-SYN-5525,2022-07-14 22:32:30,,0.97
VEHICLE_00525,PERSON_0435,sedan,SynModel-Z3,LKO-12-SYN-3866,2022-07-19 09:33:47,,0.89
VEHICLE_00526,PERSON_0673,sedan,SynModel-Z3,IND-94-SYN-8939,2026-03-08 04:15:13,,0.95
VEHICLE_00527,PERSON_0213,hatchback,SynModel-Z3,HYD-61-SYN-9336,2021-08-18 12:20:11,,0.93
VEHICLE_00528,PERSON_0615,sedan,SynModel-Z3,MUM-20-SYN-8132,2025-04-03 17:01:48,,0.9
VEHICLE_00529,PERSON_0603,two_wheeler,SynModel-Y2,PUN-86-SYN-7505,2025-03-09 20:02:24,,0.94
VEHICLE_00530,PERSON_0909,SUV,SynModel-B5,CHD-57-SYN-6338,2021-08-27 06:35:43,,0.99
VEHICLE_00531,PERSON_1213,hatchback,SynModel-Y2,JAI-58-SYN-7699,2023-02-27 12:54:27,,0.86
VEHICLE_00532,PERSON_0192,sedan,SynModel-A4,AHM-96-SYN-9447,2025-12-20 07:43:41,,0.97
VEHICLE_00533,PERSON_0857,two_wheeler,SynModel-B5,IND-75-SYN-1605,2024-10-15 15:25:45,,0.96
VEHICLE_00534,PERSON_0793,commercial_van,SynModel-Z3,PUN-61-SYN-8826,2024-09-20 15:45:57,,0.92
VEHICLE_00535,PERSON_0233,two_wheeler,SynModel-B5,IND-85-SYN-5098,2024-01-09 05:51:32,,0.85
VEHICLE_00536,PERSON_1006,commercial_van,SynModel-A4,PUN-69-SYN-2170,2024-01-31 16:19:12,,0.82
VEHICLE_00537,PERSON_0734,SUV,SynModel-Y2,DEL-61-SYN-8967,2021-10-13 12:10:46,,0.89
VEHICLE_00538,PERSON_0410,SUV,SynModel-A4,JAI-29-SYN-3295,2026-04-14 07:45:50,,0.91
VEHICLE_00539,PERSON_0399,sedan,SynModel-X1,DEL-84-SYN-1262,2025-10-13 09:11:23,,0.94
VEHICLE_00540,PERSON_0981,commercial_van,SynModel-B5,BHO-13-SYN-8061,2025-03-01 13:51:02,,0.97
VEHICLE_00541,PERSON_1387,commercial_van,SynModel-B5,HYD-97-SYN-4922,2024-06-27 05:47:03,,0.87
VEHICLE_00542,PERSON_0633,commercial_van,SynModel-Z3,MUM-68-SYN-7693,2023-08-10 16:09:50,,0.87
VEHICLE_00543,PERSON_1384,SUV,SynModel-A4,HYD-52-SYN-8605,2024-10-14 07:49:18,,0.84
VEHICLE_00544,PERSON_0732,commercial_van,SynModel-X1,PUN-47-SYN-2641,2022-05-30 11:06:46,,0.91
VEHICLE_00545,PERSON_0164,hatchback,SynModel-A4,MUM-38-SYN-5752,2025-10-28 09:34:01,,0.97
VEHICLE_00546,PERSON_1245,hatchback,SynModel-X1,BHO-15-SYN-6044,2024-02-07 03:27:29,,0.88
VEHICLE_00547,PERSON_0765,SUV,SynModel-B5,DEL-43-SYN-3353,2024-11-09 12:50:31,,0.89
VEHICLE_00548,PERSON_1295,hatchback,SynModel-A4,BHO-92-SYN-7357,2025-11-05 21:17:28,,0.88
VEHICLE_00549,PERSON_0515,SUV,SynModel-Z3,MUM-23-SYN-4884,2025-03-16 04:13:10,,0.93
VEHICLE_00550,PERSON_1289,hatchback,SynModel-Z3,JAI-39-SYN-9320,2025-11-28 01:49:04,,0.92
VEHICLE_00551,PERSON_0171,sedan,SynModel-B5,HYD-19-SYN-6406,2023-11-15 23:07:14,,0.84
VEHICLE_00552,PERSON_0617,sedan,SynModel-Y2,AHM-26-SYN-5637,2026-03-16 03:59:09,,0.91
VEHICLE_00553,PERSON_0184,SUV,SynModel-Y2,HYD-51-SYN-4498,2022-01-04 02:56:34,,0.82
VEHICLE_00554,PERSON_1349,hatchback,SynModel-B5,AHM-99-SYN-5222,2022-05-11 03:01:25,,0.92
VEHICLE_00555,PERSON_0708,SUV,SynModel-X1,BHO-43-SYN-9741,2022-03-21 04:53:09,,0.9
VEHICLE_00556,PERSON_1452,sedan,SynModel-Z3,BHO-50-SYN-8378,2026-01-20 14:45:14,,0.84
VEHICLE_00557,PERSON_0613,commercial_van,SynModel-A4,DEL-36-SYN-1252,2023-09-04 19:44:10,,0.91
VEHICLE_00558,PERSON_0431,sedan,SynModel-Z3,DEL-19-SYN-7943,2025-01-18 22:05:29,,0.8
VEHICLE_00559,PERSON_0686,hatchback,SynModel-B5,MUM-46-SYN-9545,2022-07-13 11:16:09,,0.92
VEHICLE_00560,PERSON_0268,SUV,SynModel-A4,DEL-59-SYN-9768,2022-01-20 03:04:18,,0.95
VEHICLE_00561,PERSON_0103,two_wheeler,SynModel-B5,JAI-98-SYN-1688,2024-04-28 09:21:23,,0.97
VEHICLE_00562,PERSON_1385,SUV,SynModel-B5,HYD-10-SYN-7780,2024-06-13 14:51:38,,0.88
VEHICLE_00563,PERSON_0279,sedan,SynModel-B5,JAI-98-SYN-8972,2024-02-27 11:16:39,,0.92
VEHICLE_00564,PERSON_1401,commercial_van,SynModel-Y2,CHD-33-SYN-1407,2022-10-06 14:13:39,,0.94
VEHICLE_00565,PERSON_1359,hatchback,SynModel-X1,PUN-35-SYN-1758,2024-12-18 20:23:05,,0.97
VEHICLE_00566,PERSON_1172,sedan,SynModel-A4,BHO-25-SYN-9038,2025-02-10 05:55:05,,0.99
VEHICLE_00567,PERSON_0432,sedan,SynModel-A4,CHD-66-SYN-9922,2025-12-24 16:44:21,,0.91
VEHICLE_00568,PERSON_0974,two_wheeler,SynModel-A4,MUM-75-SYN-7443,2022-01-18 00:44:01,,0.94
VEHICLE_00569,PERSON_1358,two_wheeler,SynModel-X1,CHD-33-SYN-2379,2021-07-28 20:17:34,,0.9
VEHICLE_00570,PERSON_0627,SUV,SynModel-Y2,DEL-47-SYN-5008,2023-01-20 13:05:52,,0.96
VEHICLE_00571,PERSON_0236,sedan,SynModel-X1,AHM-18-SYN-1171,2022-01-13 22:52:19,,0.98
VEHICLE_00572,PERSON_1191,commercial_van,SynModel-B5,DEL-94-SYN-2804,2023-01-14 04:34:46,,0.92
VEHICLE_00573,PERSON_0678,SUV,SynModel-Y2,JAI-17-SYN-5071,2025-08-16 12:47:06,,0.95
VEHICLE_00574,PERSON_1398,sedan,SynModel-X1,CHD-19-SYN-5452,2022-02-16 02:08:02,,0.89
VEHICLE_00575,PERSON_0155,commercial_van,SynModel-Y2,HYD-59-SYN-7908,2024-04-18 17:55:02,,0.81
VEHICLE_00576,PERSON_0934,sedan,SynModel-B5,HYD-39-SYN-1475,2026-04-25 02:44:37,,0.96
VEHICLE_00577,PERSON_0900,two_wheeler,SynModel-B5,MUM-74-SYN-8987,2024-08-14 03:33:33,,0.88
VEHICLE_00578,PERSON_1312,two_wheeler,SynModel-Y2,LKO-38-SYN-6987,2024-10-03 16:30:09,,0.99
VEHICLE_00579,PERSON_0177,sedan,SynModel-Z3,BHO-43-SYN-8215,2021-09-24 02:33:39,,0.85
VEHICLE_00580,PERSON_1338,two_wheeler,SynModel-Z3,HYD-21-SYN-9392,2025-08-18 01:45:09,,0.87
VEHICLE_00581,PERSON_1035,sedan,SynModel-Z3,MUM-13-SYN-2003,2022-04-18 21:50:53,,0.91
VEHICLE_00582,PERSON_0829,two_wheeler,SynModel-B5,MUM-37-SYN-2427,2024-08-15 14:14:05,,0.92
VEHICLE_00583,PERSON_0452,two_wheeler,SynModel-Z3,JAI-15-SYN-2312,2024-03-20 05:39:18,,0.99
VEHICLE_00584,PERSON_1111,hatchback,SynModel-B5,JAI-54-SYN-3749,2023-05-25 10:00:44,,0.83
VEHICLE_00585,PERSON_1381,two_wheeler,SynModel-Y2,BHO-97-SYN-7564,2023-05-21 20:52:42,,0.88
VEHICLE_00586,PERSON_0533,SUV,SynModel-A4,BHO-33-SYN-6597,2024-10-25 12:11:39,,0.84
VEHICLE_00587,PERSON_1302,hatchback,SynModel-Y2,HYD-17-SYN-5861,2024-09-12 03:57:43,,0.85
VEHICLE_00588,PERSON_0191,sedan,SynModel-Z3,HYD-32-SYN-7970,2022-04-19 09:02:05,,0.94
VEHICLE_00589,PERSON_1227,hatchback,SynModel-X1,MUM-98-SYN-5030,2023-07-28 17:06:49,,0.95
VEHICLE_00590,PERSON_0438,sedan,SynModel-X1,LKO-58-SYN-4837,2022-02-17 05:24:17,,0.8
VEHICLE_00591,PERSON_0404,two_wheeler,SynModel-X1,CHD-68-SYN-7209,2022-10-31 15:13:19,,0.89
VEHICLE_00592,PERSON_1228,commercial_van,SynModel-B5,BHO-89-SYN-1871,2022-03-28 07:52:00,,0.95
VEHICLE_00593,PERSON_0696,two_wheeler,SynModel-X1,DEL-39-SYN-5448,2025-03-29 21:44:54,,0.93
VEHICLE_00594,PERSON_0803,hatchback,SynModel-B5,IND-85-SYN-3116,2024-03-08 18:54:33,,0.98
VEHICLE_00595,PERSON_0301,hatchback,SynModel-Y2,DEL-10-SYN-6817,2022-08-12 11:52:54,,0.92
VEHICLE_00596,PERSON_0914,commercial_van,SynModel-A4,PUN-21-SYN-5264,2025-08-25 00:02:18,,0.98
VEHICLE_00597,PERSON_0975,commercial_van,SynModel-B5,DEL-41-SYN-8161,2025-05-22 08:37:09,,0.86
VEHICLE_00598,PERSON_1404,two_wheeler,SynModel-X1,DEL-45-SYN-2315,2023-07-24 20:34:49,,0.98
VEHICLE_00599,PERSON_0811,SUV,SynModel-Z3,DEL-17-SYN-6444,2024-12-10 22:14:19,,0.86
VEHICLE_00600,PERSON_0470,hatchback,SynModel-Z3,DEL-53-SYN-2557,2026-03-30 04:05:29,,0.86
VEHICLE_00601,PERSON_0592,sedan,SynModel-Z3,DEL-62-SYN-4666,2023-07-31 16:08:19,,0.96
VEHICLE_00602,PERSON_0939,hatchback,SynModel-Z3,CHD-58-SYN-5105,2024-01-05 11:21:08,,0.87
VEHICLE_00603,PERSON_0695,commercial_van,SynModel-Y2,IND-33-SYN-7398,2025-01-03 15:40:45,,0.88
VEHICLE_00604,PERSON_0549,SUV,SynModel-X1,LKO-17-SYN-5069,2025-09-26 16:27:00,,0.9
VEHICLE_00605,PERSON_0073,commercial_van,SynModel-Y2,AHM-95-SYN-4406,2023-07-09 04:30:51,,0.98
VEHICLE_00606,PERSON_0808,commercial_van,SynModel-B5,IND-76-SYN-5356,2023-01-29 12:10:09,,0.83
VEHICLE_00607,PERSON_0188,SUV,SynModel-Z3,DEL-13-SYN-7375,2021-08-27 08:48:55,,0.96
VEHICLE_00608,PERSON_0106,sedan,SynModel-B5,HYD-44-SYN-4030,2022-09-09 07:54:03,,0.84
VEHICLE_00609,PERSON_0377,two_wheeler,SynModel-B5,IND-74-SYN-5738,2021-11-25 05:54:55,,0.92
VEHICLE_00610,PERSON_1040,SUV,SynModel-A4,MUM-46-SYN-9527,2025-08-29 20:27:35,,0.96
VEHICLE_00611,PERSON_1166,sedan,SynModel-Z3,CHD-70-SYN-5100,2023-05-14 10:59:11,,0.87
VEHICLE_00612,PERSON_1010,hatchback,SynModel-Y2,IND-86-SYN-3250,2023-06-03 23:27:00,,0.96
VEHICLE_00613,PERSON_0468,sedan,SynModel-A4,PUN-61-SYN-9985,2025-10-30 17:22:35,,0.98
VEHICLE_00614,PERSON_1257,SUV,SynModel-X1,HYD-69-SYN-4723,2022-10-01 12:08:38,,0.8
VEHICLE_00615,PERSON_1448,hatchback,SynModel-A4,IND-67-SYN-1857,2023-10-19 14:25:49,,0.89
VEHICLE_00616,PERSON_0362,sedan,SynModel-Z3,JAI-59-SYN-8288,2025-09-30 21:49:11,,0.97
VEHICLE_00617,PERSON_0041,SUV,SynModel-X1,JAI-49-SYN-5061,2024-12-25 07:59:49,,0.89
VEHICLE_00618,PERSON_0825,sedan,SynModel-Z3,CHD-99-SYN-9585,2024-01-12 15:05:20,,0.98
VEHICLE_00619,PERSON_0082,two_wheeler,SynModel-Z3,JAI-97-SYN-6111,2021-11-26 23:41:33,,0.86
VEHICLE_00620,PERSON_0648,SUV,SynModel-A4,MUM-29-SYN-4513,2022-01-07 11:31:35,,0.87
VEHICLE_00621,PERSON_0269,SUV,SynModel-A4,IND-14-SYN-3785,2025-07-03 08:19:48,,0.93
VEHICLE_00622,PERSON_1141,hatchback,SynModel-B5,DEL-22-SYN-2836,2023-11-18 15:17:33,,0.97
VEHICLE_00623,PERSON_0329,SUV,SynModel-A4,CHD-65-SYN-7755,2025-04-07 08:28:11,,0.88
VEHICLE_00624,PERSON_1373,hatchback,SynModel-A4,JAI-99-SYN-1412,2025-05-23 00:14:28,,0.83
VEHICLE_00625,PERSON_1073,two_wheeler,SynModel-Y2,CHD-67-SYN-4244,2024-08-25 07:51:45,,0.89
VEHICLE_00626,PERSON_1497,two_wheeler,SynModel-Z3,MUM-72-SYN-8025,2024-03-24 16:52:03,,0.83
VEHICLE_00627,PERSON_0352,sedan,SynModel-X1,JAI-64-SYN-2272,2026-04-21 17:20:51,,0.81
VEHICLE_00628,PERSON_0972,two_wheeler,SynModel-B5,BHO-25-SYN-5581,2025-10-02 22:37:19,,0.94
VEHICLE_00629,PERSON_0454,SUV,SynModel-Y2,LKO-41-SYN-1957,2022-07-02 11:36:20,,0.84
VEHICLE_00630,PERSON_0771,sedan,SynModel-B5,DEL-37-SYN-2731,2022-04-10 19:54:59,,0.96
VEHICLE_00631,PERSON_0919,hatchback,SynModel-Y2,CHD-24-SYN-2102,2024-04-17 15:54:50,,0.84
VEHICLE_00632,PERSON_0034,commercial_van,SynModel-Y2,HYD-77-SYN-3450,2024-12-23 10:06:03,,0.96
VEHICLE_00633,PERSON_0889,two_wheeler,SynModel-Y2,LKO-44-SYN-6567,2022-09-30 10:14:27,,0.92
VEHICLE_00634,PERSON_0531,hatchback,SynModel-Z3,CHD-14-SYN-8697,2023-08-20 04:38:14,,0.84
VEHICLE_00635,PERSON_0493,commercial_van,SynModel-A4,IND-11-SYN-2560,2025-04-30 02:36:40,,0.88
VEHICLE_00636,PERSON_0690,hatchback,SynModel-X1,IND-51-SYN-3959,2025-07-02 02:20:53,,0.9
VEHICLE_00637,PERSON_0524,SUV,SynModel-Y2,JAI-40-SYN-1435,2023-08-22 14:29:34,,0.91
VEHICLE_00638,PERSON_1365,hatchback,SynModel-Y2,IND-91-SYN-5580,2025-12-30 10:12:19,,0.87
VEHICLE_00639,PERSON_1272,commercial_van,SynModel-Y2,AHM-37-SYN-2397,2025-01-09 12:51:27,,0.92
VEHICLE_00640,PERSON_1487,hatchback,SynModel-Z3,AHM-99-SYN-2233,2023-11-07 11:36:17,,0.9
VEHICLE_00641,PERSON_0660,sedan,SynModel-Z3,IND-62-SYN-5100,2023-11-12 13:58:20,,0.8
VEHICLE_00642,PERSON_0729,SUV,SynModel-A4,JAI-23-SYN-4502,2021-11-08 01:36:34,,0.9
VEHICLE_00643,PERSON_0614,two_wheeler,SynModel-A4,CHD-61-SYN-4328,2021-07-22 01:48:19,,0.86
VEHICLE_00644,PERSON_0208,sedan,SynModel-X1,CHD-32-SYN-9508,2021-12-29 03:36:58,,0.89
VEHICLE_00645,PERSON_1089,SUV,SynModel-B5,LKO-66-SYN-4572,2024-04-13 15:26:02,,0.94
VEHICLE_00646,PERSON_1054,commercial_van,SynModel-X1,CHD-99-SYN-3136,2026-02-27 19:21:53,,0.93
VEHICLE_00647,PERSON_1417,two_wheeler,SynModel-Z3,BHO-94-SYN-5137,2024-01-22 21:52:24,,0.8
VEHICLE_00648,PERSON_0144,SUV,SynModel-Z3,JAI-65-SYN-5480,2025-05-10 18:46:37,,0.96
VEHICLE_00649,PERSON_0514,commercial_van,SynModel-A4,CHD-55-SYN-6761,2021-09-23 18:32:05,,0.82
VEHICLE_00650,PERSON_0303,two_wheeler,SynModel-B5,MUM-81-SYN-2331,2022-07-29 19:27:16,,0.97
VEHICLE_00651,PERSON_1491,commercial_van,SynModel-Y2,BHO-89-SYN-5450,2023-03-19 21:56:41,,0.89
VEHICLE_00652,PERSON_0978,commercial_van,SynModel-X1,BHO-65-SYN-2238,2022-04-13 20:30:54,,0.88
VEHICLE_00653,PERSON_0717,two_wheeler,SynModel-B5,CHD-56-SYN-5944,2023-06-28 01:13:37,,0.83
VEHICLE_00654,PERSON_1356,SUV,SynModel-B5,MUM-54-SYN-7453,2025-11-25 05:19:21,,0.87
VEHICLE_00655,PERSON_0976,commercial_van,SynModel-A4,BHO-37-SYN-6515,2023-11-06 14:39:36,,0.9
VEHICLE_00656,PERSON_0786,two_wheeler,SynModel-B5,MUM-13-SYN-2402,2022-05-31 12:22:09,,0.88
VEHICLE_00657,PERSON_0516,two_wheeler,SynModel-A4,DEL-14-SYN-3128,2022-01-22 10:48:46,,0.82
VEHICLE_00658,PERSON_0264,two_wheeler,SynModel-X1,LKO-43-SYN-3161,2025-06-19 06:27:15,,0.99
VEHICLE_00659,PERSON_1435,sedan,SynModel-B5,HYD-10-SYN-1236,2025-08-06 07:58:14,,0.86
VEHICLE_00660,PERSON_1403,commercial_van,SynModel-Y2,CHD-69-SYN-5074,2021-09-28 14:48:57,,0.83
VEHICLE_00661,PERSON_0700,hatchback,SynModel-X1,IND-94-SYN-1849,2025-01-10 07:47:07,,0.9
VEHICLE_00662,PERSON_0723,SUV,SynModel-Z3,IND-55-SYN-1654,2023-01-15 01:43:47,,0.87
VEHICLE_00663,PERSON_0865,commercial_van,SynModel-X1,PUN-14-SYN-7821,2022-11-18 11:20:45,,0.95
VEHICLE_00664,PERSON_0375,SUV,SynModel-B5,AHM-90-SYN-6335,2022-11-29 11:26:35,,0.84
VEHICLE_00665,PERSON_0787,commercial_van,SynModel-X1,HYD-20-SYN-3784,2024-09-02 00:03:08,,0.83
VEHICLE_00666,PERSON_0275,commercial_van,SynModel-B5,DEL-62-SYN-2400,2022-08-29 05:24:20,,0.82
VEHICLE_00667,PERSON_1393,hatchback,SynModel-X1,DEL-18-SYN-6205,2021-10-22 07:51:58,,0.86
VEHICLE_00668,PERSON_0990,SUV,SynModel-Y2,JAI-89-SYN-4110,2023-10-14 22:51:51,,0.86
VEHICLE_00669,PERSON_0201,SUV,SynModel-A4,IND-71-SYN-5555,2025-03-28 13:24:21,,0.84
VEHICLE_00670,PERSON_0966,commercial_van,SynModel-Y2,BHO-14-SYN-4645,2021-09-05 12:12:01,,0.85
VEHICLE_00671,PERSON_0933,hatchback,SynModel-A4,HYD-87-SYN-2378,2023-05-07 20:15:14,,0.87
VEHICLE_00672,PERSON_1460,SUV,SynModel-X1,PUN-80-SYN-3476,2024-02-03 10:48:31,,0.84
VEHICLE_00673,PERSON_1155,two_wheeler,SynModel-Z3,MUM-60-SYN-1162,2026-02-28 09:48:47,,0.97
VEHICLE_00674,PERSON_0088,two_wheeler,SynModel-Z3,IND-55-SYN-3622,2023-08-28 23:38:42,,0.9
VEHICLE_00675,PERSON_1058,two_wheeler,SynModel-Z3,DEL-84-SYN-8064,2023-08-06 11:14:26,,0.9
VEHICLE_00676,PERSON_0911,commercial_van,SynModel-Z3,DEL-76-SYN-2895,2022-09-30 05:02:55,,0.88
VEHICLE_00677,PERSON_0307,SUV,SynModel-Z3,DEL-34-SYN-2413,2023-11-28 13:04:03,,0.81
VEHICLE_00678,PERSON_0484,two_wheeler,SynModel-X1,JAI-58-SYN-2293,2025-02-09 20:27:44,,0.83
VEHICLE_00679,PERSON_1461,commercial_van,SynModel-X1,JAI-37-SYN-3998,2023-04-13 19:48:36,,0.94
VEHICLE_00680,PERSON_1231,hatchback,SynModel-Y2,IND-57-SYN-9102,2023-01-14 12:14:16,,0.81
VEHICLE_00681,PERSON_1196,sedan,SynModel-Z3,HYD-31-SYN-7717,2023-07-10 23:37:13,,0.87
VEHICLE_00682,PERSON_1044,SUV,SynModel-B5,BHO-94-SYN-8173,2022-07-13 22:42:04,,0.97
VEHICLE_00683,PERSON_0112,two_wheeler,SynModel-X1,PUN-99-SYN-5411,2024-12-23 14:49:49,,0.85
VEHICLE_00684,PERSON_0199,two_wheeler,SynModel-B5,DEL-27-SYN-5676,2025-05-03 12:19:10,,0.86
VEHICLE_00685,PERSON_1313,SUV,SynModel-X1,PUN-42-SYN-6307,2024-02-02 20:45:15,,0.85
VEHICLE_00686,PERSON_0560,hatchback,SynModel-B5,LKO-79-SYN-1223,2023-03-14 17:15:05,,0.89
VEHICLE_00687,PERSON_0888,two_wheeler,SynModel-B5,MUM-75-SYN-2450,2021-08-29 17:34:48,,0.91
VEHICLE_00688,PERSON_1248,SUV,SynModel-Z3,BHO-56-SYN-8193,2025-10-03 04:17:41,,0.92
VEHICLE_00689,PERSON_0050,commercial_van,SynModel-Y2,HYD-20-SYN-3216,2022-12-21 16:57:22,,0.94
VEHICLE_00690,PERSON_1463,hatchback,SynModel-B5,MUM-46-SYN-7652,2026-02-22 21:26:27,,0.93
VEHICLE_00691,PERSON_0845,sedan,SynModel-Y2,DEL-27-SYN-4180,2023-10-23 08:20:33,,0.98
VEHICLE_00692,PERSON_0391,SUV,SynModel-A4,HYD-18-SYN-6200,2022-10-15 22:07:00,,0.91
VEHICLE_00693,PERSON_0702,hatchback,SynModel-A4,AHM-78-SYN-3153,2022-01-29 23:13:24,,0.97
VEHICLE_00694,PERSON_0646,two_wheeler,SynModel-B5,AHM-52-SYN-9043,2025-06-16 07:00:07,,0.94
VEHICLE_00695,PERSON_1446,hatchback,SynModel-A4,HYD-57-SYN-2102,2023-11-07 17:27:53,,0.83
VEHICLE_00696,PERSON_0114,sedan,SynModel-A4,DEL-21-SYN-2228,2024-03-20 06:20:57,,0.93
VEHICLE_00697,PERSON_0824,sedan,SynModel-A4,MUM-11-SYN-2757,2023-08-27 07:35:07,,0.92
VEHICLE_00698,PERSON_1447,commercial_van,SynModel-B5,CHD-57-SYN-5510,2022-10-13 08:03:28,,0.96
VEHICLE_00699,PERSON_0941,sedan,SynModel-X1,JAI-10-SYN-5841,2022-01-25 17:15:54,,0.87
VEHICLE_00700,PERSON_1137,SUV,SynModel-X1,IND-57-SYN-4799,2022-07-01 06:53:55,,0.95
VEHICLE_00701,PERSON_1220,two_wheeler,SynModel-B5,PUN-39-SYN-3262,2025-11-16 12:00:55,,0.89
VEHICLE_00702,PERSON_1481,hatchback,SynModel-Y2,MUM-84-SYN-1231,2024-07-11 03:44:43,,0.83
VEHICLE_00703,PERSON_1012,commercial_van,SynModel-A4,CHD-87-SYN-4268,2022-04-20 12:26:55,,0.86
VEHICLE_00704,PERSON_0085,commercial_van,SynModel-X1,AHM-77-SYN-9508,2025-10-14 11:49:15,,0.93
VEHICLE_00705,PERSON_0283,sedan,SynModel-X1,HYD-93-SYN-6182,2025-09-15 02:14:46,,0.98
VEHICLE_00706,PERSON_0665,commercial_van,SynModel-X1,BHO-62-SYN-7391,2023-08-18 09:00:19,,0.92
VEHICLE_00707,PERSON_0132,hatchback,SynModel-Z3,CHD-25-SYN-3137,2022-04-16 19:51:51,,0.89
VEHICLE_00708,PERSON_1474,SUV,SynModel-A4,BHO-13-SYN-6149,2025-05-15 02:32:56,,0.84
VEHICLE_00709,PERSON_0342,SUV,SynModel-Y2,AHM-20-SYN-1601,2024-05-02 21:54:32,,0.91
VEHICLE_00710,PERSON_0621,hatchback,SynModel-B5,BHO-98-SYN-3942,2021-12-31 10:58:38,,0.94
VEHICLE_00711,PERSON_1033,two_wheeler,SynModel-X1,BHO-35-SYN-5111,2024-09-12 21:32:53,,0.98
VEHICLE_00712,PERSON_1500,two_wheeler,SynModel-Y2,HYD-80-SYN-2531,2025-01-10 20:29:50,,0.95
VEHICLE_00713,PERSON_1206,two_wheeler,SynModel-X1,PUN-96-SYN-1397,2024-04-10 14:02:58,,0.91
VEHICLE_00714,PERSON_1209,SUV,SynModel-Z3,IND-68-SYN-6551,2025-04-02 13:20:49,,0.82
VEHICLE_00715,PERSON_0079,commercial_van,SynModel-A4,IND-41-SYN-6361,2025-03-07 21:41:13,,0.84
VEHICLE_00716,PERSON_1243,SUV,SynModel-X1,IND-38-SYN-8461,2025-06-15 09:48:40,,0.86
VEHICLE_00717,PERSON_0005,SUV,SynModel-X1,DEL-87-SYN-9186,2024-01-26 21:38:28,,0.93
VEHICLE_00718,PERSON_0063,SUV,SynModel-X1,DEL-37-SYN-3123,2025-04-26 17:32:41,,0.88
VEHICLE_00719,PERSON_0796,commercial_van,SynModel-Z3,JAI-32-SYN-7697,2023-06-28 14:49:34,,0.92
VEHICLE_00720,PERSON_1419,SUV,SynModel-A4,PUN-64-SYN-2667,2023-02-25 04:34:36,,0.98
VEHICLE_00721,PERSON_0220,commercial_van,SynModel-B5,HYD-67-SYN-1006,2022-01-06 08:47:15,,0.97
VEHICLE_00722,PERSON_0885,hatchback,SynModel-Y2,LKO-48-SYN-2814,2024-03-24 17:48:48,,0.83
VEHICLE_00723,PERSON_0153,SUV,SynModel-X1,DEL-42-SYN-6637,2021-11-08 07:03:45,,0.84
VEHICLE_00724,PERSON_0308,sedan,SynModel-A4,AHM-44-SYN-7893,2022-06-05 16:22:38,,0.86
VEHICLE_00725,PERSON_0897,SUV,SynModel-X1,BHO-92-SYN-4634,2023-10-16 14:27:25,,0.85
VEHICLE_00726,PERSON_0826,two_wheeler,SynModel-Y2,LKO-23-SYN-8923,2022-01-13 10:06:12,,0.99
VEHICLE_00727,PERSON_0204,two_wheeler,SynModel-B5,LKO-72-SYN-5959,2026-02-25 05:44:36,,0.93
VEHICLE_00728,PERSON_0302,SUV,SynModel-Y2,AHM-62-SYN-5392,2026-04-10 19:33:58,,0.98
VEHICLE_00729,PERSON_0517,sedan,SynModel-B5,AHM-45-SYN-2311,2023-09-09 13:40:28,,0.93
VEHICLE_00730,PERSON_0296,two_wheeler,SynModel-Z3,CHD-61-SYN-9618,2024-05-28 22:11:41,,0.9
VEHICLE_00731,PERSON_1279,sedan,SynModel-Z3,IND-72-SYN-5884,2024-01-28 07:01:31,,0.95
VEHICLE_00732,PERSON_0383,two_wheeler,SynModel-Z3,HYD-33-SYN-1790,2021-08-27 16:54:33,,0.84
VEHICLE_00733,PERSON_0996,commercial_van,SynModel-X1,AHM-93-SYN-6430,2024-05-23 10:51:02,,0.93
VEHICLE_00734,PERSON_0130,two_wheeler,SynModel-Y2,MUM-26-SYN-2752,2024-04-01 10:40:00,,0.9
VEHICLE_00735,PERSON_1134,two_wheeler,SynModel-B5,MUM-31-SYN-9382,2025-08-25 15:36:09,,0.85
VEHICLE_00736,PERSON_0101,hatchback,SynModel-Z3,AHM-81-SYN-4467,2023-06-22 22:35:18,,0.96
VEHICLE_00737,PERSON_1265,two_wheeler,SynModel-Z3,MUM-82-SYN-7237,2024-08-29 02:21:55,,0.81
VEHICLE_00738,PERSON_1185,sedan,SynModel-Y2,DEL-87-SYN-6378,2024-09-20 22:28:31,,0.9
VEHICLE_00739,PERSON_1276,SUV,SynModel-Z3,CHD-57-SYN-2392,2024-12-02 12:40:15,,0.91
VEHICLE_00740,PERSON_0072,commercial_van,SynModel-X1,JAI-56-SYN-9072,2024-08-23 08:19:19,,0.88
VEHICLE_00741,PERSON_0693,sedan,SynModel-Z3,IND-24-SYN-4186,2024-12-26 02:50:25,,0.85
VEHICLE_00742,PERSON_0401,commercial_van,SynModel-A4,PUN-60-SYN-8573,2023-08-18 04:34:26,,0.81
VEHICLE_00743,PERSON_0697,two_wheeler,SynModel-Y2,CHD-11-SYN-1076,2022-12-04 02:41:45,,0.98
VEHICLE_00744,PERSON_1453,two_wheeler,SynModel-Y2,JAI-97-SYN-9293,2023-01-08 11:28:20,,0.81
VEHICLE_00745,PERSON_0262,sedan,SynModel-Y2,AHM-56-SYN-2639,2025-04-05 01:09:53,,0.89
VEHICLE_00746,PERSON_0503,commercial_van,SynModel-Z3,BHO-66-SYN-4818,2024-08-28 16:52:28,,0.96
VEHICLE_00747,PERSON_0827,two_wheeler,SynModel-X1,HYD-16-SYN-3800,2025-04-30 09:32:25,,0.85
VEHICLE_00748,PERSON_1438,hatchback,SynModel-X1,AHM-60-SYN-6201,2024-10-28 05:54:28,,0.92
VEHICLE_00749,PERSON_1139,SUV,SynModel-X1,MUM-30-SYN-3302,2022-08-21 04:51:59,,0.87
VEHICLE_00750,PERSON_0698,commercial_van,SynModel-A4,CHD-83-SYN-6702,2025-06-28 02:25:22,,0.86
VEHICLE_00751,PERSON_0602,commercial_van,SynModel-X1,IND-40-SYN-8739,2022-08-30 06:21:26,,0.9
VEHICLE_00752,PERSON_1046,hatchback,SynModel-Y2,IND-36-SYN-2498,2025-07-25 08:16:38,,0.94
VEHICLE_00753,PERSON_0371,sedan,SynModel-A4,BHO-11-SYN-7346,2021-08-18 07:29:03,,0.83
VEHICLE_00754,PERSON_0135,commercial_van,SynModel-B5,PUN-94-SYN-3226,2022-04-01 00:48:05,,0.92
VEHICLE_00755,PERSON_0774,commercial_van,SynModel-A4,BHO-84-SYN-8998,2025-05-30 14:32:32,,0.81
VEHICLE_00756,PERSON_0794,hatchback,SynModel-Y2,BHO-42-SYN-8335,2024-05-31 21:40:25,,0.98
VEHICLE_00757,PERSON_1369,commercial_van,SynModel-Y2,CHD-43-SYN-1963,2023-10-17 09:57:02,,0.86
VEHICLE_00758,PERSON_1039,hatchback,SynModel-B5,BHO-22-SYN-4452,2022-05-14 05:09:57,,0.82
VEHICLE_00759,PERSON_0561,two_wheeler,SynModel-Z3,LKO-64-SYN-8349,2025-03-27 14:31:01,,0.98
VEHICLE_00760,PERSON_1018,commercial_van,SynModel-A4,DEL-46-SYN-5131,2026-04-23 12:34:19,,0.97
VEHICLE_00761,PERSON_1212,sedan,SynModel-A4,MUM-16-SYN-8996,2024-06-21 16:40:19,,0.91
VEHICLE_00762,PERSON_0117,two_wheeler,SynModel-Z3,JAI-73-SYN-7705,2024-03-28 14:56:18,,0.85
