network_id,person_id,role
NET_001,PERSON_1476,UPSTREAM_COORDINATOR
NET_001,PERSON_0026,BROKER
NET_001,PERSON_0397,BROKER
NET_001,PERSON_0405,OPERATIONAL_MEMBER
NET_001,PERSON_1459,OPERATIONAL_MEMBER
NET_001,PERSON_0721,FINANCIAL_FACILITATOR
NET_001,PERSON_0553,HIGH_DEGREE_INNOCENT
NET_001,PERSON_0547,RECRUITER
NET_001,PERSON_1428,PERIPHERAL_ASSOCIATE
NET_001,PERSON_0994,PERIPHERAL_ASSOCIATE
NET_001,PERSON_1221,INNOCENT_CONTACT
NET_001,PERSON_0796,INNOCENT_CONTACT
NET_001,PERSON_1248,PERIPHERAL_ASSOCIATE
NET_001,PERSON_1213,PERIPHERAL_ASSOCIATE
NET_001,PERSON_0167,PERIPHERAL_ASSOCIATE
NET_002,PERSON_1104,UPSTREAM_COORDINATOR
NET_002,PERSON_1226,BROKER
NET_002,PERSON_0969,BROKER
NET_002,PERSON_0809,OPERATIONAL_MEMBER
NET_002,PERSON_0463,FINANCIAL_FACILITATOR
NET_002,PERSON_0993,PERIPHERAL_ASSOCIATE
NET_002,PERSON_0758,PERIPHERAL_ASSOCIATE
NET_002,PERSON_0829,PERIPHERAL_ASSOCIATE
NET_002,PERSON_1223,INNOCENT_CONTACT
NET_002,PERSON_0360,INNOCENT_CONTACT
NET_002,PERSON_0971,OPERATIONAL_MEMBER
NET_002,PERSON_0427,OPERATIONAL_MEMBER
NET_002,PERSON_0107,OPERATIONAL_MEMBER
NET_002,PERSON_0332,OPERATIONAL_MEMBER
NET_002,PERSON_1469,OPERATIONAL_MEMBER
NET_003,PERSON_0486,UPSTREAM_COORDINATOR
NET_003,PERSON_1343,PERIPHERAL_ASSOCIATE
NET_003,PERSON_0833,BROKER
NET_003,PERSON_1232,OPERATIONAL_MEMBER
NET_003,PERSON_0851,FINANCIAL_FACILITATOR
NET_003,PERSON_1337,PERIPHERAL_ASSOCIATE
NET_003,PERSON_0163,PERIPHERAL_ASSOCIATE
NET_003,PERSON_1031,PERIPHERAL_ASSOCIATE
NET_003,PERSON_0321,INNOCENT_CONTACT
NET_003,PERSON_1349,INNOCENT_CONTACT
NET_003,PERSON_0754,OPERATIONAL_MEMBER
NET_003,PERSON_0818,OPERATIONAL_MEMBER
NET_003,PERSON_0147,OPERATIONAL_MEMBER
NET_003,PERSON_0211,OPERATIONAL_MEMBER
NET_003,PERSON_0705,OPERATIONAL_MEMBER
NET_004,PERSON_1060,UPSTREAM_COORDINATOR
NET_004,PERSON_0720,BROKER
NET_004,PERSON_0950,BROKER
NET_004,PERSON_0096,OPERATIONAL_MEMBER
NET_004,PERSON_0606,FINANCIAL_FACILITATOR
NET_004,PERSON_0831,PERIPHERAL_ASSOCIATE
NET_004,PERSON_0909,PERIPHERAL_ASSOCIATE
NET_004,PERSON_0057,PERIPHERAL_ASSOCIATE
NET_004,PERSON_0977,INNOCENT_CONTACT
NET_004,PERSON_1443,INNOCENT_CONTACT
NET_004,PERSON_0677,OPERATIONAL_MEMBER
NET_004,PERSON_0029,OPERATIONAL_MEMBER
NET_004,PERSON_0962,OPERATIONAL_MEMBER
NET_004,PERSON_0998,OPERATIONAL_MEMBER
NET_004,PERSON_0194,OPERATIONAL_MEMBER
NET_005,PERSON_1008,UPSTREAM_COORDINATOR
NET_005,PERSON_0105,PERIPHERAL_ASSOCIATE
NET_005,PERSON_1002,BROKER
NET_005,PERSON_1269,OPERATIONAL_MEMBER
NET_005,PERSON_0807,FINANCIAL_FACILITATOR
NET_005,PERSON_0959,PERIPHERAL_ASSOCIATE
NET_005,PERSON_1363,PERIPHERAL_ASSOCIATE
NET_005,PERSON_1405,PERIPHERAL_ASSOCIATE
NET_005,PERSON_1044,INNOCENT_CONTACT
NET_005,PERSON_1092,INNOCENT_CONTACT
NET_005,PERSON_0748,OPERATIONAL_MEMBER
NET_005,PERSON_1103,OPERATIONAL_MEMBER
NET_005,PERSON_0650,OPERATIONAL_MEMBER
NET_005,PERSON_1468,OPERATIONAL_MEMBER
NET_005,PERSON_0591,OPERATIONAL_MEMBER
NET_006,PERSON_1190,UPSTREAM_COORDINATOR
NET_006,PERSON_1170,BROKER
NET_006,PERSON_0266,OPERATIONAL_MEMBER
NET_006,PERSON_0660,FINANCIAL_FACILITATOR
NET_006,PERSON_1352,HIGH_DEGREE_INNOCENT
NET_006,PERSON_0219,PERIPHERAL_ASSOCIATE
NET_006,PERSON_1286,PERIPHERAL_ASSOCIATE
NET_006,PERSON_0854,PERIPHERAL_ASSOCIATE
NET_006,PERSON_1188,INNOCENT_CONTACT
NET_006,PERSON_1282,INNOCENT_CONTACT
NET_006,PERSON_1066,PERIPHERAL_ASSOCIATE
NET_006,PERSON_1056,PERIPHERAL_ASSOCIATE
NET_006,PERSON_1186,PERIPHERAL_ASSOCIATE
NET_006,PERSON_0790,PERIPHERAL_ASSOCIATE
NET_006,PERSON_0937,PERIPHERAL_ASSOCIATE
NET_007,PERSON_1499,UPSTREAM_COORDINATOR
NET_007,PERSON_0037,BROKER
NET_007,PERSON_1449,BROKER
NET_007,PERSON_1303,OPERATIONAL_MEMBER
NET_007,PERSON_0766,FINANCIAL_FACILITATOR
NET_007,PERSON_0171,PERIPHERAL_ASSOCIATE
NET_007,PERSON_0298,PERIPHERAL_ASSOCIATE
NET_007,PERSON_0022,PERIPHERAL_ASSOCIATE
NET_007,PERSON_0696,INNOCENT_CONTACT
NET_007,PERSON_0083,INNOCENT_CONTACT
NET_007,PERSON_1250,OPERATIONAL_MEMBER
NET_007,PERSON_0554,OPERATIONAL_MEMBER
NET_007,PERSON_1353,OPERATIONAL_MEMBER
NET_007,PERSON_0666,OPERATIONAL_MEMBER
NET_007,PERSON_1115,OPERATIONAL_MEMBER
NET_008,PERSON_0398,UPSTREAM_COORDINATOR
NET_008,PERSON_0736,BROKER
NET_008,PERSON_0785,OPERATIONAL_MEMBER
NET_008,PERSON_0198,FINANCIAL_FACILITATOR
NET_008,PERSON_1285,HIGH_DEGREE_INNOCENT
NET_008,PERSON_0370,PERIPHERAL_ASSOCIATE
NET_008,PERSON_0392,PERIPHERAL_ASSOCIATE
NET_008,PERSON_0970,PERIPHERAL_ASSOCIATE
NET_008,PERSON_0187,INNOCENT_CONTACT
NET_008,PERSON_0050,INNOCENT_CONTACT
NET_008,PERSON_1389,PERIPHERAL_ASSOCIATE
NET_008,PERSON_1438,PERIPHERAL_ASSOCIATE
NET_008,PERSON_0779,PERIPHERAL_ASSOCIATE
NET_008,PERSON_1063,PERIPHERAL_ASSOCIATE
NET_008,PERSON_0517,PERIPHERAL_ASSOCIATE
NET_009,PERSON_0671,UPSTREAM_COORDINATOR
NET_009,PERSON_0639,BROKER
NET_009,PERSON_1203,BROKER
NET_009,PERSON_0945,OPERATIONAL_MEMBER
NET_009,PERSON_0302,FINANCIAL_FACILITATOR
NET_009,PERSON_0500,PERIPHERAL_ASSOCIATE
NET_009,PERSON_1310,PERIPHERAL_ASSOCIATE
NET_009,PERSON_1461,PERIPHERAL_ASSOCIATE
NET_009,PERSON_0200,INNOCENT_CONTACT
NET_009,PERSON_0727,INNOCENT_CONTACT
NET_009,PERSON_0065,OPERATIONAL_MEMBER
NET_009,PERSON_0319,OPERATIONAL_MEMBER
NET_009,PERSON_0032,OPERATIONAL_MEMBER
NET_009,PERSON_0938,OPERATIONAL_MEMBER
NET_009,PERSON_0676,OPERATIONAL_MEMBER
NET_010,PERSON_0104,UPSTREAM_COORDINATOR
NET_010,PERSON_1433,BROKER
NET_010,PERSON_0551,OPERATIONAL_MEMBER
NET_010,PERSON_0180,OPERATIONAL_MEMBER
NET_010,PERSON_0030,OPERATIONAL_MEMBER
NET_010,PERSON_1483,FINANCIAL_FACILITATOR
NET_010,PERSON_0974,PERIPHERAL_ASSOCIATE
NET_010,PERSON_0067,PERIPHERAL_ASSOCIATE
NET_010,PERSON_0046,PERIPHERAL_ASSOCIATE
NET_010,PERSON_0985,INNOCENT_CONTACT
NET_010,PERSON_0467,INNOCENT_CONTACT
NET_010,PERSON_1171,RECRUITER
NET_010,PERSON_1341,RECRUITER
NET_010,PERSON_0713,RECRUITER
NET_010,PERSON_1035,RECRUITER
NET_011,PERSON_1242,UPSTREAM_COORDINATOR
NET_011,PERSON_1046,PERIPHERAL_ASSOCIATE
NET_011,PERSON_0256,BROKER
NET_011,PERSON_1376,OPERATIONAL_MEMBER
NET_011,PERSON_1412,FINANCIAL_FACILITATOR
NET_011,PERSON_0726,PERIPHERAL_ASSOCIATE
NET_011,PERSON_0788,PERIPHERAL_ASSOCIATE
NET_011,PERSON_1336,PERIPHERAL_ASSOCIATE
NET_011,PERSON_1206,INNOCENT_CONTACT
NET_011,PERSON_0698,INNOCENT_CONTACT
NET_011,PERSON_0504,OPERATIONAL_MEMBER
NET_011,PERSON_1007,OPERATIONAL_MEMBER
NET_011,PERSON_0048,OPERATIONAL_MEMBER
NET_011,PERSON_0376,OPERATIONAL_MEMBER
NET_011,PERSON_1464,OPERATIONAL_MEMBER
NET_012,PERSON_0423,UPSTREAM_COORDINATOR
NET_012,PERSON_0784,BROKER
NET_012,PERSON_0580,OPERATIONAL_MEMBER
NET_012,PERSON_0903,OPERATIONAL_MEMBER
NET_012,PERSON_0725,OPERATIONAL_MEMBER
NET_012,PERSON_1204,FINANCIAL_FACILITATOR
NET_012,PERSON_0857,PERIPHERAL_ASSOCIATE
NET_012,PERSON_0146,PERIPHERAL_ASSOCIATE
NET_012,PERSON_0618,PERIPHERAL_ASSOCIATE
NET_012,PERSON_0269,INNOCENT_CONTACT
NET_012,PERSON_0311,INNOCENT_CONTACT
NET_012,PERSON_0874,RECRUITER
NET_012,PERSON_0095,RECRUITER
NET_012,PERSON_0752,RECRUITER
NET_012,PERSON_0803,RECRUITER
