evidence_id,case_id,evidence_type,source_record_id,entity_id,related_entity_id,timestamp,description,reliability,confidence,supports_relationship,ground_truth_status
EVID_000001,CASE_0001,CDR,CALL_000001,PHONE_01476,PHONE_00026,2025-08-29 17:30:50,Call record linking PHONE_01476 and PHONE_00026 in the coordination chain.,0.878,0.73,,CONFIRMED
EVID_000002,CASE_0001,CDR,CALL_000002,PHONE_00026,PHONE_00397,2025-08-29 17:45:50,Call record linking PHONE_00026 and PHONE_00397 in the coordination chain.,0.963,0.643,,CONFIRMED
EVID_000003,CASE_0001,CDR,CALL_000003,PHONE_00397,PHONE_00405,2025-08-29 17:55:50,Call record linking PHONE_00397 and PHONE_00405 in the coordination chain.,0.964,0.598,,CONFIRMED
EVID_000004,CASE_0001,CDR,CALL_000004,PHONE_00405,PHONE_01459,2025-08-29 18:08:50,Call record linking PHONE_00405 and PHONE_01459 in the coordination chain.,0.962,0.69,,CONFIRMED
EVID_000005,CASE_0001,CDR,CALL_000005,PHONE_01459,PHONE_00405,2025-08-29 20:35:50,Call record linking PHONE_01459 and PHONE_00405 in the coordination chain.,0.95,0.767,,CONFIRMED
EVID_000006,CASE_0001,CDR,CALL_000006,PHONE_00405,PHONE_00397,2025-08-29 21:00:50,Call record linking PHONE_00405 and PHONE_00397 in the coordination chain.,0.961,0.57,,CONFIRMED
EVID_000007,CASE_0001,CDR,CALL_000007,PHONE_00397,PHONE_00026,2025-08-29 21:20:50,Call record linking PHONE_00397 and PHONE_00026 in the coordination chain.,0.868,0.973,,CONFIRMED
EVID_000008,CASE_0001,CDR,CALL_000008,PHONE_00026,PHONE_01476,2025-08-29 21:36:50,Call record linking PHONE_00026 and PHONE_01476 in the coordination chain.,0.926,0.914,,CONFIRMED
EVID_000009,CASE_0002,CDR,CALL_000018,PHONE_01104,PHONE_01226,2025-07-30 23:47:23,Call record linking PHONE_01104 and PHONE_01226 in the coordination chain.,0.964,0.958,,CONFIRMED
EVID_000010,CASE_0002,CDR,CALL_000019,PHONE_01226,PHONE_00969,2025-07-30 23:58:23,Call record linking PHONE_01226 and PHONE_00969 in the coordination chain.,0.941,0.588,,CONFIRMED
EVID_000011,CASE_0002,CDR,CALL_000020,PHONE_00969,PHONE_00809,2025-07-31 00:06:23,Call record linking PHONE_00969 and PHONE_00809 in the coordination chain.,0.957,0.849,,CONFIRMED
EVID_000012,CASE_0002,CDR,CALL_000021,PHONE_00809,PHONE_00969,2025-07-31 02:35:23,Call record linking PHONE_00809 and PHONE_00969 in the coordination chain.,0.962,0.612,,CONFIRMED
EVID_000013,CASE_0002,CDR,CALL_000022,PHONE_00969,PHONE_01226,2025-07-31 02:44:23,Call record linking PHONE_00969 and PHONE_01226 in the coordination chain.,0.932,0.686,,CONFIRMED
EVID_000014,CASE_0002,CDR,CALL_000023,PHONE_01226,PHONE_01104,2025-07-31 02:57:23,Call record linking PHONE_01226 and PHONE_01104 in the coordination chain.,0.881,0.635,,CONFIRMED
EVID_000015,CASE_0002,CDR,CALL_000024,PHONE_01104,PHONE_00969,2025-06-24 18:37:23,Call record linking PHONE_01104 and PHONE_00969 in the coordination chain.,0.924,0.876,,CONFIRMED
EVID_000016,CASE_0002,CDR,CALL_000025,PHONE_00809,PHONE_01104,2025-07-06 14:37:23,Call record linking PHONE_00809 and PHONE_01104 in the coordination chain.,0.889,0.703,,CONFIRMED
EVID_000049,CASE_0007,CDR,CALL_000075,PHONE_01499,PHONE_00037,2025-01-19 17:40:00,Call record linking PHONE_01499 and PHONE_00037 in the coordination chain.,0.862,0.93,,CONFIRMED
EVID_000050,CASE_0007,CDR,CALL_000076,PHONE_00037,PHONE_01449,2025-01-19 17:47:00,Call record linking PHONE_00037 and PHONE_01449 in the coordination chain.,0.937,0.895,,CONFIRMED
EVID_000051,CASE_0007,CDR,CALL_000077,PHONE_01449,PHONE_01303,2025-01-19 18:04:00,Call record linking PHONE_01449 and PHONE_01303 in the coordination chain.,0.964,0.945,,CONFIRMED
EVID_000052,CASE_0007,CDR,CALL_000078,PHONE_01303,PHONE_01449,2025-01-19 20:24:00,Call record linking PHONE_01303 and PHONE_01449 in the coordination chain.,0.858,0.965,,CONFIRMED
EVID_000053,CASE_0007,CDR,CALL_000079,PHONE_01449,PHONE_00037,2025-01-19 20:47:00,Call record linking PHONE_01449 and PHONE_00037 in the coordination chain.,0.966,0.68,,CONFIRMED
EVID_000054,CASE_0007,CDR,CALL_000080,PHONE_00037,PHONE_01499,2025-01-19 20:55:00,Call record linking PHONE_00037 and PHONE_01499 in the coordination chain.,0.911,0.664,,CONFIRMED
EVID_000055,CASE_0007,CDR,CALL_000081,PHONE_01449,PHONE_01499,2025-01-13 14:26:00,Call record linking PHONE_01449 and PHONE_01499 in the coordination chain.,0.869,0.955,,CONFIRMED
EVID_000056,CASE_0007,CDR,CALL_000082,PHONE_00037,PHONE_01449,2024-12-30 11:26:00,Call record linking PHONE_00037 and PHONE_01449 in the coordination chain.,0.962,0.847,,CONFIRMED
EVID_000057,CASE_0008,CDR,CALL_000086,PHONE_00398,PHONE_00736,2025-05-12 03:21:40,Call record linking PHONE_00398 and PHONE_00736 in the coordination chain.,0.898,0.696,,CONFIRMED
EVID_000058,CASE_0008,CDR,CALL_000087,PHONE_00736,PHONE_00785,2025-05-12 03:29:40,Call record linking PHONE_00736 and PHONE_00785 in the coordination chain.,0.95,0.88,,CONFIRMED
EVID_000059,CASE_0008,CDR,CALL_000088,PHONE_00785,PHONE_00736,2025-05-12 06:24:40,Call record linking PHONE_00785 and PHONE_00736 in the coordination chain.,0.871,0.946,,CONFIRMED
EVID_000060,CASE_0008,CDR,CALL_000089,PHONE_00736,PHONE_00398,2025-05-12 06:46:40,Call record linking PHONE_00736 and PHONE_00398 in the coordination chain.,0.859,0.728,,CONFIRMED
EVID_000061,CASE_0008,CDR,CALL_000090,PHONE_00785,PHONE_00736,2025-04-20 02:08:40,Call record linking PHONE_00785 and PHONE_00736 in the coordination chain.,0.954,0.784,,CONFIRMED
EVID_000062,CASE_0008,CDR,CALL_000091,PHONE_00785,PHONE_00398,2025-04-11 04:08:40,Call record linking PHONE_00785 and PHONE_00398 in the coordination chain.,0.885,0.913,,CONFIRMED
EVID_000063,CASE_0008,CDR,CALL_000092,PHONE_00398,PHONE_00785,2025-04-30 11:08:40,Call record linking PHONE_00398 and PHONE_00785 in the coordination chain.,0.939,0.704,,CONFIRMED
EVID_000064,CASE_0008,CDR,CALL_000093,PHONE_00736,PHONE_00398,2025-03-27 12:08:40,Call record linking PHONE_00736 and PHONE_00398 in the coordination chain.,0.916,0.609,,CONFIRMED
EVID_000065,CASE_0009,CDR,CALL_000095,PHONE_00671,PHONE_00639,2025-12-02 14:04:34,Call record linking PHONE_00671 and PHONE_00639 in the coordination chain.,0.882,0.949,,CONFIRMED
EVID_000066,CASE_0009,CDR,CALL_000096,PHONE_00639,PHONE_01203,2025-12-02 14:16:34,Call record linking PHONE_00639 and PHONE_01203 in the coordination chain.,0.923,0.536,,CONFIRMED
EVID_000067,CASE_0009,CDR,CALL_000097,PHONE_01203,PHONE_00945,2025-12-02 14:32:34,Call record linking PHONE_01203 and PHONE_00945 in the coordination chain.,0.878,0.885,,CONFIRMED
EVID_000068,CASE_0009,CDR,CALL_000098,PHONE_00945,PHONE_01203,2025-12-02 17:02:34,Call record linking PHONE_00945 and PHONE_01203 in the coordination chain.,0.887,0.577,,CONFIRMED
EVID_000069,CASE_0009,CDR,CALL_000099,PHONE_01203,PHONE_00639,2025-12-02 17:13:34,Call record linking PHONE_01203 and PHONE_00639 in the coordination chain.,0.855,0.76,,CONFIRMED
EVID_000070,CASE_0009,CDR,CALL_000100,PHONE_00639,PHONE_00671,2025-12-02 17:28:34,Call record linking PHONE_00639 and PHONE_00671 in the coordination chain.,0.924,0.562,,CONFIRMED
EVID_000071,CASE_0009,CDR,CALL_000101,PHONE_01203,PHONE_00639,2025-10-22 13:55:34,Call record linking PHONE_01203 and PHONE_00639 in the coordination chain.,0.958,0.781,,CONFIRMED
EVID_000072,CASE_0009,CDR,CALL_000102,PHONE_00639,PHONE_00945,2025-11-15 22:55:34,Call record linking PHONE_00639 and PHONE_00945 in the coordination chain.,0.87,0.843,,CONFIRMED
EVID_000073,CASE_0010,CDR,CALL_000106,PHONE_00104,PHONE_01433,2025-10-20 12:26:44,Call record linking PHONE_00104 and PHONE_01433 in the coordination chain.,0.9,0.651,,CONFIRMED
EVID_000074,CASE_0010,CDR,CALL_000107,PHONE_01433,PHONE_00551,2025-10-20 12:38:44,Call record linking PHONE_01433 and PHONE_00551 in the coordination chain.,0.945,0.924,,CONFIRMED
EVID_000075,CASE_0010,CDR,CALL_000108,PHONE_00551,PHONE_00180,2025-10-20 12:53:44,Call record linking PHONE_00551 and PHONE_00180 in the coordination chain.,0.966,0.921,,CONFIRMED
EVID_000076,CASE_0010,CDR,CALL_000109,PHONE_00180,PHONE_00030,2025-10-20 13:11:44,Call record linking PHONE_00180 and PHONE_00030 in the coordination chain.,0.915,0.834,,CONFIRMED
EVID_000077,CASE_0010,CDR,CALL_000110,PHONE_00030,PHONE_00180,2025-10-20 15:35:44,Call record linking PHONE_00030 and PHONE_00180 in the coordination chain.,0.907,0.685,,CONFIRMED
EVID_000078,CASE_0010,CDR,CALL_000111,PHONE_00180,PHONE_00551,2025-10-20 15:53:44,Call record linking PHONE_00180 and PHONE_00551 in the coordination chain.,0.876,0.77,,CONFIRMED
EVID_000079,CASE_0010,CDR,CALL_000112,PHONE_00551,PHONE_01433,2025-10-20 16:03:44,Call record linking PHONE_00551 and PHONE_01433 in the coordination chain.,0.969,0.792,,CONFIRMED
EVID_000080,CASE_0010,CDR,CALL_000113,PHONE_01433,PHONE_00104,2025-10-20 16:19:44,Call record linking PHONE_01433 and PHONE_00104 in the coordination chain.,0.902,0.546,,CONFIRMED
EVID_000081,CASE_0011,CDR,CALL_000122,PHONE_01242,PHONE_01046,2025-06-17 16:40:20,Call record linking PHONE_01242 and PHONE_01046 in the coordination chain.,0.854,0.658,,CONFIRMED
EVID_000082,CASE_0011,CDR,CALL_000123,PHONE_01046,PHONE_00256,2025-06-17 16:53:20,Call record linking PHONE_01046 and PHONE_00256 in the coordination chain.,0.916,0.876,,CONFIRMED
EVID_000083,CASE_0011,CDR,CALL_000124,PHONE_00256,PHONE_01376,2025-06-17 17:08:20,Call record linking PHONE_00256 and PHONE_01376 in the coordination chain.,0.85,0.841,,CONFIRMED
EVID_000084,CASE_0011,CDR,CALL_000125,PHONE_01376,PHONE_00256,2025-06-17 19:31:20,Call record linking PHONE_01376 and PHONE_00256 in the coordination chain.,0.88,0.677,,CONFIRMED
EVID_000085,CASE_0011,CDR,CALL_000126,PHONE_00256,PHONE_01046,2025-06-17 19:39:20,Call record linking PHONE_00256 and PHONE_01046 in the coordination chain.,0.941,0.519,,CONFIRMED
EVID_000086,CASE_0011,CDR,CALL_000127,PHONE_01046,PHONE_01242,2025-06-17 19:58:20,Call record linking PHONE_01046 and PHONE_01242 in the coordination chain.,0.878,0.705,,CONFIRMED
EVID_000087,CASE_0011,CDR,CALL_000128,PHONE_01242,PHONE_00256,2025-06-11 22:34:20,Call record linking PHONE_01242 and PHONE_00256 in the coordination chain.,0.932,0.811,,CONFIRMED
EVID_000088,CASE_0011,CDR,CALL_000129,PHONE_00256,PHONE_01242,2025-06-16 17:34:20,Call record linking PHONE_00256 and PHONE_01242 in the coordination chain.,0.903,0.59,,CONFIRMED
EVID_000089,CASE_0012,CDR,CALL_000133,PHONE_00423,PHONE_00784,2025-04-05 10:42:43,Call record linking PHONE_00423 and PHONE_00784 in the coordination chain.,0.951,0.784,,CONFIRMED
EVID_000090,CASE_0012,CDR,CALL_000134,PHONE_00784,PHONE_00580,2025-04-05 10:57:43,Call record linking PHONE_00784 and PHONE_00580 in the coordination chain.,0.942,0.702,,CONFIRMED
EVID_000091,CASE_0012,CDR,CALL_000135,PHONE_00580,PHONE_00903,2025-04-05 11:10:43,Call record linking PHONE_00580 and PHONE_00903 in the coordination chain.,0.911,0.867,,CONFIRMED
EVID_000092,CASE_0012,CDR,CALL_000136,PHONE_00903,PHONE_00725,2025-04-05 11:22:43,Call record linking PHONE_00903 and PHONE_00725 in the coordination chain.,0.855,0.605,,CONFIRMED
EVID_000093,CASE_0012,CDR,CALL_000137,PHONE_00725,PHONE_00903,2025-04-05 13:33:43,Call record linking PHONE_00725 and PHONE_00903 in the coordination chain.,0.953,0.768,,CONFIRMED
EVID_000094,CASE_0012,CDR,CALL_000138,PHONE_00903,PHONE_00580,2025-04-05 13:47:43,Call record linking PHONE_00903 and PHONE_00580 in the coordination chain.,0.942,0.568,,CONFIRMED
EVID_000095,CASE_0012,CDR,CALL_000139,PHONE_00580,PHONE_00784,2025-04-05 13:59:43,Call record linking PHONE_00580 and PHONE_00784 in the coordination chain.,0.962,0.802,,CONFIRMED
EVID_000096,CASE_0012,CDR,CALL_000140,PHONE_00784,PHONE_00423,2025-04-05 14:10:43,Call record linking PHONE_00784 and PHONE_00423 in the coordination chain.,0.893,0.761,,CONFIRMED
EVID_000097,CASE_0001,TRANSACTION,TXN_000001,ACCOUNT_00084,ACCOUNT_00114,2025-08-19 19:24:50,Financial transfer of amount 18885.32 possibly linked to network operation funding.,0.978,0.796,,CONFIRMED
EVID_000098,CASE_0001,TRANSACTION,TXN_000002,ACCOUNT_00114,ACCOUNT_00143,2025-08-20 15:24:50,Financial transfer of amount 14825.38 possibly linked to network operation funding.,0.953,0.831,,CONFIRMED
EVID_000099,CASE_0001,TRANSACTION,TXN_000003,ACCOUNT_00143,ACCOUNT_00050,2025-08-21 07:24:50,Financial transfer of amount 9322.76 possibly linked to network operation funding.,0.903,0.632,,CONFIRMED
EVID_000100,CASE_0001,TRANSACTION,TXN_000004,ACCOUNT_00050,ACCOUNT_00146,2025-08-21 19:24:50,Financial transfer of amount 7044.75 possibly linked to network operation funding.,0.948,0.72,,CONFIRMED
EVID_000101,CASE_0001,TRANSACTION,TXN_000005,ACCOUNT_00147,ACCOUNT_00084,2025-09-02 19:24:50,Financial transfer of amount 2674.08 possibly linked to network operation funding.,0.952,0.755,,CONFIRMED
EVID_000102,CASE_0002,TRANSACTION,TXN_000006,ACCOUNT_00109,ACCOUNT_00033,2025-07-27 01:37:23,Financial transfer of amount 33899.99 possibly linked to network operation funding.,0.914,0.59,,CONFIRMED
EVID_000103,CASE_0002,TRANSACTION,TXN_000007,ACCOUNT_00033,ACCOUNT_00026,2025-07-28 07:37:23,Financial transfer of amount 26636.04 possibly linked to network operation funding.,0.933,0.795,,CONFIRMED
EVID_000104,CASE_0002,TRANSACTION,TXN_000008,ACCOUNT_00026,ACCOUNT_00076,2025-07-29 13:37:23,Financial transfer of amount 18212.54 possibly linked to network operation funding.,0.918,0.621,,CONFIRMED
EVID_000105,CASE_0002,TRANSACTION,TXN_000009,ACCOUNT_00135,ACCOUNT_00109,2025-08-05 01:37:23,Financial transfer of amount 8617.18 possibly linked to network operation funding.,0.905,0.854,,CONFIRMED
EVID_000121,CASE_0007,TRANSACTION,TXN_000025,ACCOUNT_00016,ACCOUNT_00125,2025-01-11 19:26:00,Financial transfer of amount 39410.34 possibly linked to network operation funding.,0.9,0.906,,CONFIRMED
EVID_000122,CASE_0007,TRANSACTION,TXN_000026,ACCOUNT_00125,ACCOUNT_00132,2025-01-12 05:26:00,Financial transfer of amount 35714.74 possibly linked to network operation funding.,0.978,0.765,,CONFIRMED
EVID_000123,CASE_0007,TRANSACTION,TXN_000027,ACCOUNT_00132,ACCOUNT_00022,2025-01-13 05:26:00,Financial transfer of amount 20760.29 possibly linked to network operation funding.,0.961,0.603,,CONFIRMED
EVID_000124,CASE_0007,TRANSACTION,TXN_000028,ACCOUNT_00062,ACCOUNT_00016,2025-01-31 19:26:00,Financial transfer of amount 6370.84 possibly linked to network operation funding.,0.954,0.635,,CONFIRMED
EVID_000125,CASE_0008,TRANSACTION,TXN_000029,ACCOUNT_00052,ACCOUNT_00107,2025-05-03 05:08:40,Financial transfer of amount 24367.41 possibly linked to network operation funding.,0.958,0.616,,CONFIRMED
EVID_000126,CASE_0008,TRANSACTION,TXN_000030,ACCOUNT_00107,ACCOUNT_00068,2025-05-03 23:08:40,Financial transfer of amount 17366.18 possibly linked to network operation funding.,0.964,0.715,,CONFIRMED
EVID_000127,CASE_0008,TRANSACTION,TXN_000031,ACCOUNT_00074,ACCOUNT_00052,2025-05-24 05:08:40,Financial transfer of amount 8460.29 possibly linked to network operation funding.,0.912,0.718,,CONFIRMED
EVID_000128,CASE_0009,TRANSACTION,TXN_000032,ACCOUNT_00048,ACCOUNT_00035,2025-11-28 15:55:34,Financial transfer of amount 15160.21 possibly linked to network operation funding.,0.947,0.97,,CONFIRMED
EVID_000129,CASE_0009,TRANSACTION,TXN_000033,ACCOUNT_00035,ACCOUNT_00038,2025-11-29 10:55:34,Financial transfer of amount 14230.33 possibly linked to network operation funding.,0.906,0.905,,CONFIRMED
EVID_000130,CASE_0009,TRANSACTION,TXN_000034,ACCOUNT_00038,ACCOUNT_00177,2025-11-29 18:55:34,Financial transfer of amount 10544.46 possibly linked to network operation funding.,0.914,0.691,,CONFIRMED
EVID_000131,CASE_0009,TRANSACTION,TXN_000035,ACCOUNT_00151,ACCOUNT_00048,2025-12-04 15:55:34,Financial transfer of amount 4716.78 possibly linked to network operation funding.,0.906,0.915,,CONFIRMED
EVID_000132,CASE_0010,TRANSACTION,TXN_000036,ACCOUNT_00117,ACCOUNT_00072,2025-10-17 14:19:44,Financial transfer of amount 14340.61 possibly linked to network operation funding.,0.972,0.688,,CONFIRMED
EVID_000133,CASE_0010,TRANSACTION,TXN_000037,ACCOUNT_00072,ACCOUNT_00150,2025-10-18 14:19:44,Financial transfer of amount 8488.79 possibly linked to network operation funding.,0.932,0.566,,CONFIRMED
EVID_000134,CASE_0010,TRANSACTION,TXN_000038,ACCOUNT_00150,ACCOUNT_00155,2025-10-19 19:19:44,Financial transfer of amount 5761.98 possibly linked to network operation funding.,0.922,0.959,,CONFIRMED
EVID_000135,CASE_0010,TRANSACTION,TXN_000039,ACCOUNT_00155,ACCOUNT_00160,2025-10-20 18:19:44,Financial transfer of amount 3591.29 possibly linked to network operation funding.,0.966,0.547,,CONFIRMED
EVID_000136,CASE_0010,TRANSACTION,TXN_000040,ACCOUNT_00001,ACCOUNT_00117,2025-10-29 14:19:44,Financial transfer of amount 1424.03 possibly linked to network operation funding.,0.974,0.932,,CONFIRMED
EVID_000137,CASE_0011,TRANSACTION,TXN_000041,ACCOUNT_00031,ACCOUNT_00144,2025-06-09 18:34:20,Financial transfer of amount 16983.25 possibly linked to network operation funding.,0.96,0.878,,CONFIRMED
EVID_000138,CASE_0011,TRANSACTION,TXN_000042,ACCOUNT_00144,ACCOUNT_00116,2025-06-10 15:34:20,Financial transfer of amount 11120.23 possibly linked to network operation funding.,0.956,0.638,,CONFIRMED
EVID_000139,CASE_0011,TRANSACTION,TXN_000043,ACCOUNT_00116,ACCOUNT_00029,2025-06-11 19:34:20,Financial transfer of amount 9334.19 possibly linked to network operation funding.,0.91,0.681,,CONFIRMED
EVID_000140,CASE_0011,TRANSACTION,TXN_000044,ACCOUNT_00156,ACCOUNT_00031,2025-06-24 18:34:20,Financial transfer of amount 2136.56 possibly linked to network operation funding.,0.9,0.708,,CONFIRMED
EVID_000141,CASE_0012,TRANSACTION,TXN_000045,ACCOUNT_00088,ACCOUNT_00024,2025-03-26 12:34:43,Financial transfer of amount 31147.76 possibly linked to network operation funding.,0.973,0.764,,CONFIRMED
EVID_000142,CASE_0012,TRANSACTION,TXN_000046,ACCOUNT_00024,ACCOUNT_00082,2025-03-26 23:34:43,Financial transfer of amount 16546.98 possibly linked to network operation funding.,0.976,0.692,,CONFIRMED
EVID_000143,CASE_0012,TRANSACTION,TXN_000047,ACCOUNT_00082,ACCOUNT_00170,2025-03-27 16:34:43,Financial transfer of amount 14152.23 possibly linked to network operation funding.,0.9,0.867,,CONFIRMED
EVID_000144,CASE_0012,TRANSACTION,TXN_000048,ACCOUNT_00170,ACCOUNT_00047,2025-03-28 21:34:43,Financial transfer of amount 7862.41 possibly linked to network operation funding.,0.953,0.94,,CONFIRMED
EVID_000145,CASE_0012,TRANSACTION,TXN_000049,ACCOUNT_00005,ACCOUNT_00088,2025-04-12 12:34:43,Financial transfer of amount 1865.45 possibly linked to network operation funding.,0.932,0.628,,CONFIRMED
EVID_000172,CASE_0001,FIR,FIR_0001,PERSON_1459,PERSON_0282,2025-08-30 04:24:50,Investigating officer noted unusual movement in the area prior to the reported incident. Primary suspect identified on scene.,0.709,0.735,,CONFIRMED
EVID_000173,CASE_0002,FIR,FIR_0002,PERSON_1104,PERSON_0898,2025-07-31 02:37:23,Complainant could not clearly identify all persons involved; further verification is required.,0.567,0.902,,CONFIRMED
EVID_000178,CASE_0007,FIR,FIR_0007,PERSON_1303,PERSON_1288,2025-01-20 15:26:00,Investigating officer noted unusual movement in the area prior to the reported incident.,0.687,0.609,,CONFIRMED
EVID_000179,CASE_0008,FIR,FIR_0008,PERSON_0398,PERSON_1426,2025-05-12 15:08:40,Complainant stated that an associate of the accused was present at LOCATION_0188 shortly before the incident.,0.756,0.689,,CONFIRMED
EVID_000180,CASE_0009,FIR,FIR_0009,PERSON_0945,PERSON_0391,2025-12-02 19:55:34,Witness reported that an individual known as Ravi G. was seen near the location before the incident.,0.586,0.512,,CONFIRMED
EVID_000181,CASE_0010,FIR,FIR_0010,PERSON_0030,PERSON_0462,2025-10-20 19:19:44,Complainant could not clearly identify all persons involved; further verification is required.,0.76,0.782,,CONFIRMED
EVID_000182,CASE_0011,FIR,FIR_0011,PERSON_1007,PERSON_0433,2025-06-18 06:34:20,Complainant stated that an associate of the accused was present at LOCATION_0251 shortly before the incident.,0.592,0.668,,CONFIRMED
EVID_000183,CASE_0012,FIR,FIR_0012,PERSON_0580,PERSON_0775,2025-04-05 18:34:43,Complainant could not clearly identify all persons involved; further verification is required.,0.592,0.634,,CONFIRMED
EVID_000184,CASE_0013,FIR,FIR_0013,PERSON_0804,PERSON_0460,2025-09-17 17:27:59,Standalone synthetic case; limited relational clues in narrative.,0.711,0.701,,CONFIRMED
EVID_000186,CASE_0015,FIR,FIR_0015,PERSON_1140,PERSON_0549,2025-04-28 23:38:55,Standalone synthetic case; limited relational clues in narrative.,0.547,0.868,,CONFIRMED
EVID_000187,CASE_0016,FIR,FIR_0016,PERSON_0976,PERSON_0823,2025-05-15 11:26:48,Standalone synthetic case; limited relational clues in narrative.,0.789,0.915,,CONFIRMED
EVID_000189,CASE_0018,FIR,FIR_0018,PERSON_1023,PERSON_1022,2024-08-13 16:52:35,Standalone synthetic case; limited relational clues in narrative.,0.619,0.66,,CONFIRMED
EVID_000190,CASE_0019,FIR,FIR_0019,PERSON_1033,PERSON_0838,2025-02-13 16:32:16,Standalone synthetic case; limited relational clues in narrative.,0.616,0.58,,CONFIRMED
EVID_000191,CASE_0020,FIR,FIR_0020,PERSON_0006,PERSON_0432,2024-09-05 19:54:30,Standalone synthetic case; limited relational clues in narrative.,0.584,0.669,,CONFIRMED
EVID_000193,CASE_0022,FIR,FIR_0022,PERSON_0633,PERSON_1290,2024-09-06 14:41:02,Standalone synthetic case; limited relational clues in narrative.,0.765,0.639,,CONFIRMED
EVID_000195,CASE_0024,FIR,FIR_0024,PERSON_0310,PERSON_0822,2024-06-29 21:15:55,Standalone synthetic case; limited relational clues in narrative.,0.615,0.911,,CONFIRMED
EVID_000198,CASE_0027,FIR,FIR_0027,PERSON_1172,PERSON_0846,2024-08-25 22:38:57,Standalone synthetic case; limited relational clues in narrative.,0.657,0.537,,CONFIRMED
EVID_000199,CASE_0028,FIR,FIR_0028,PERSON_1321,PERSON_0593,2024-11-27 17:58:33,Standalone synthetic case; limited relational clues in narrative.,0.528,0.823,,CONFIRMED
EVID_000201,CASE_0030,FIR,FIR_0030,PERSON_1302,PERSON_0363,2024-06-21 17:57:03,Standalone synthetic case; limited relational clues in narrative.,0.531,0.621,,CONFIRMED
EVID_000204,CASE_0033,FIR,FIR_0033,PERSON_1498,PERSON_0246,2024-08-28 13:57:46,Standalone synthetic case; limited relational clues in narrative.,0.718,0.842,,CONFIRMED
EVID_000205,CASE_0034,FIR,FIR_0034,PERSON_0948,PERSON_1495,2025-09-19 06:18:49,Standalone synthetic case; limited relational clues in narrative.,0.622,0.729,,CONFIRMED
EVID_000206,CASE_0035,FIR,FIR_0035,PERSON_0958,PERSON_0264,2024-09-05 13:09:41,Standalone synthetic case; limited relational clues in narrative.,0.61,0.794,,CONFIRMED
EVID_000208,CASE_0037,FIR,FIR_0037,PERSON_0395,PERSON_0490,2025-12-20 03:57:25,Standalone synthetic case; limited relational clues in narrative.,0.621,0.735,,CONFIRMED
EVID_000211,CASE_0040,FIR,FIR_0040,PERSON_0947,PERSON_1005,2025-10-27 19:40:40,Standalone synthetic case; limited relational clues in narrative.,0.652,0.804,,CONFIRMED
EVID_000213,CASE_0042,FIR,FIR_0042,PERSON_1150,PERSON_0495,2024-09-24 20:49:17,Standalone synthetic case; limited relational clues in narrative.,0.541,0.858,,CONFIRMED
EVID_000217,CASE_0046,FIR,FIR_0046,PERSON_0814,PERSON_0316,2026-01-12 05:53:20,Standalone synthetic case; limited relational clues in narrative.,0.551,0.669,,CONFIRMED
EVID_000218,CASE_0047,FIR,FIR_0047,PERSON_0075,PERSON_1419,2024-09-12 13:08:26,Standalone synthetic case; limited relational clues in narrative.,0.539,0.508,,CONFIRMED
EVID_000219,CASE_0048,FIR,FIR_0048,PERSON_0015,PERSON_0741,2026-01-31 03:50:01,Standalone synthetic case; limited relational clues in narrative.,0.55,0.537,,CONFIRMED
EVID_000220,CASE_0049,FIR,FIR_0049,PERSON_0366,PERSON_0237,2025-10-02 05:09:40,Standalone synthetic case; limited relational clues in narrative.,0.543,0.792,,CONFIRMED
EVID_000222,CASE_0051,FIR,FIR_0051,PERSON_0399,PERSON_0883,2025-05-28 00:46:10,Standalone synthetic case; limited relational clues in narrative.,0.518,0.81,,CONFIRMED
EVID_000223,CASE_0052,FIR,FIR_0052,PERSON_0975,PERSON_0197,2026-05-28 15:51:44,Standalone synthetic case; limited relational clues in narrative.,0.649,0.896,,CONFIRMED
EVID_000224,CASE_0053,FIR,FIR_0053,PERSON_0441,PERSON_1374,2025-10-11 13:55:54,Standalone synthetic case; limited relational clues in narrative.,0.667,0.95,,CONFIRMED
EVID_000225,CASE_0054,FIR,FIR_0054,PERSON_0801,PERSON_1268,2026-03-30 20:02:20,Standalone synthetic case; limited relational clues in narrative.,0.525,0.848,,CONFIRMED
EVID_000230,CASE_0059,FIR,FIR_0059,PERSON_0175,PERSON_0729,2024-06-20 12:36:43,Standalone synthetic case; limited relational clues in narrative.,0.702,0.67,,CONFIRMED
EVID_000231,CASE_0060,FIR,FIR_0060,PERSON_0862,PERSON_0532,2025-03-11 11:54:33,Standalone synthetic case; limited relational clues in narrative.,0.503,0.759,,CONFIRMED
EVID_000233,CASE_0062,FIR,FIR_0062,PERSON_0699,PERSON_0876,2025-09-20 21:15:06,Standalone synthetic case; limited relational clues in narrative.,0.76,0.687,,CONFIRMED
EVID_000235,CASE_0064,FIR,FIR_0064,PERSON_0767,PERSON_0436,2025-01-22 17:06:35,Standalone synthetic case; limited relational clues in narrative.,0.625,0.755,,CONFIRMED
EVID_000238,CASE_0067,FIR,FIR_0067,PERSON_0902,PERSON_0082,2025-05-08 01:34:16,Standalone synthetic case; limited relational clues in narrative.,0.594,0.879,,CONFIRMED
EVID_000240,CASE_0069,FIR,FIR_0069,PERSON_0274,PERSON_0151,2025-10-12 17:26:24,Standalone synthetic case; limited relational clues in narrative.,0.748,0.891,,CONFIRMED
EVID_000241,CASE_0070,FIR,FIR_0070,PERSON_0581,PERSON_1328,2026-02-28 15:38:32,Standalone synthetic case; limited relational clues in narrative.,0.635,0.634,,CONFIRMED
EVID_000242,CASE_0071,FIR,FIR_0071,PERSON_1239,PERSON_0244,2025-01-20 05:29:46,Standalone synthetic case; limited relational clues in narrative.,0.681,0.663,,CONFIRMED
EVID_000243,CASE_0072,FIR,FIR_0072,PERSON_0988,PERSON_0468,2025-04-02 04:16:24,Standalone synthetic case; limited relational clues in narrative.,0.529,0.655,,CONFIRMED
EVID_000245,CASE_0074,FIR,FIR_0074,PERSON_1064,PERSON_0279,2024-10-08 16:16:33,Standalone synthetic case; limited relational clues in narrative.,0.602,0.546,,CONFIRMED
EVID_000246,CASE_0075,FIR,FIR_0075,PERSON_0128,PERSON_0805,2024-07-20 16:29:44,Standalone synthetic case; limited relational clues in narrative.,0.739,0.579,,CONFIRMED
EVID_000247,CASE_0076,FIR,FIR_0076,PERSON_1017,PERSON_0422,2024-12-18 01:23:59,Standalone synthetic case; limited relational clues in narrative.,0.62,0.894,,CONFIRMED
EVID_000248,CASE_0077,FIR,FIR_0077,PERSON_0260,PERSON_0865,2025-09-05 22:30:16,Standalone synthetic case; limited relational clues in narrative.,0.565,0.837,,CONFIRMED
EVID_000249,CASE_0078,FIR,FIR_0078,PERSON_0982,PERSON_1173,2025-03-03 02:23:39,Standalone synthetic case; limited relational clues in narrative.,0.648,0.822,,CONFIRMED
EVID_000250,CASE_0079,FIR,FIR_0079,PERSON_1382,PERSON_1440,2025-05-23 03:59:43,Standalone synthetic case; limited relational clues in narrative.,0.532,0.531,,CONFIRMED
EVID_000251,CASE_0080,FIR,FIR_0080,PERSON_1474,PERSON_0320,2025-02-14 16:20:31,Standalone synthetic case; limited relational clues in narrative.,0.561,0.639,,CONFIRMED
EVID_000252,CASE_0081,FIR,FIR_0081,PERSON_0777,PERSON_0684,2024-09-18 14:03:00,Standalone synthetic case; limited relational clues in narrative.,0.507,0.786,,CONFIRMED
EVID_000254,CASE_0083,FIR,FIR_0083,PERSON_0232,PERSON_1198,2024-10-25 17:25:35,Standalone synthetic case; limited relational clues in narrative.,0.547,0.767,,CONFIRMED
EVID_000255,CASE_0084,FIR,FIR_0084,PERSON_0285,PERSON_1453,2024-11-02 20:20:54,Standalone synthetic case; limited relational clues in narrative.,0.703,0.724,,CONFIRMED
EVID_000257,CASE_0086,FIR,FIR_0086,PERSON_1417,PERSON_0484,2025-01-16 08:48:18,Standalone synthetic case; limited relational clues in narrative.,0.777,0.555,,CONFIRMED
EVID_000258,CASE_0087,FIR,FIR_0087,PERSON_1009,PERSON_0579,2024-11-19 10:55:19,Standalone synthetic case; limited relational clues in narrative.,0.55,0.644,,CONFIRMED
EVID_000260,CASE_0089,FIR,FIR_0089,PERSON_0507,PERSON_0472,2024-10-12 12:26:04,Standalone synthetic case; limited relational clues in narrative.,0.617,0.709,,CONFIRMED
EVID_000261,CASE_0090,FIR,FIR_0090,PERSON_0362,PERSON_0708,2026-03-13 07:17:12,Standalone synthetic case; limited relational clues in narrative.,0.743,0.713,,CONFIRMED
EVID_000262,CASE_0091,FIR,FIR_0091,PERSON_0739,PERSON_1287,2024-07-31 16:02:18,Standalone synthetic case; limited relational clues in narrative.,0.635,0.522,,CONFIRMED
EVID_000263,CASE_0092,FIR,FIR_0092,PERSON_0821,PERSON_0665,2026-02-20 04:29:09,Standalone synthetic case; limited relational clues in narrative.,0.718,0.818,,CONFIRMED
EVID_000265,CASE_0094,FIR,FIR_0094,PERSON_0383,PERSON_0511,2026-05-24 10:59:00,Standalone synthetic case; limited relational clues in narrative.,0.571,0.609,,CONFIRMED
EVID_000266,CASE_0095,FIR,FIR_0095,PERSON_1176,PERSON_1118,2024-08-23 01:12:19,Standalone synthetic case; limited relational clues in narrative.,0.558,0.606,,CONFIRMED
EVID_000267,CASE_0096,FIR,FIR_0096,PERSON_1013,PERSON_0209,2025-10-31 04:47:31,Standalone synthetic case; limited relational clues in narrative.,0.587,0.864,,CONFIRMED
EVID_000268,CASE_0097,FIR,FIR_0097,PERSON_0111,PERSON_0483,2026-03-20 01:39:03,Standalone synthetic case; limited relational clues in narrative.,0.76,0.697,,CONFIRMED
EVID_000272,CASE_0101,FIR,FIR_0101,PERSON_0523,PERSON_1375,2026-03-05 21:04:36,Standalone synthetic case; limited relational clues in narrative.,0.762,0.838,,CONFIRMED
EVID_000273,CASE_0102,FIR,FIR_0102,PERSON_1042,PERSON_1101,2025-08-18 20:48:29,Standalone synthetic case; limited relational clues in narrative.,0.71,0.579,,CONFIRMED
EVID_000274,CASE_0103,FIR,FIR_0103,PERSON_0097,PERSON_0946,2025-03-19 13:40:51,Standalone synthetic case; limited relational clues in narrative.,0.743,0.723,,CONFIRMED
EVID_000275,CASE_0104,FIR,FIR_0104,PERSON_0816,PERSON_0368,2025-12-03 08:35:00,Standalone synthetic case; limited relational clues in narrative.,0.564,0.862,,CONFIRMED
EVID_000276,CASE_0105,FIR,FIR_0105,PERSON_1372,PERSON_0716,2025-07-14 18:59:04,Standalone synthetic case; limited relational clues in narrative.,0.677,0.595,,CONFIRMED
EVID_000277,CASE_0106,FIR,FIR_0106,PERSON_0573,PERSON_0563,2024-12-30 13:16:01,Standalone synthetic case; limited relational clues in narrative.,0.677,0.558,,CONFIRMED
EVID_000280,CASE_0109,FIR,FIR_0109,PERSON_0086,PERSON_0102,2025-07-04 08:53:45,Standalone synthetic case; limited relational clues in narrative.,0.738,0.537,,CONFIRMED
EVID_000282,CASE_0111,FIR,FIR_0111,PERSON_1463,PERSON_1333,2024-08-06 11:20:56,Standalone synthetic case; limited relational clues in narrative.,0.6,0.832,,CONFIRMED
EVID_000283,CASE_0112,FIR,FIR_0112,PERSON_1110,PERSON_0212,2025-03-02 23:20:54,Standalone synthetic case; limited relational clues in narrative.,0.607,0.737,,CONFIRMED
EVID_000285,CASE_0114,FIR,FIR_0114,PERSON_1048,PERSON_0281,2025-06-18 20:07:54,Standalone synthetic case; limited relational clues in narrative.,0.723,0.579,,CONFIRMED
EVID_000286,CASE_0115,FIR,FIR_0115,PERSON_1189,PERSON_0632,2025-02-23 19:27:12,Standalone synthetic case; limited relational clues in narrative.,0.661,0.594,,CONFIRMED
EVID_000288,CASE_0117,FIR,FIR_0117,PERSON_1394,PERSON_0541,2025-02-18 05:31:43,Standalone synthetic case; limited relational clues in narrative.,0.51,0.572,,CONFIRMED
EVID_000289,CASE_0118,FIR,FIR_0118,PERSON_0181,PERSON_0071,2026-03-23 07:22:56,Standalone synthetic case; limited relational clues in narrative.,0.686,0.655,,CONFIRMED
EVID_000290,CASE_0119,FIR,FIR_0119,PERSON_0446,PERSON_0640,2025-06-21 19:25:37,Standalone synthetic case; limited relational clues in narrative.,0.657,0.791,,CONFIRMED
EVID_000291,CASE_0120,FIR,FIR_0120,PERSON_1425,PERSON_0587,2025-11-02 07:31:41,Standalone synthetic case; limited relational clues in narrative.,0.517,0.948,,CONFIRMED
EVID_000292,CASE_0121,FIR,FIR_0121,PERSON_0564,PERSON_1384,2025-05-07 05:48:31,Standalone synthetic case; limited relational clues in narrative.,0.508,0.805,,CONFIRMED
EVID_000293,CASE_0122,FIR,FIR_0122,PERSON_1367,PERSON_0799,2026-02-25 13:17:44,Standalone synthetic case; limited relational clues in narrative.,0.729,0.953,,CONFIRMED
EVID_000298,CASE_0127,FIR,FIR_0127,PERSON_0528,PERSON_0058,2025-08-31 04:49:41,Standalone synthetic case; limited relational clues in narrative.,0.779,0.705,,CONFIRMED
EVID_000299,CASE_0128,FIR,FIR_0128,PERSON_0439,PERSON_0106,2025-05-20 13:24:37,Standalone synthetic case; limited relational clues in narrative.,0.781,0.638,,CONFIRMED
EVID_000300,CASE_0129,FIR,FIR_0129,PERSON_0005,PERSON_0825,2024-09-06 07:00:23,Standalone synthetic case; limited relational clues in narrative.,0.8,0.763,,CONFIRMED
EVID_000301,CASE_0130,FIR,FIR_0130,PERSON_0737,PERSON_0385,2025-06-08 16:20:06,Standalone synthetic case; limited relational clues in narrative.,0.658,0.634,,CONFIRMED
EVID_000307,CASE_0136,FIR,FIR_0136,PERSON_1141,PERSON_0494,2025-09-08 04:06:25,Standalone synthetic case; limited relational clues in narrative.,0.654,0.65,,CONFIRMED
EVID_000308,CASE_0137,FIR,FIR_0137,PERSON_0271,PERSON_0121,2024-06-11 15:28:09,Standalone synthetic case; limited relational clues in narrative.,0.634,0.783,,CONFIRMED
EVID_000310,CASE_0139,FIR,FIR_0139,PERSON_0305,PERSON_0479,2024-07-17 17:48:31,Standalone synthetic case; limited relational clues in narrative.,0.601,0.557,,CONFIRMED
EVID_000311,CASE_0140,FIR,FIR_0140,PERSON_0045,PERSON_0068,2024-12-08 10:24:19,Standalone synthetic case; limited relational clues in narrative.,0.798,0.788,,CONFIRMED
EVID_000312,CASE_0141,FIR,FIR_0141,PERSON_1180,PERSON_0221,2026-04-25 20:12:21,Standalone synthetic case; limited relational clues in narrative.,0.526,0.768,,CONFIRMED
EVID_000313,CASE_0142,FIR,FIR_0142,PERSON_0255,PERSON_1466,2026-02-22 23:08:31,Standalone synthetic case; limited relational clues in narrative.,0.627,0.625,,CONFIRMED
EVID_000314,CASE_0143,FIR,FIR_0143,PERSON_0795,PERSON_0189,2025-01-24 19:56:41,Standalone synthetic case; limited relational clues in narrative.,0.604,0.77,,CONFIRMED
EVID_000315,CASE_0144,FIR,FIR_0144,PERSON_1085,PERSON_1471,2026-01-09 11:17:42,Standalone synthetic case; limited relational clues in narrative.,0.702,0.615,,CONFIRMED
EVID_000316,CASE_0145,FIR,FIR_0145,PERSON_1254,PERSON_1420,2025-02-17 20:56:41,Standalone synthetic case; limited relational clues in narrative.,0.636,0.74,,CONFIRMED
EVID_000317,CASE_0146,FIR,FIR_0146,PERSON_1052,PERSON_0502,2026-03-21 12:38:24,Standalone synthetic case; limited relational clues in narrative.,0.64,0.781,,CONFIRMED
EVID_000319,CASE_0148,FIR,FIR_0148,PERSON_1404,PERSON_0387,2025-11-20 23:00:51,Standalone synthetic case; limited relational clues in narrative.,0.524,0.964,,CONFIRMED
EVID_000321,CASE_0150,FIR,FIR_0150,PERSON_0989,PERSON_0134,2024-07-20 02:33:38,Standalone synthetic case; limited relational clues in narrative.,0.781,0.558,,CONFIRMED
EVID_000324,CASE_0153,FIR,FIR_0153,PERSON_0487,PERSON_0182,2024-11-04 02:32:04,Standalone synthetic case; limited relational clues in narrative.,0.629,0.804,,CONFIRMED
EVID_000326,CASE_0155,FIR,FIR_0155,PERSON_0578,PERSON_1253,2025-03-16 04:33:57,Standalone synthetic case; limited relational clues in narrative.,0.65,0.842,,CONFIRMED
EVID_000327,CASE_0156,FIR,FIR_0156,PERSON_0791,PERSON_1401,2025-03-27 23:49:16,Standalone synthetic case; limited relational clues in narrative.,0.696,0.792,,CONFIRMED
EVID_000328,CASE_0157,FIR,FIR_0157,PERSON_1228,PERSON_1243,2024-12-31 06:47:10,Standalone synthetic case; limited relational clues in narrative.,0.687,0.893,,CONFIRMED
EVID_000331,CASE_0160,FIR,FIR_0160,PERSON_0131,PERSON_1109,2025-09-09 15:05:15,Standalone synthetic case; limited relational clues in narrative.,0.712,0.934,,CONFIRMED
EVID_000333,CASE_0162,FIR,FIR_0162,PERSON_1129,PERSON_0117,2025-04-18 23:54:42,Standalone synthetic case; limited relational clues in narrative.,0.503,0.867,,CONFIRMED
EVID_000334,CASE_0163,FIR,FIR_0163,PERSON_0499,PERSON_0922,2024-07-09 20:24:57,Standalone synthetic case; limited relational clues in narrative.,0.788,0.59,,CONFIRMED
EVID_000335,CASE_0164,FIR,FIR_0164,PERSON_0215,PERSON_1200,2025-06-01 09:34:38,Standalone synthetic case; limited relational clues in narrative.,0.687,0.779,,CONFIRMED
EVID_000336,CASE_0165,FIR,FIR_0165,PERSON_0418,PERSON_1030,2024-07-19 17:22:54,Standalone synthetic case; limited relational clues in narrative.,0.687,0.943,,CONFIRMED
EVID_000338,CASE_0167,FIR,FIR_0167,PERSON_0584,PERSON_1450,2024-10-10 19:07:40,Standalone synthetic case; limited relational clues in narrative.,0.666,0.564,,CONFIRMED
EVID_000339,CASE_0168,FIR,FIR_0168,PERSON_1399,PERSON_0331,2025-11-21 00:33:13,Standalone synthetic case; limited relational clues in narrative.,0.68,0.849,,CONFIRMED
EVID_000340,CASE_0169,FIR,FIR_0169,PERSON_1400,PERSON_1344,2025-05-30 11:53:03,Standalone synthetic case; limited relational clues in narrative.,0.744,0.507,,CONFIRMED
EVID_000341,CASE_0170,FIR,FIR_0170,PERSON_0776,PERSON_0108,2025-10-16 14:59:26,Standalone synthetic case; limited relational clues in narrative.,0.767,0.947,,CONFIRMED
EVID_000342,CASE_0171,FIR,FIR_0171,PERSON_0421,PERSON_0592,2024-08-17 02:44:17,Standalone synthetic case; limited relational clues in narrative.,0.549,0.531,,CONFIRMED
EVID_000343,CASE_0172,FIR,FIR_0172,PERSON_0084,PERSON_1355,2024-11-28 19:44:43,Standalone synthetic case; limited relational clues in narrative.,0.743,0.72,,CONFIRMED
EVID_000344,CASE_0173,FIR,FIR_0173,PERSON_1032,PERSON_0860,2025-08-29 19:23:13,Standalone synthetic case; limited relational clues in narrative.,0.571,0.897,,CONFIRMED
EVID_000345,CASE_0174,FIR,FIR_0174,PERSON_0496,PERSON_0201,2024-07-01 10:50:58,Standalone synthetic case; limited relational clues in narrative.,0.673,0.509,,CONFIRMED
EVID_000346,CASE_0175,FIR,FIR_0175,PERSON_1392,PERSON_0081,2025-05-29 16:52:11,Standalone synthetic case; limited relational clues in narrative.,0.537,0.931,,CONFIRMED
EVID_000347,CASE_0176,FIR,FIR_0176,PERSON_1364,PERSON_0195,2025-09-15 23:03:36,Standalone synthetic case; limited relational clues in narrative.,0.707,0.559,,CONFIRMED
EVID_000348,CASE_0177,FIR,FIR_0177,PERSON_0575,PERSON_0009,2026-03-27 19:28:14,Standalone synthetic case; limited relational clues in narrative.,0.743,0.667,,CONFIRMED
EVID_000350,CASE_0179,FIR,FIR_0179,PERSON_0661,PERSON_0295,2025-02-15 21:57:41,Standalone synthetic case; limited relational clues in narrative.,0.671,0.897,,CONFIRMED
EVID_000351,CASE_0180,FIR,FIR_0180,PERSON_0858,PERSON_1012,2025-01-31 06:39:51,Standalone synthetic case; limited relational clues in narrative.,0.686,0.55,,CONFIRMED
EVID_000352,CASE_0181,FIR,FIR_0181,PERSON_0508,PERSON_0444,2026-05-17 10:35:01,Standalone synthetic case; limited relational clues in narrative.,0.551,0.546,,CONFIRMED
EVID_000353,CASE_0182,FIR,FIR_0182,PERSON_1187,PERSON_0538,2025-06-13 14:28:28,Standalone synthetic case; limited relational clues in narrative.,0.695,0.508,,CONFIRMED
EVID_000354,CASE_0183,FIR,FIR_0183,PERSON_1178,PERSON_0060,2024-11-11 06:03:08,Standalone synthetic case; limited relational clues in narrative.,0.634,0.82,,CONFIRMED
EVID_000355,CASE_0184,FIR,FIR_0184,PERSON_0566,PERSON_0292,2025-03-15 21:41:07,Standalone synthetic case; limited relational clues in narrative.,0.691,0.96,,CONFIRMED
EVID_000357,CASE_0186,FIR,FIR_0186,PERSON_1313,PERSON_1127,2025-10-28 09:34:23,Standalone synthetic case; limited relational clues in narrative.,0.699,0.652,,CONFIRMED
EVID_000358,CASE_0187,FIR,FIR_0187,PERSON_0153,PERSON_0753,2025-11-28 00:06:50,Standalone synthetic case; limited relational clues in narrative.,0.56,0.957,,CONFIRMED
EVID_000360,CASE_0189,FIR,FIR_0189,PERSON_0662,PERSON_0174,2025-01-18 10:50:33,Standalone synthetic case; limited relational clues in narrative.,0.584,0.657,,CONFIRMED
EVID_000361,CASE_0190,FIR,FIR_0190,PERSON_0049,PERSON_0342,2024-10-27 11:43:43,Standalone synthetic case; limited relational clues in narrative.,0.587,0.71,,CONFIRMED
EVID_000362,CASE_0191,FIR,FIR_0191,PERSON_0033,PERSON_0464,2024-06-11 20:44:29,Standalone synthetic case; limited relational clues in narrative.,0.594,0.876,,CONFIRMED
EVID_000364,CASE_0193,FIR,FIR_0193,PERSON_1152,PERSON_0569,2026-01-12 09:16:49,Standalone synthetic case; limited relational clues in narrative.,0.591,0.735,,CONFIRMED
EVID_000365,CASE_0194,FIR,FIR_0194,PERSON_1398,PERSON_0642,2025-06-28 22:24:12,Standalone synthetic case; limited relational clues in narrative.,0.746,0.783,,CONFIRMED
EVID_000366,CASE_0195,FIR,FIR_0195,PERSON_0786,PERSON_0040,2025-04-09 06:21:07,Standalone synthetic case; limited relational clues in narrative.,0.549,0.561,,CONFIRMED
EVID_000367,CASE_0196,FIR,FIR_0196,PERSON_0359,PERSON_1192,2025-11-02 10:05:17,Standalone synthetic case; limited relational clues in narrative.,0.633,0.639,,CONFIRMED
EVID_000368,CASE_0197,FIR,FIR_0197,PERSON_1071,PERSON_0590,2025-07-31 13:56:18,Standalone synthetic case; limited relational clues in narrative.,0.783,0.615,,CONFIRMED
EVID_000369,CASE_0198,FIR,FIR_0198,PERSON_0306,PERSON_1134,2024-09-03 08:20:21,Standalone synthetic case; limited relational clues in narrative.,0.532,0.559,,CONFIRMED
EVID_000371,CASE_0200,FIR,FIR_0200,PERSON_0667,PERSON_0389,2024-11-01 11:40:07,Standalone synthetic case; limited relational clues in narrative.,0.577,0.699,,CONFIRMED
EVID_000372,CASE_0201,FIR,FIR_0201,PERSON_0420,PERSON_0835,2024-11-14 07:43:29,Standalone synthetic case; limited relational clues in narrative.,0.757,0.844,,CONFIRMED
EVID_000373,CASE_0202,FIR,FIR_0202,PERSON_1090,PERSON_1301,2026-03-05 22:18:47,Standalone synthetic case; limited relational clues in narrative.,0.769,0.65,,CONFIRMED
EVID_000375,CASE_0204,FIR,FIR_0204,PERSON_0961,PERSON_0793,2025-05-22 05:19:00,Standalone synthetic case; limited relational clues in narrative.,0.631,0.821,,CONFIRMED
EVID_000376,CASE_0205,FIR,FIR_0205,PERSON_0973,PERSON_0112,2025-02-02 03:50:44,Standalone synthetic case; limited relational clues in narrative.,0.594,0.958,,CONFIRMED
EVID_000377,CASE_0206,FIR,FIR_0206,PERSON_0273,PERSON_0268,2026-05-02 16:17:53,Standalone synthetic case; limited relational clues in narrative.,0.661,0.868,,CONFIRMED
EVID_000378,CASE_0207,FIR,FIR_0207,PERSON_0465,PERSON_1497,2025-04-26 14:19:55,Standalone synthetic case; limited relational clues in narrative.,0.642,0.96,,CONFIRMED
EVID_000379,CASE_0208,FIR,FIR_0208,PERSON_1157,PERSON_1105,2025-06-01 01:39:23,Standalone synthetic case; limited relational clues in narrative.,0.671,0.755,,CONFIRMED
EVID_000380,CASE_0209,FIR,FIR_0209,PERSON_0664,PERSON_0764,2025-08-12 11:58:51,Standalone synthetic case; limited relational clues in narrative.,0.582,0.529,,CONFIRMED
EVID_000381,CASE_0210,FIR,FIR_0210,PERSON_0571,PERSON_0620,2024-08-14 04:08:57,Standalone synthetic case; limited relational clues in narrative.,0.521,0.975,,CONFIRMED
EVID_000382,CASE_0211,FIR,FIR_0211,PERSON_1244,PERSON_1218,2024-06-15 02:23:07,Standalone synthetic case; limited relational clues in narrative.,0.761,0.709,,CONFIRMED
EVID_000384,CASE_0213,FIR,FIR_0213,PERSON_1494,PERSON_0184,2025-09-08 11:05:58,Standalone synthetic case; limited relational clues in narrative.,0.742,0.817,,CONFIRMED
EVID_000385,CASE_0214,FIR,FIR_0214,PERSON_0529,PERSON_1080,2026-04-13 17:53:47,Standalone synthetic case; limited relational clues in narrative.,0.604,0.939,,CONFIRMED
EVID_000386,CASE_0215,FIR,FIR_0215,PERSON_0435,PERSON_0557,2024-07-29 16:51:51,Standalone synthetic case; limited relational clues in narrative.,0.66,0.82,,CONFIRMED
EVID_000387,CASE_0216,FIR,FIR_0216,PERSON_0510,PERSON_1049,2025-07-19 19:18:18,Standalone synthetic case; limited relational clues in narrative.,0.648,0.714,,CONFIRMED
EVID_000389,CASE_0218,FIR,FIR_0218,PERSON_0604,PERSON_1335,2026-02-11 21:31:23,Standalone synthetic case; limited relational clues in narrative.,0.587,0.586,,CONFIRMED
EVID_000390,CASE_0219,FIR,FIR_0219,PERSON_0114,PERSON_1299,2024-11-09 21:11:08,Standalone synthetic case; limited relational clues in narrative.,0.742,0.732,,CONFIRMED
EVID_000391,CASE_0220,FIR,FIR_0220,PERSON_0344,PERSON_0488,2025-08-23 22:47:49,Standalone synthetic case; limited relational clues in narrative.,0.7,0.676,,CONFIRMED
EVID_000392,CASE_0221,FIR,FIR_0221,PERSON_0841,PERSON_0879,2025-03-21 15:38:57,Standalone synthetic case; limited relational clues in narrative.,0.564,0.581,,CONFIRMED
EVID_000393,CASE_0222,FIR,FIR_0222,PERSON_0984,PERSON_1427,2024-10-13 06:44:56,Standalone synthetic case; limited relational clues in narrative.,0.711,0.848,,CONFIRMED
EVID_000395,CASE_0224,FIR,FIR_0224,PERSON_0165,PERSON_0687,2026-04-05 22:28:26,Standalone synthetic case; limited relational clues in narrative.,0.696,0.788,,CONFIRMED
EVID_000397,CASE_0226,FIR,FIR_0226,PERSON_0589,PERSON_0899,2025-07-27 01:32:13,Standalone synthetic case; limited relational clues in narrative.,0.739,0.592,,CONFIRMED
EVID_000398,CASE_0227,FIR,FIR_0227,PERSON_1083,PERSON_1098,2026-04-29 22:57:46,Standalone synthetic case; limited relational clues in narrative.,0.686,0.717,,CONFIRMED
EVID_000400,CASE_0229,FIR,FIR_0229,PERSON_0054,PERSON_0116,2024-10-13 23:02:49,Standalone synthetic case; limited relational clues in narrative.,0.718,0.741,,CONFIRMED
EVID_000401,CASE_0230,FIR,FIR_0230,PERSON_1315,PERSON_0934,2024-11-06 16:04:41,Standalone synthetic case; limited relational clues in narrative.,0.694,0.552,,CONFIRMED
EVID_000402,CASE_0231,FIR,FIR_0231,PERSON_0318,PERSON_0912,2025-03-11 20:43:44,Standalone synthetic case; limited relational clues in narrative.,0.717,0.713,,CONFIRMED
EVID_000403,CASE_0232,FIR,FIR_0232,PERSON_0709,PERSON_1225,2025-03-25 00:57:55,Standalone synthetic case; limited relational clues in narrative.,0.532,0.678,,CONFIRMED
EVID_000404,CASE_0233,FIR,FIR_0233,PERSON_0312,PERSON_0347,2024-07-16 13:46:34,Standalone synthetic case; limited relational clues in narrative.,0.708,0.557,,CONFIRMED
EVID_000406,CASE_0235,FIR,FIR_0235,PERSON_0218,PERSON_0782,2025-05-13 05:15:03,Standalone synthetic case; limited relational clues in narrative.,0.731,0.723,,CONFIRMED
EVID_000407,CASE_0236,FIR,FIR_0236,PERSON_0094,PERSON_1073,2025-10-15 23:09:03,Standalone synthetic case; limited relational clues in narrative.,0.502,0.82,,CONFIRMED
EVID_000408,CASE_0237,FIR,FIR_0237,PERSON_0020,PERSON_0259,2025-12-06 22:22:54,Standalone synthetic case; limited relational clues in narrative.,0.599,0.798,,CONFIRMED
EVID_000410,CASE_0239,FIR,FIR_0239,PERSON_0186,PERSON_1175,2024-11-06 18:30:45,Standalone synthetic case; limited relational clues in narrative.,0.766,0.71,,CONFIRMED
EVID_000411,CASE_0240,FIR,FIR_0240,PERSON_1100,PERSON_1307,2024-08-29 03:11:21,Standalone synthetic case; limited relational clues in narrative.,0.53,0.523,,CONFIRMED
EVID_000412,CASE_0241,FIR,FIR_0241,PERSON_0272,PERSON_0309,2025-05-03 14:50:23,Standalone synthetic case; limited relational clues in narrative.,0.724,0.606,,CONFIRMED
EVID_000413,CASE_0242,FIR,FIR_0242,PERSON_0293,PERSON_1319,2025-07-31 06:16:16,Standalone synthetic case; limited relational clues in narrative.,0.756,0.937,,CONFIRMED
EVID_000414,CASE_0243,FIR,FIR_0243,PERSON_1004,PERSON_0689,2025-11-05 20:53:34,Standalone synthetic case; limited relational clues in narrative.,0.723,0.522,,CONFIRMED
EVID_000415,CASE_0244,FIR,FIR_0244,PERSON_0333,PERSON_0249,2026-04-08 08:04:48,Standalone synthetic case; limited relational clues in narrative.,0.799,0.723,,CONFIRMED
EVID_000417,CASE_0246,FIR,FIR_0246,PERSON_0536,PERSON_1275,2024-10-22 18:19:39,Standalone synthetic case; limited relational clues in narrative.,0.652,0.545,,CONFIRMED
EVID_000419,CASE_0248,FIR,FIR_0248,PERSON_0497,PERSON_0864,2025-05-21 05:17:04,Standalone synthetic case; limited relational clues in narrative.,0.733,0.583,,CONFIRMED
EVID_000420,CASE_0249,FIR,FIR_0249,PERSON_0337,PERSON_0419,2024-08-22 20:13:40,Standalone synthetic case; limited relational clues in narrative.,0.705,0.822,,CONFIRMED
EVID_000421,CASE_0250,FIR,FIR_0250,PERSON_1059,PERSON_0690,2025-08-21 21:10:54,Standalone synthetic case; limited relational clues in narrative.,0.673,0.898,,CONFIRMED
EVID_000422,CASE_0251,FIR,FIR_0251,PERSON_0141,PERSON_0056,2025-10-17 13:19:00,Standalone synthetic case; limited relational clues in narrative.,0.692,0.798,,CONFIRMED
EVID_000423,CASE_0252,FIR,FIR_0252,PERSON_1430,PERSON_0610,2025-03-18 07:29:54,Standalone synthetic case; limited relational clues in narrative.,0.779,0.632,,CONFIRMED
EVID_000424,CASE_0253,FIR,FIR_0253,PERSON_0176,PERSON_0144,2025-06-11 10:48:22,Standalone synthetic case; limited relational clues in narrative.,0.697,0.564,,CONFIRMED
EVID_000425,CASE_0254,FIR,FIR_0254,PERSON_0303,PERSON_1058,2025-11-05 16:48:08,Standalone synthetic case; limited relational clues in narrative.,0.574,0.828,,CONFIRMED
EVID_000426,CASE_0255,FIR,FIR_0255,PERSON_1409,PERSON_0135,2026-03-12 14:21:31,Standalone synthetic case; limited relational clues in narrative.,0.766,0.535,,CONFIRMED
EVID_000427,CASE_0256,FIR,FIR_0256,PERSON_0638,PERSON_1057,2026-03-05 02:55:32,Standalone synthetic case; limited relational clues in narrative.,0.662,0.671,,CONFIRMED
EVID_000428,CASE_0257,FIR,FIR_0257,PERSON_0350,PERSON_1277,2025-03-16 04:05:26,Standalone synthetic case; limited relational clues in narrative.,0.725,0.746,,CONFIRMED
EVID_000429,CASE_0258,FIR,FIR_0258,PERSON_0813,PERSON_1263,2025-07-27 09:38:15,Standalone synthetic case; limited relational clues in narrative.,0.62,0.63,,CONFIRMED
EVID_000430,CASE_0259,FIR,FIR_0259,PERSON_1147,PERSON_1130,2025-05-25 20:15:04,Standalone synthetic case; limited relational clues in narrative.,0.774,0.843,,CONFIRMED
EVID_000433,CASE_0262,FIR,FIR_0262,PERSON_0390,PERSON_0781,2025-08-14 22:45:27,Standalone synthetic case; limited relational clues in narrative.,0.684,0.584,,CONFIRMED
EVID_000435,CASE_0264,FIR,FIR_0264,PERSON_0377,PERSON_0409,2025-01-12 21:37:09,Standalone synthetic case; limited relational clues in narrative.,0.567,0.788,,CONFIRMED
EVID_000436,CASE_0265,FIR,FIR_0265,PERSON_0936,PERSON_1331,2025-05-16 08:08:03,Standalone synthetic case; limited relational clues in narrative.,0.697,0.606,,CONFIRMED
EVID_000437,CASE_0266,FIR,FIR_0266,PERSON_0434,PERSON_0915,2024-10-25 19:00:38,Standalone synthetic case; limited relational clues in narrative.,0.649,0.683,,CONFIRMED
EVID_000438,CASE_0267,FIR,FIR_0267,PERSON_0693,PERSON_1020,2025-10-11 08:14:20,Standalone synthetic case; limited relational clues in narrative.,0.681,0.771,,CONFIRMED
EVID_000439,CASE_0268,FIR,FIR_0268,PERSON_0053,PERSON_1451,2025-05-23 09:47:35,Standalone synthetic case; limited relational clues in narrative.,0.767,0.901,,CONFIRMED
EVID_000440,CASE_0269,FIR,FIR_0269,PERSON_0755,PERSON_0480,2024-07-11 00:56:55,Standalone synthetic case; limited relational clues in narrative.,0.681,0.69,,CONFIRMED
EVID_000442,CASE_0271,FIR,FIR_0271,PERSON_0625,PERSON_0203,2025-01-17 13:43:21,Standalone synthetic case; limited relational clues in narrative.,0.549,0.528,,CONFIRMED
EVID_000443,CASE_0272,FIR,FIR_0272,PERSON_1220,PERSON_0078,2026-05-14 04:00:40,Standalone synthetic case; limited relational clues in narrative.,0.719,0.74,,CONFIRMED
EVID_000446,CASE_0275,FIR,FIR_0275,PERSON_0635,PERSON_0240,2025-05-28 13:59:23,Standalone synthetic case; limited relational clues in narrative.,0.599,0.967,,CONFIRMED
EVID_000447,CASE_0276,FIR,FIR_0276,PERSON_1297,PERSON_0343,2026-03-19 01:58:45,Standalone synthetic case; limited relational clues in narrative.,0.576,0.539,,CONFIRMED
EVID_000449,CASE_0278,FIR,FIR_0278,PERSON_1123,PERSON_1368,2026-04-02 14:09:55,Standalone synthetic case; limited relational clues in narrative.,0.578,0.777,,CONFIRMED
EVID_000450,CASE_0279,FIR,FIR_0279,PERSON_0691,PERSON_0839,2025-10-26 13:54:30,Standalone synthetic case; limited relational clues in narrative.,0.701,0.558,,CONFIRMED
EVID_000452,CASE_0281,FIR,FIR_0281,PERSON_0450,PERSON_0183,2025-07-13 16:20:11,Standalone synthetic case; limited relational clues in narrative.,0.8,0.75,,CONFIRMED
EVID_000453,CASE_0282,FIR,FIR_0282,PERSON_0233,PERSON_0021,2025-12-25 09:21:35,Standalone synthetic case; limited relational clues in narrative.,0.634,0.507,,CONFIRMED
EVID_000455,CASE_0284,FIR,FIR_0284,PERSON_0438,PERSON_0122,2026-01-27 08:33:54,Standalone synthetic case; limited relational clues in narrative.,0.617,0.604,,CONFIRMED
EVID_000456,CASE_0285,FIR,FIR_0285,PERSON_1245,PERSON_1181,2026-01-18 18:49:05,Standalone synthetic case; limited relational clues in narrative.,0.722,0.782,,CONFIRMED
EVID_000457,CASE_0286,FIR,FIR_0286,PERSON_1121,PERSON_0448,2024-06-05 15:36:15,Standalone synthetic case; limited relational clues in narrative.,0.582,0.874,,CONFIRMED
EVID_000458,CASE_0287,FIR,FIR_0287,PERSON_0346,PERSON_1011,2025-09-24 17:19:14,Standalone synthetic case; limited relational clues in narrative.,0.728,0.531,,CONFIRMED
EVID_000459,CASE_0288,FIR,FIR_0288,PERSON_0680,PERSON_0501,2025-05-17 01:15:00,Standalone synthetic case; limited relational clues in narrative.,0.521,0.635,,CONFIRMED
EVID_000460,CASE_0289,FIR,FIR_0289,PERSON_1395,PERSON_0913,2026-01-24 16:51:47,Standalone synthetic case; limited relational clues in narrative.,0.735,0.577,,CONFIRMED
EVID_000461,CASE_0290,FIR,FIR_0290,PERSON_0917,PERSON_1139,2025-12-19 06:17:14,Standalone synthetic case; limited relational clues in narrative.,0.553,0.572,,CONFIRMED
EVID_000462,CASE_0291,FIR,FIR_0291,PERSON_1040,PERSON_0100,2025-10-11 04:27:25,Standalone synthetic case; limited relational clues in narrative.,0.673,0.941,,CONFIRMED
EVID_000464,CASE_0293,FIR,FIR_0293,PERSON_1246,PERSON_1316,2024-12-29 20:48:46,Standalone synthetic case; limited relational clues in narrative.,0.693,0.944,,CONFIRMED
EVID_000466,CASE_0295,FIR,FIR_0295,PERSON_1274,PERSON_1097,2024-12-26 00:30:38,Standalone synthetic case; limited relational clues in narrative.,0.656,0.745,,CONFIRMED
EVID_000467,CASE_0296,FIR,FIR_0296,PERSON_0330,PERSON_1300,2025-11-06 08:00:55,Standalone synthetic case; limited relational clues in narrative.,0.711,0.812,,CONFIRMED
EVID_000469,CASE_0298,FIR,FIR_0298,PERSON_1493,PERSON_1492,2025-05-04 10:38:54,Standalone synthetic case; limited relational clues in narrative.,0.679,0.619,,CONFIRMED
EVID_000471,CASE_0300,FIR,FIR_0300,PERSON_1365,PERSON_0859,2025-06-24 04:45:16,Standalone synthetic case; limited relational clues in narrative.,0.751,0.547,,CONFIRMED
EVID_000472,CASE_0001,SURVEILLANCE,SURV_00001,Swati Chauhan,VEHICLE_00001,2025-02-22 21:50:28,Swati Chauhan was clearly identified near LOCATION_0211 meeting with an associate.,0.672,0.841,,LIKELY
EVID_000473,CASE_0001,SURVEILLANCE,SURV_00002,Vivek Joshi,VEHICLE_00002,2025-07-24 16:37:44,Vivek Joshi was clearly identified near LOCATION_0101 meeting with an associate.,0.683,0.574,,LIKELY
EVID_000474,CASE_0001,SURVEILLANCE,SURV_00003,V. Tiwari,VEHICLE_00003,2026-04-19 07:28:58,A male individual resembling V. Tiwari was observed near LOCATION_0141.,0.608,0.517,,LIKELY
EVID_000475,CASE_0002,SURVEILLANCE,SURV_00004,NaveenSaxena,VEHICLE_00006,2025-04-14 13:44:06,A male individual resembling NaveenSaxena was observed near LOCATION_0242.,0.815,0.89,,LIKELY
EVID_000476,CASE_0002,SURVEILLANCE,SURV_00005,S. Saxena,VEHICLE_00007,2025-08-03 21:44:59,A male individual resembling S. Saxena was observed near LOCATION_0202.,0.87,0.841,,LIKELY
EVID_000477,CASE_0002,SURVEILLANCE,SURV_00006,Ritu P.,VEHICLE_00008,2026-02-28 15:27:59,A male individual resembling Ritu P. was observed near LOCATION_0092.,0.68,0.785,,LIKELY
EVID_000490,CASE_0007,SURVEILLANCE,SURV_00019,Priya N.,VEHICLE_00043,2025-03-22 05:16:30,A male individual resembling Priya N. was observed near LOCATION_0247.,0.712,0.899,,LIKELY
EVID_000491,CASE_0007,SURVEILLANCE,SURV_00020,Suresh Reddy,VEHICLE_00044,2025-12-28 23:32:26,Suresh Reddy was clearly identified near LOCATION_0037 meeting with an associate.,0.68,0.972,,LIKELY
EVID_000492,CASE_0007,SURVEILLANCE,SURV_00021,Alka Kulkarni,VEHICLE_00045,2025-07-05 00:14:42,Alka Kulkarni was clearly identified near LOCATION_0227 meeting with an associate.,0.725,0.602,,LIKELY
EVID_000493,CASE_0008,SURVEILLANCE,SURV_00022,Mohit R.,VEHICLE_00052,2025-09-22 23:41:51,A male individual resembling Mohit R. was observed near LOCATION_0278.,0.637,0.589,,LIKELY
EVID_000494,CASE_0008,SURVEILLANCE,SURV_00023,T. Pandey,VEHICLE_00053,2026-02-06 12:38:35,A male individual resembling T. Pandey was observed near LOCATION_0088.,0.705,0.674,,LIKELY
EVID_000495,CASE_0008,SURVEILLANCE,SURV_00024,KIRTI MISHRA,VEHICLE_00054,2026-04-28 17:38:12,A male individual resembling KIRTI MISHRA was observed near LOCATION_0188.,0.641,0.827,,LIKELY
EVID_000496,CASE_0009,SURVEILLANCE,SURV_00025,PANKAJ VERMA,VEHICLE_00055,2025-12-03 18:14:55,A male individual resembling PANKAJ VERMA was observed near LOCATION_0079.,0.855,0.569,,LIKELY
EVID_000497,CASE_0009,SURVEILLANCE,SURV_00026,Neha Bhatt,VEHICLE_00056,2025-06-13 17:12:43,Neha Bhatt was clearly identified near LOCATION_0299 meeting with an associate.,0.857,0.765,,LIKELY
EVID_000498,CASE_0009,SURVEILLANCE,SURV_00027,Kirti Gupta,VEHICLE_00057,2026-04-06 01:45:20,Kirti Gupta was clearly identified near LOCATION_0269 meeting with an associate.,0.63,0.567,,LIKELY
EVID_000499,CASE_0010,SURVEILLANCE,SURV_00028,A. Gupta,VEHICLE_00064,2025-02-25 21:52:02,A male individual resembling A. Gupta was observed near LOCATION_0100.,0.698,0.729,,LIKELY
EVID_000500,CASE_0010,SURVEILLANCE,SURV_00029,Ravi Joshi,VEHICLE_00065,2025-03-26 16:12:27,Ravi Joshi was clearly identified near LOCATION_0280 meeting with an associate.,0.635,0.631,,LIKELY
EVID_000501,CASE_0010,SURVEILLANCE,SURV_00030,VIKRAM AGARWAL,VEHICLE_00066,2025-03-31 23:24:25,A male individual resembling VIKRAM AGARWAL was observed near LOCATION_0230.,0.806,0.844,,LIKELY
EVID_000502,CASE_0011,SURVEILLANCE,SURV_00031,Sanjay Joshi,VEHICLE_00069,2025-03-03 02:39:12,Sanjay Joshi was clearly identified near LOCATION_0221 meeting with an associate.,0.786,0.703,,LIKELY
EVID_000503,CASE_0011,SURVEILLANCE,SURV_00032,Anita Chauhan,VEHICLE_00752,2025-08-24 18:59:06,Anita Chauhan was clearly identified near LOCATION_0021 meeting with an associate.,0.772,0.881,,LIKELY
EVID_000504,CASE_0011,SURVEILLANCE,SURV_00033,Kirti Saxena,VEHICLE_00070,2025-10-18 03:21:05,Kirti Saxena was clearly identified near LOCATION_0061 meeting with an associate.,0.809,0.659,,LIKELY
EVID_000505,CASE_0012,SURVEILLANCE,SURV_00034,Amit Kulkarni,VEHICLE_00077,2025-03-08 05:13:37,Amit Kulkarni was clearly identified near LOCATION_0202 meeting with an associate.,0.608,0.598,,LIKELY
EVID_000506,CASE_0012,SURVEILLANCE,SURV_00035,Meena Bansal,VEHICLE_00078,2026-04-07 12:41:32,Meena Bansal was clearly identified near LOCATION_0142 meeting with an associate.,0.758,0.946,,LIKELY
EVID_000507,CASE_0012,SURVEILLANCE,SURV_00036,Swati Singh,VEHICLE_00079,2025-01-07 14:58:57,Swati Singh was clearly identified near LOCATION_0092 meeting with an associate.,0.815,0.539,,LIKELY
EVID_000509,CASE_0001,INTELLIGENCE_REPORT,INTEL_00002,PERSON_1459,ORG_0054,2025-08-12 15:49:23,Unverified report suggests financial support is being routed through an intermediary.,0.478,0.9,,UNKNOWN
EVID_000510,CASE_0002,INTELLIGENCE_REPORT,INTEL_00003,PERSON_1104,ORG_0204,2025-01-02 04:45:26,Source with prior reliable reporting indicates increased contact frequency before an incident.,0.794,0.65,,LIKELY
EVID_000511,CASE_0002,INTELLIGENCE_REPORT,INTEL_00004,PERSON_0809,ORG_0204,2025-07-28 20:45:46,Source with prior reliable reporting indicates increased contact frequency before an incident.,0.324,0.882,,LIKELY
EVID_000520,CASE_0007,INTELLIGENCE_REPORT,INTEL_00013,PERSON_1499,ORG_0183,2026-03-19 17:11:17,Source with prior reliable reporting indicates increased contact frequency before an incident.,0.56,0.693,,LIKELY
EVID_000521,CASE_0007,INTELLIGENCE_REPORT,INTEL_00014,PERSON_1303,ORG_0183,2025-03-09 22:39:23,Source indicates the subject may be coordinating activities with an associate network.,0.329,0.502,,LIKELY
EVID_000522,CASE_0008,INTELLIGENCE_REPORT,INTEL_00015,PERSON_0398,ORG_0182,2025-05-02 23:35:59,Field source reports subject was seen meeting with unidentified associates.,0.515,0.652,,LIKELY
EVID_000523,CASE_0008,INTELLIGENCE_REPORT,INTEL_00016,PERSON_0785,ORG_0182,2025-08-17 13:27:17,Field source reports subject was seen meeting with unidentified associates.,0.716,0.755,,LIKELY
EVID_000524,CASE_0009,INTELLIGENCE_REPORT,INTEL_00017,PERSON_0671,ORG_0255,2025-08-22 21:54:28,Field source reports subject was seen meeting with unidentified associates.,0.501,0.612,,LIKELY
EVID_000525,CASE_0009,INTELLIGENCE_REPORT,INTEL_00018,PERSON_0945,ORG_0255,2025-11-20 22:14:21,Source indicates the subject may be coordinating activities with an associate network.,0.554,0.937,,LIKELY
EVID_000526,CASE_0010,INTELLIGENCE_REPORT,INTEL_00019,PERSON_0104,ORG_0119,2025-08-04 22:42:30,Low-confidence tip regarding possible involvement in ongoing case activity.,0.493,0.855,,LIKELY
EVID_000527,CASE_0010,INTELLIGENCE_REPORT,INTEL_00020,PERSON_0030,ORG_0119,2025-10-14 21:02:55,Low-confidence tip regarding possible involvement in ongoing case activity.,0.842,0.705,,LIKELY
EVID_000528,CASE_0011,INTELLIGENCE_REPORT,INTEL_00021,PERSON_1242,ORG_0015,2025-06-08 22:02:43,Field source reports subject was seen meeting with unidentified associates.,0.698,0.737,,LIKELY
EVID_000529,CASE_0011,INTELLIGENCE_REPORT,INTEL_00022,PERSON_1376,ORG_0015,2025-01-22 17:35:15,Low-confidence tip regarding possible involvement in ongoing case activity.,0.544,0.853,,LIKELY
EVID_000530,CASE_0012,INTELLIGENCE_REPORT,INTEL_00023,PERSON_0423,ORG_0116,2026-01-14 07:09:40,Source indicates the subject may be coordinating activities with an associate network.,0.386,0.773,,UNKNOWN
EVID_000531,CASE_0012,INTELLIGENCE_REPORT,INTEL_00024,PERSON_0725,ORG_0116,2025-11-18 00:49:47,Field source reports subject was seen meeting with unidentified associates.,0.304,0.845,,UNKNOWN
